Started GET "/" for ::1 at 2025-05-28 21:12:08 +0530
  [1m[35m (0.3ms)[0m  [1m[35mCREATE TABLE "schema_migrations" ("version" varchar NOT NULL PRIMARY KEY) /*application='UserManagement'*/[0m
  [1m[35m (0.1ms)[0m  [1m[35mCREATE TABLE "ar_internal_metadata" ("key" varchar NOT NULL PRIMARY KEY, "value" varchar, "created_at" datetime(6) NOT NULL, "updated_at" datetime(6) NOT NULL) /*application='UserManagement'*/[0m
  [1m[36mActiveRecord::SchemaMigration Load (0.1ms)[0m  [1m[34mSELECT "schema_migrations"."version" FROM "schema_migrations" ORDER BY "schema_migrations"."version" ASC /*application='UserManagement'*/[0m
Processing by Rails::WelcomeController#index as HTML
  Rendering /Users/venkatbalaji/.rbenv/versions/3.4.4/lib/ruby/gems/3.4.0/gems/railties-8.0.2/lib/rails/templates/rails/welcome/index.html.erb
  Rendered /Users/venkatbalaji/.rbenv/versions/3.4.4/lib/ruby/gems/3.4.0/gems/railties-8.0.2/lib/rails/templates/rails/welcome/index.html.erb (Duration: 0.3ms | GC: 0.0ms)
Completed 200 OK in 57ms (Views: 3.3ms | ActiveRecord: 0.0ms (0 queries, 0 cached) | GC: 0.0ms)


Started GET "/user/index" for ::1 at 2025-05-28 21:15:14 +0530
  [1m[36mActiveRecord::SchemaMigration Load (0.1ms)[0m  [1m[34mSELECT "schema_migrations"."version" FROM "schema_migrations" ORDER BY "schema_migrations"."version" ASC /*application='UserManagement'*/[0m
Processing by UserController#index as HTML
  Rendering layout layouts/application.html.erb
  Rendering user/index.html.erb within layouts/application
  Rendered user/index.html.erb within layouts/application (Duration: 0.2ms | GC: 0.0ms)
  Rendered layout layouts/application.html.erb (Duration: 6.1ms | GC: 0.0ms)
Completed 200 OK in 59ms (Views: 7.7ms | ActiveRecord: 0.0ms (0 queries, 0 cached) | GC: 0.1ms)


Started GET "/assets/application-8b441ae0.css" for ::1 at 2025-05-28 21:15:15 +0530
Started GET "/assets/application-bfcdf840.js" for ::1 at 2025-05-28 21:15:15 +0530
Started GET "/assets/controllers/application-3affb389.js" for ::1 at 2025-05-28 21:15:15 +0530
Started GET "/assets/controllers/hello_controller-708796bd.js" for ::1 at 2025-05-28 21:15:15 +0530
Started GET "/assets/controllers/index-ee64e1f1.js" for ::1 at 2025-05-28 21:15:15 +0530
Started GET "/assets/stimulus.min-4b1e420e.js" for ::1 at 2025-05-28 21:15:15 +0530
Started GET "/assets/turbo.min-1262d735.js" for ::1 at 2025-05-28 21:15:15 +0530
Started GET "/assets/stimulus-loading-1fc53fe7.js" for ::1 at 2025-05-28 21:15:15 +0530
Started GET "/user/index" for ::1 at 2025-05-28 21:16:25 +0530
  
ActionController::RoutingError (No route matches [GET] "/user/index"):
  
Started GET "/favicon.ico" for ::1 at 2025-05-28 21:16:25 +0530
  
ActionController::RoutingError (No route matches [GET] "/favicon.ico"):
  
Started GET "/" for ::1 at 2025-05-28 21:16:29 +0530
Processing by UserController#index as HTML
  Rendering layout layouts/application.html.erb
  Rendering user/index.html.erb within layouts/application
  Rendered user/index.html.erb within layouts/application (Duration: 0.2ms | GC: 0.0ms)
  Rendered layout layouts/application.html.erb (Duration: 2.4ms | GC: 0.4ms)
Completed 200 OK in 48ms (Views: 3.6ms | ActiveRecord: 0.0ms (0 queries, 0 cached) | GC: 0.4ms)


Started GET "/up" for ::1 at 2025-05-28 21:16:40 +0530
Processing by Rails::HealthController#show as HTML
  Rendering html template
  Rendered html template (Duration: 0.1ms | GC: 0.0ms)
Completed 200 OK in 44ms (Views: 2.2ms | ActiveRecord: 0.0ms (0 queries, 0 cached) | GC: 0.0ms)


Started GET "/down" for ::1 at 2025-05-28 21:16:44 +0530
  
ActionController::RoutingError (No route matches [GET] "/down"):
  
Started GET "/" for ::1 at 2025-05-28 21:16:48 +0530
Processing by UserController#index as HTML
  Rendering layout layouts/application.html.erb
  Rendering user/index.html.erb within layouts/application
  Rendered user/index.html.erb within layouts/application (Duration: 0.1ms | GC: 0.0ms)
  Rendered layout layouts/application.html.erb (Duration: 0.7ms | GC: 0.0ms)
Completed 200 OK in 27ms (Views: 1.1ms | ActiveRecord: 0.0ms (0 queries, 0 cached) | GC: 0.0ms)


Started GET "/" for ::1 at 2025-05-28 21:16:56 +0530
Processing by UserController#index as HTML
  Rendering layout layouts/application.html.erb
  Rendering user/index.html.erb within layouts/application
  Rendered user/index.html.erb within layouts/application (Duration: 0.1ms | GC: 0.0ms)
  Rendered layout layouts/application.html.erb (Duration: 1.6ms | GC: 0.3ms)
Completed 200 OK in 23ms (Views: 2.4ms | ActiveRecord: 0.0ms (0 queries, 0 cached) | GC: 0.3ms)


Started GET "/" for ::1 at 2025-05-29 07:55:01 +0530
  [1m[36mActiveRecord::SchemaMigration Load (0.2ms)[0m  [1m[34mSELECT "schema_migrations"."version" FROM "schema_migrations" ORDER BY "schema_migrations"."version" ASC /*application='UserManagement'*/[0m
Processing by UserController#index as HTML
  Rendering layout layouts/application.html.erb
  Rendering user/index.html.erb within layouts/application
  Rendered user/index.html.erb within layouts/application (Duration: 0.1ms | GC: 0.0ms)
  Rendered layout layouts/application.html.erb (Duration: 5.7ms | GC: 0.0ms)
Completed 200 OK in 60ms (Views: 7.3ms | ActiveRecord: 0.0ms (0 queries, 0 cached) | GC: 0.1ms)


Started GET "/" for ::1 at 2025-05-29 07:55:04 +0530
Processing by UserController#index as HTML
  Rendering layout layouts/application.html.erb
  Rendering user/index.html.erb within layouts/application
  Rendered user/index.html.erb within layouts/application (Duration: 0.1ms | GC: 0.0ms)
  Rendered layout layouts/application.html.erb (Duration: 4.9ms | GC: 0.0ms)
Completed 200 OK in 45ms (Views: 5.3ms | ActiveRecord: 0.0ms (0 queries, 0 cached) | GC: 0.0ms)


  [1m[35m (132.0ms)[0m  [1m[35mCREATE DATABASE "myapp_development" ENCODING = 'unicode' /*application='UserManagement'*/[0m
  [1m[35mSQL (0.1ms)[0m  [1m[35mSET search_path TO public /*application='UserManagement'*/[0m
  [1m[35m (179.2ms)[0m  [1m[35mCREATE DATABASE "myapp_development" ENCODING = 'unicode' /*application='UserManagement'*/[0m
  [1m[35mSQL (0.2ms)[0m  [1m[35mSET search_path TO public /*application='UserManagement'*/[0m
  [1m[35m (50.6ms)[0m  [1m[35mCREATE DATABASE "myapp_test" ENCODING = 'unicode' /*application='UserManagement'*/[0m
  [1m[35mSQL (0.1ms)[0m  [1m[35mSET search_path TO public /*application='UserManagement'*/[0m
  [1m[35m (109.9ms)[0m  [1m[35mCREATE DATABASE "user_management_dev" ENCODING = 'unicode' /*application='UserManagement'*/[0m
  [1m[35mSQL (0.1ms)[0m  [1m[35mSET search_path TO public /*application='UserManagement'*/[0m
  [1m[35m (46.9ms)[0m  [1m[35mCREATE DATABASE "user_management_test" ENCODING = 'unicode' /*application='UserManagement'*/[0m
  [1m[35m (21.0ms)[0m  [1m[35mCREATE TABLE "schema_migrations" ("version" character varying NOT NULL PRIMARY KEY) /*application='UserManagement'*/[0m
  [1m[35m (4.8ms)[0m  [1m[35mCREATE TABLE "ar_internal_metadata" ("key" character varying NOT NULL PRIMARY KEY, "value" character varying, "created_at" timestamp(6) NOT NULL, "updated_at" timestamp(6) NOT NULL) /*application='UserManagement'*/[0m
  [1m[35m (0.2ms)[0m  [1m[34mSELECT pg_try_advisory_lock(8478641152927346625) /*application='UserManagement'*/[0m
  [1m[36mActiveRecord::SchemaMigration Load (1.4ms)[0m  [1m[34mSELECT "schema_migrations"."version" FROM "schema_migrations" ORDER BY "schema_migrations"."version" ASC /*application='UserManagement'*/[0m
  [1m[36mActiveRecord::InternalMetadata Load (3.1ms)[0m  [1m[34mSELECT * FROM "ar_internal_metadata" WHERE "ar_internal_metadata"."key" = 'environment' ORDER BY "ar_internal_metadata"."key" ASC LIMIT 1 /*application='UserManagement'*/[0m
  [1m[36mActiveRecord::InternalMetadata Create (1.3ms)[0m  [1m[32mINSERT INTO "ar_internal_metadata" ("key", "value", "created_at", "updated_at") VALUES ('environment', 'development', '2025-05-29 02:40:35.902575', '2025-05-29 02:40:35.902576') RETURNING "key" /*application='UserManagement'*/[0m
Migrating to CreateUsers (20250529023926)
  [1m[35m (0.3ms)[0m  [1m[34mSELECT pg_advisory_unlock(8478641152927346625) /*application='UserManagement'*/[0m
  [1m[35m (0.2ms)[0m  [1m[34mSELECT pg_try_advisory_lock(8478641152927346625) /*application='UserManagement'*/[0m
  [1m[36mActiveRecord::SchemaMigration Load (1.1ms)[0m  [1m[34mSELECT "schema_migrations"."version" FROM "schema_migrations" ORDER BY "schema_migrations"."version" ASC /*application='UserManagement'*/[0m
  [1m[36mActiveRecord::InternalMetadata Load (1.0ms)[0m  [1m[34mSELECT * FROM "ar_internal_metadata" WHERE "ar_internal_metadata"."key" = 'environment' ORDER BY "ar_internal_metadata"."key" ASC LIMIT 1 /*application='UserManagement'*/[0m
Migrating to CreateUsers (20250529023926)
  [1m[36mTRANSACTION (0.1ms)[0m  [1m[35mBEGIN /*application='UserManagement'*/[0m
  [1m[35m (11.5ms)[0m  [1m[35mCREATE TABLE "users" ("id" bigserial primary key, "name" character varying, "email" character varying, "password_digest" character varying, "created_at" timestamp(6) NOT NULL, "updated_at" timestamp(6) NOT NULL) /*application='UserManagement'*/[0m
  [1m[36mActiveRecord::SchemaMigration Create (0.7ms)[0m  [1m[32mINSERT INTO "schema_migrations" ("version") VALUES ('20250529023926') RETURNING "version" /*application='UserManagement'*/[0m
  [1m[36mTRANSACTION (0.5ms)[0m  [1m[35mCOMMIT /*application='UserManagement'*/[0m
  [1m[35m (0.4ms)[0m  [1m[34mSELECT pg_advisory_unlock(8478641152927346625) /*application='UserManagement'*/[0m
  [1m[36mActiveRecord::SchemaMigration Load (0.2ms)[0m  [1m[34mSELECT "schema_migrations"."version" FROM "schema_migrations" ORDER BY "schema_migrations"."version" ASC /*application='UserManagement'*/[0m
  [1m[35m (0.3ms)[0m  [1m[34mSELECT pg_try_advisory_lock(8478641152927346625) /*application='UserManagement'*/[0m
  [1m[36mActiveRecord::SchemaMigration Load (1.7ms)[0m  [1m[34mSELECT "schema_migrations"."version" FROM "schema_migrations" ORDER BY "schema_migrations"."version" ASC /*application='UserManagement'*/[0m
  [1m[36mActiveRecord::InternalMetadata Load (0.9ms)[0m  [1m[34mSELECT * FROM "ar_internal_metadata" WHERE "ar_internal_metadata"."key" = 'environment' ORDER BY "ar_internal_metadata"."key" ASC LIMIT 1 /*application='UserManagement'*/[0m
Migrating to UserEmailUniq (20250529024225)
  [1m[35m (0.2ms)[0m  [1m[34mSELECT pg_advisory_unlock(8478641152927346625) /*application='UserManagement'*/[0m
  [1m[35m (0.2ms)[0m  [1m[34mSELECT pg_try_advisory_lock(8478641152927346625) /*application='UserManagement'*/[0m
  [1m[36mActiveRecord::SchemaMigration Load (1.3ms)[0m  [1m[34mSELECT "schema_migrations"."version" FROM "schema_migrations" ORDER BY "schema_migrations"."version" ASC /*application='UserManagement'*/[0m
  [1m[36mActiveRecord::InternalMetadata Load (1.2ms)[0m  [1m[34mSELECT * FROM "ar_internal_metadata" WHERE "ar_internal_metadata"."key" = 'environment' ORDER BY "ar_internal_metadata"."key" ASC LIMIT 1 /*application='UserManagement'*/[0m
Migrating to UserEmailUniq (20250529024225)
  [1m[36mTRANSACTION (0.1ms)[0m  [1m[35mBEGIN /*application='UserManagement'*/[0m
  [1m[35m (4.3ms)[0m  [1m[35mCREATE UNIQUE INDEX "index_users_on_email" ON "users" ("email") /*application='UserManagement'*/[0m
  [1m[36mTRANSACTION (0.9ms)[0m  [1m[31mROLLBACK /*application='UserManagement'*/[0m
  [1m[35m (0.2ms)[0m  [1m[34mSELECT pg_advisory_unlock(8478641152927346625) /*application='UserManagement'*/[0m
  [1m[35m (0.2ms)[0m  [1m[34mSELECT pg_try_advisory_lock(8478641152927346625) /*application='UserManagement'*/[0m
  [1m[36mActiveRecord::SchemaMigration Load (1.3ms)[0m  [1m[34mSELECT "schema_migrations"."version" FROM "schema_migrations" ORDER BY "schema_migrations"."version" ASC /*application='UserManagement'*/[0m
  [1m[36mActiveRecord::InternalMetadata Load (1.4ms)[0m  [1m[34mSELECT * FROM "ar_internal_metadata" WHERE "ar_internal_metadata"."key" = 'environment' ORDER BY "ar_internal_metadata"."key" ASC LIMIT 1 /*application='UserManagement'*/[0m
Migrating to UserEmailUniq (20250529024225)
  [1m[36mTRANSACTION (0.1ms)[0m  [1m[35mBEGIN /*application='UserManagement'*/[0m
  [1m[35m (2.9ms)[0m  [1m[35mCREATE UNIQUE INDEX "index_users_on_email" ON "users" ("email") /*application='UserManagement'*/[0m
  [1m[36mTRANSACTION (0.9ms)[0m  [1m[31mROLLBACK /*application='UserManagement'*/[0m
  [1m[35m (0.3ms)[0m  [1m[34mSELECT pg_advisory_unlock(8478641152927346625) /*application='UserManagement'*/[0m
  [1m[36mActiveRecord::SchemaMigration Load (1.1ms)[0m  [1m[34mSELECT "schema_migrations"."version" FROM "schema_migrations" ORDER BY "schema_migrations"."version" ASC /*application='UserManagement'*/[0m
  [1m[35m (0.3ms)[0m  [1m[34mSELECT pg_try_advisory_lock(8478641152927346625) /*application='UserManagement'*/[0m
  [1m[36mActiveRecord::SchemaMigration Load (1.2ms)[0m  [1m[34mSELECT "schema_migrations"."version" FROM "schema_migrations" ORDER BY "schema_migrations"."version" ASC /*application='UserManagement'*/[0m
  [1m[36mActiveRecord::InternalMetadata Load (1.2ms)[0m  [1m[34mSELECT * FROM "ar_internal_metadata" WHERE "ar_internal_metadata"."key" = 'environment' ORDER BY "ar_internal_metadata"."key" ASC LIMIT 1 /*application='UserManagement'*/[0m
Migrating to UserEmailUniq (20250529024225)
  [1m[36mTRANSACTION (0.2ms)[0m  [1m[35mBEGIN /*application='UserManagement'*/[0m
  [1m[35m (3.5ms)[0m  [1m[35mCREATE UNIQUE INDEX "index_users_on_email" ON "users" ("email") /*application='UserManagement'*/[0m
  [1m[36mTRANSACTION (0.8ms)[0m  [1m[31mROLLBACK /*application='UserManagement'*/[0m
  [1m[35m (0.3ms)[0m  [1m[34mSELECT pg_advisory_unlock(8478641152927346625) /*application='UserManagement'*/[0m
  [1m[35m (0.2ms)[0m  [1m[34mSELECT pg_try_advisory_lock(8478641152927346625) /*application='UserManagement'*/[0m
  [1m[36mActiveRecord::SchemaMigration Load (1.3ms)[0m  [1m[34mSELECT "schema_migrations"."version" FROM "schema_migrations" ORDER BY "schema_migrations"."version" ASC /*application='UserManagement'*/[0m
  [1m[36mActiveRecord::InternalMetadata Load (1.3ms)[0m  [1m[34mSELECT * FROM "ar_internal_metadata" WHERE "ar_internal_metadata"."key" = 'environment' ORDER BY "ar_internal_metadata"."key" ASC LIMIT 1 /*application='UserManagement'*/[0m
Migrating to UserEmailUniq (20250529024225)
  [1m[36mTRANSACTION (0.1ms)[0m  [1m[35mBEGIN /*application='UserManagement'*/[0m
  [1m[35m (1.6ms)[0m  [1m[35mALTER TABLE "users" ALTER COLUMN "email" SET NOT NULL /*application='UserManagement'*/[0m
  [1m[35m (3.1ms)[0m  [1m[35mCREATE UNIQUE INDEX "index_users_on_email" ON "users" ("email") /*application='UserManagement'*/[0m
  [1m[35m (0.3ms)[0m  [1m[35mALTER TABLE "users" ALTER COLUMN "password_digest" SET NOT NULL /*application='UserManagement'*/[0m
  [1m[36mActiveRecord::SchemaMigration Create (0.4ms)[0m  [1m[32mINSERT INTO "schema_migrations" ("version") VALUES ('20250529024225') RETURNING "version" /*application='UserManagement'*/[0m
  [1m[36mTRANSACTION (0.8ms)[0m  [1m[35mCOMMIT /*application='UserManagement'*/[0m
  [1m[35m (0.2ms)[0m  [1m[34mSELECT pg_advisory_unlock(8478641152927346625) /*application='UserManagement'*/[0m
  [1m[36mActiveRecord::SchemaMigration Load (0.3ms)[0m  [1m[34mSELECT "schema_migrations"."version" FROM "schema_migrations" ORDER BY "schema_migrations"."version" ASC /*application='UserManagement'*/[0m
Started GET "/" for ::1 at 2025-05-29 09:43:03 +0530
  [1m[36mActiveRecord::SchemaMigration Load (2.0ms)[0m  [1m[34mSELECT "schema_migrations"."version" FROM "schema_migrations" ORDER BY "schema_migrations"."version" ASC /*application='UserManagement'*/[0m
  
ActionController::RoutingError (uninitialized constant SessionsController)
Caused by: ActionDispatch::MissingController (uninitialized constant SessionsController)
Caused by: NameError (uninitialized constant SessionsController)

Information for: ActionController::RoutingError (uninitialized constant SessionsController):
  

Information for cause: ActionDispatch::MissingController (uninitialized constant SessionsController):
  
actionpack (8.0.2) lib/action_dispatch/http/request.rb:102:in 'ActionDispatch::Request#controller_class_for'
actionpack (8.0.2) lib/action_dispatch/http/request.rb:91:in 'ActionDispatch::Request#controller_class'
actionpack (8.0.2) lib/action_dispatch/routing/route_set.rb:61:in 'ActionDispatch::Routing::RouteSet::Dispatcher#controller'
actionpack (8.0.2) lib/action_dispatch/routing/route_set.rb:48:in 'ActionDispatch::Routing::RouteSet::Dispatcher#serve'
actionpack (8.0.2) lib/action_dispatch/journey/router.rb:53:in 'block in ActionDispatch::Journey::Router#serve'
actionpack (8.0.2) lib/action_dispatch/journey/router.rb:133:in 'block in ActionDispatch::Journey::Router#find_routes'
actionpack (8.0.2) lib/action_dispatch/journey/router.rb:126:in 'Array#each'
actionpack (8.0.2) lib/action_dispatch/journey/router.rb:126:in 'ActionDispatch::Journey::Router#find_routes'
actionpack (8.0.2) lib/action_dispatch/journey/router.rb:34:in 'ActionDispatch::Journey::Router#serve'
actionpack (8.0.2) lib/action_dispatch/routing/route_set.rb:908:in 'ActionDispatch::Routing::RouteSet#call'
railties (8.0.2) lib/rails/engine/lazy_route_set.rb:68:in 'Rails::Engine::LazyRouteSet#call'
rack (3.1.15) lib/rack/tempfile_reaper.rb:20:in 'Rack::TempfileReaper#call'
rack (3.1.15) lib/rack/etag.rb:29:in 'Rack::ETag#call'
rack (3.1.15) lib/rack/conditional_get.rb:31:in 'Rack::ConditionalGet#call'
rack (3.1.15) lib/rack/head.rb:15:in 'Rack::Head#call'
actionpack (8.0.2) lib/action_dispatch/http/permissions_policy.rb:38:in 'ActionDispatch::PermissionsPolicy::Middleware#call'
actionpack (8.0.2) lib/action_dispatch/http/content_security_policy.rb:38:in 'ActionDispatch::ContentSecurityPolicy::Middleware#call'
rack-session (2.1.1) lib/rack/session/abstract/id.rb:274:in 'Rack::Session::Abstract::Persisted#context'
rack-session (2.1.1) lib/rack/session/abstract/id.rb:268:in 'Rack::Session::Abstract::Persisted#call'
actionpack (8.0.2) lib/action_dispatch/middleware/cookies.rb:706:in 'ActionDispatch::Cookies#call'
activerecord (8.0.2) lib/active_record/migration.rb:671:in 'ActiveRecord::Migration::CheckPending#call'
actionpack (8.0.2) lib/action_dispatch/middleware/callbacks.rb:31:in 'block in ActionDispatch::Callbacks#call'
activesupport (8.0.2) lib/active_support/callbacks.rb:100:in 'ActiveSupport::Callbacks#run_callbacks'
actionpack (8.0.2) lib/action_dispatch/middleware/callbacks.rb:30:in 'ActionDispatch::Callbacks#call'
actionpack (8.0.2) lib/action_dispatch/middleware/executor.rb:16:in 'ActionDispatch::Executor#call'
actionpack (8.0.2) lib/action_dispatch/middleware/actionable_exceptions.rb:18:in 'ActionDispatch::ActionableExceptions#call'
actionpack (8.0.2) lib/action_dispatch/middleware/debug_exceptions.rb:31:in 'ActionDispatch::DebugExceptions#call'
web-console (4.2.1) lib/web_console/middleware.rb:132:in 'WebConsole::Middleware#call_app'
web-console (4.2.1) lib/web_console/middleware.rb:28:in 'block in WebConsole::Middleware#call'
web-console (4.2.1) lib/web_console/middleware.rb:17:in 'Kernel#catch'
web-console (4.2.1) lib/web_console/middleware.rb:17:in 'WebConsole::Middleware#call'
actionpack (8.0.2) lib/action_dispatch/middleware/show_exceptions.rb:32:in 'ActionDispatch::ShowExceptions#call'
railties (8.0.2) lib/rails/rack/logger.rb:41:in 'Rails::Rack::Logger#call_app'
railties (8.0.2) lib/rails/rack/logger.rb:29:in 'Rails::Rack::Logger#call'
actionpack (8.0.2) lib/action_dispatch/middleware/remote_ip.rb:96:in 'ActionDispatch::RemoteIp#call'
actionpack (8.0.2) lib/action_dispatch/middleware/request_id.rb:34:in 'ActionDispatch::RequestId#call'
rack (3.1.15) lib/rack/method_override.rb:28:in 'Rack::MethodOverride#call'
rack (3.1.15) lib/rack/runtime.rb:24:in 'Rack::Runtime#call'
actionpack (8.0.2) lib/action_dispatch/middleware/server_timing.rb:61:in 'block in ActionDispatch::ServerTiming#call'
actionpack (8.0.2) lib/action_dispatch/middleware/server_timing.rb:26:in 'ActionDispatch::ServerTiming::Subscriber#collect_events'
actionpack (8.0.2) lib/action_dispatch/middleware/server_timing.rb:60:in 'ActionDispatch::ServerTiming#call'
actionpack (8.0.2) lib/action_dispatch/middleware/executor.rb:16:in 'ActionDispatch::Executor#call'
actionpack (8.0.2) lib/action_dispatch/middleware/static.rb:27:in 'ActionDispatch::Static#call'
rack (3.1.15) lib/rack/sendfile.rb:114:in 'Rack::Sendfile#call'
actionpack (8.0.2) lib/action_dispatch/middleware/host_authorization.rb:143:in 'ActionDispatch::HostAuthorization#call'
railties (8.0.2) lib/rails/engine.rb:535:in 'Rails::Engine#call'
puma (6.6.0) lib/puma/configuration.rb:279:in 'Puma::Configuration::ConfigMiddleware#call'
puma (6.6.0) lib/puma/request.rb:99:in 'block in Puma::Request#handle_request'
puma (6.6.0) lib/puma/thread_pool.rb:390:in 'Puma::ThreadPool#with_force_shutdown'
puma (6.6.0) lib/puma/request.rb:98:in 'Puma::Request#handle_request'
puma (6.6.0) lib/puma/server.rb:472:in 'Puma::Server#process_client'
puma (6.6.0) lib/puma/server.rb:254:in 'block in Puma::Server#run'
puma (6.6.0) lib/puma/thread_pool.rb:167:in 'block in Puma::ThreadPool#spawn_thread'

Information for cause: NameError (uninitialized constant SessionsController):
  
activesupport (8.0.2) lib/active_support/inflector/methods.rb:290:in 'ActiveSupport::Inflector#constantize'
activesupport (8.0.2) lib/active_support/core_ext/string/inflections.rb:74:in 'String#constantize'
actionpack (8.0.2) lib/action_dispatch/http/request.rb:99:in 'ActionDispatch::Request#controller_class_for'
actionpack (8.0.2) lib/action_dispatch/http/request.rb:91:in 'ActionDispatch::Request#controller_class'
actionpack (8.0.2) lib/action_dispatch/routing/route_set.rb:61:in 'ActionDispatch::Routing::RouteSet::Dispatcher#controller'
actionpack (8.0.2) lib/action_dispatch/routing/route_set.rb:48:in 'ActionDispatch::Routing::RouteSet::Dispatcher#serve'
actionpack (8.0.2) lib/action_dispatch/journey/router.rb:53:in 'block in ActionDispatch::Journey::Router#serve'
actionpack (8.0.2) lib/action_dispatch/journey/router.rb:133:in 'block in ActionDispatch::Journey::Router#find_routes'
actionpack (8.0.2) lib/action_dispatch/journey/router.rb:126:in 'Array#each'
actionpack (8.0.2) lib/action_dispatch/journey/router.rb:126:in 'ActionDispatch::Journey::Router#find_routes'
actionpack (8.0.2) lib/action_dispatch/journey/router.rb:34:in 'ActionDispatch::Journey::Router#serve'
actionpack (8.0.2) lib/action_dispatch/routing/route_set.rb:908:in 'ActionDispatch::Routing::RouteSet#call'
railties (8.0.2) lib/rails/engine/lazy_route_set.rb:68:in 'Rails::Engine::LazyRouteSet#call'
rack (3.1.15) lib/rack/tempfile_reaper.rb:20:in 'Rack::TempfileReaper#call'
rack (3.1.15) lib/rack/etag.rb:29:in 'Rack::ETag#call'
rack (3.1.15) lib/rack/conditional_get.rb:31:in 'Rack::ConditionalGet#call'
rack (3.1.15) lib/rack/head.rb:15:in 'Rack::Head#call'
actionpack (8.0.2) lib/action_dispatch/http/permissions_policy.rb:38:in 'ActionDispatch::PermissionsPolicy::Middleware#call'
actionpack (8.0.2) lib/action_dispatch/http/content_security_policy.rb:38:in 'ActionDispatch::ContentSecurityPolicy::Middleware#call'
rack-session (2.1.1) lib/rack/session/abstract/id.rb:274:in 'Rack::Session::Abstract::Persisted#context'
rack-session (2.1.1) lib/rack/session/abstract/id.rb:268:in 'Rack::Session::Abstract::Persisted#call'
actionpack (8.0.2) lib/action_dispatch/middleware/cookies.rb:706:in 'ActionDispatch::Cookies#call'
activerecord (8.0.2) lib/active_record/migration.rb:671:in 'ActiveRecord::Migration::CheckPending#call'
actionpack (8.0.2) lib/action_dispatch/middleware/callbacks.rb:31:in 'block in ActionDispatch::Callbacks#call'
activesupport (8.0.2) lib/active_support/callbacks.rb:100:in 'ActiveSupport::Callbacks#run_callbacks'
actionpack (8.0.2) lib/action_dispatch/middleware/callbacks.rb:30:in 'ActionDispatch::Callbacks#call'
actionpack (8.0.2) lib/action_dispatch/middleware/executor.rb:16:in 'ActionDispatch::Executor#call'
actionpack (8.0.2) lib/action_dispatch/middleware/actionable_exceptions.rb:18:in 'ActionDispatch::ActionableExceptions#call'
actionpack (8.0.2) lib/action_dispatch/middleware/debug_exceptions.rb:31:in 'ActionDispatch::DebugExceptions#call'
web-console (4.2.1) lib/web_console/middleware.rb:132:in 'WebConsole::Middleware#call_app'
web-console (4.2.1) lib/web_console/middleware.rb:28:in 'block in WebConsole::Middleware#call'
web-console (4.2.1) lib/web_console/middleware.rb:17:in 'Kernel#catch'
web-console (4.2.1) lib/web_console/middleware.rb:17:in 'WebConsole::Middleware#call'
actionpack (8.0.2) lib/action_dispatch/middleware/show_exceptions.rb:32:in 'ActionDispatch::ShowExceptions#call'
railties (8.0.2) lib/rails/rack/logger.rb:41:in 'Rails::Rack::Logger#call_app'
railties (8.0.2) lib/rails/rack/logger.rb:29:in 'Rails::Rack::Logger#call'
actionpack (8.0.2) lib/action_dispatch/middleware/remote_ip.rb:96:in 'ActionDispatch::RemoteIp#call'
actionpack (8.0.2) lib/action_dispatch/middleware/request_id.rb:34:in 'ActionDispatch::RequestId#call'
rack (3.1.15) lib/rack/method_override.rb:28:in 'Rack::MethodOverride#call'
rack (3.1.15) lib/rack/runtime.rb:24:in 'Rack::Runtime#call'
actionpack (8.0.2) lib/action_dispatch/middleware/server_timing.rb:61:in 'block in ActionDispatch::ServerTiming#call'
actionpack (8.0.2) lib/action_dispatch/middleware/server_timing.rb:26:in 'ActionDispatch::ServerTiming::Subscriber#collect_events'
actionpack (8.0.2) lib/action_dispatch/middleware/server_timing.rb:60:in 'ActionDispatch::ServerTiming#call'
actionpack (8.0.2) lib/action_dispatch/middleware/executor.rb:16:in 'ActionDispatch::Executor#call'
actionpack (8.0.2) lib/action_dispatch/middleware/static.rb:27:in 'ActionDispatch::Static#call'
rack (3.1.15) lib/rack/sendfile.rb:114:in 'Rack::Sendfile#call'
actionpack (8.0.2) lib/action_dispatch/middleware/host_authorization.rb:143:in 'ActionDispatch::HostAuthorization#call'
railties (8.0.2) lib/rails/engine.rb:535:in 'Rails::Engine#call'
puma (6.6.0) lib/puma/configuration.rb:279:in 'Puma::Configuration::ConfigMiddleware#call'
puma (6.6.0) lib/puma/request.rb:99:in 'block in Puma::Request#handle_request'
puma (6.6.0) lib/puma/thread_pool.rb:390:in 'Puma::ThreadPool#with_force_shutdown'
puma (6.6.0) lib/puma/request.rb:98:in 'Puma::Request#handle_request'
puma (6.6.0) lib/puma/server.rb:472:in 'Puma::Server#process_client'
puma (6.6.0) lib/puma/server.rb:254:in 'block in Puma::Server#run'
puma (6.6.0) lib/puma/thread_pool.rb:167:in 'block in Puma::ThreadPool#spawn_thread'
Started GET "/favicon.ico" for ::1 at 2025-05-29 09:43:03 +0530
  
ActionController::RoutingError (No route matches [GET] "/favicon.ico"):
  
Started GET "/" for ::1 at 2025-05-29 09:50:36 +0530
  [1m[36mActiveRecord::SchemaMigration Load (1.5ms)[0m  [1m[34mSELECT "schema_migrations"."version" FROM "schema_migrations" ORDER BY "schema_migrations"."version" ASC /*application='UserManagement'*/[0m
  
ActionController::RoutingError (uninitialized constant SessionsController)
Caused by: ActionDispatch::MissingController (uninitialized constant SessionsController)
Caused by: NameError (uninitialized constant SessionsController)

Information for: ActionController::RoutingError (uninitialized constant SessionsController):
  

Information for cause: ActionDispatch::MissingController (uninitialized constant SessionsController):
  
actionpack (8.0.2) lib/action_dispatch/http/request.rb:102:in 'ActionDispatch::Request#controller_class_for'
actionpack (8.0.2) lib/action_dispatch/http/request.rb:91:in 'ActionDispatch::Request#controller_class'
actionpack (8.0.2) lib/action_dispatch/routing/route_set.rb:61:in 'ActionDispatch::Routing::RouteSet::Dispatcher#controller'
actionpack (8.0.2) lib/action_dispatch/routing/route_set.rb:48:in 'ActionDispatch::Routing::RouteSet::Dispatcher#serve'
actionpack (8.0.2) lib/action_dispatch/journey/router.rb:53:in 'block in ActionDispatch::Journey::Router#serve'
actionpack (8.0.2) lib/action_dispatch/journey/router.rb:133:in 'block in ActionDispatch::Journey::Router#find_routes'
actionpack (8.0.2) lib/action_dispatch/journey/router.rb:126:in 'Array#each'
actionpack (8.0.2) lib/action_dispatch/journey/router.rb:126:in 'ActionDispatch::Journey::Router#find_routes'
actionpack (8.0.2) lib/action_dispatch/journey/router.rb:34:in 'ActionDispatch::Journey::Router#serve'
actionpack (8.0.2) lib/action_dispatch/routing/route_set.rb:908:in 'ActionDispatch::Routing::RouteSet#call'
railties (8.0.2) lib/rails/engine/lazy_route_set.rb:68:in 'Rails::Engine::LazyRouteSet#call'
rack (3.1.15) lib/rack/tempfile_reaper.rb:20:in 'Rack::TempfileReaper#call'
rack (3.1.15) lib/rack/etag.rb:29:in 'Rack::ETag#call'
rack (3.1.15) lib/rack/conditional_get.rb:31:in 'Rack::ConditionalGet#call'
rack (3.1.15) lib/rack/head.rb:15:in 'Rack::Head#call'
actionpack (8.0.2) lib/action_dispatch/http/permissions_policy.rb:38:in 'ActionDispatch::PermissionsPolicy::Middleware#call'
actionpack (8.0.2) lib/action_dispatch/http/content_security_policy.rb:38:in 'ActionDispatch::ContentSecurityPolicy::Middleware#call'
rack-session (2.1.1) lib/rack/session/abstract/id.rb:274:in 'Rack::Session::Abstract::Persisted#context'
rack-session (2.1.1) lib/rack/session/abstract/id.rb:268:in 'Rack::Session::Abstract::Persisted#call'
actionpack (8.0.2) lib/action_dispatch/middleware/cookies.rb:706:in 'ActionDispatch::Cookies#call'
activerecord (8.0.2) lib/active_record/migration.rb:671:in 'ActiveRecord::Migration::CheckPending#call'
actionpack (8.0.2) lib/action_dispatch/middleware/callbacks.rb:31:in 'block in ActionDispatch::Callbacks#call'
activesupport (8.0.2) lib/active_support/callbacks.rb:100:in 'ActiveSupport::Callbacks#run_callbacks'
actionpack (8.0.2) lib/action_dispatch/middleware/callbacks.rb:30:in 'ActionDispatch::Callbacks#call'
actionpack (8.0.2) lib/action_dispatch/middleware/executor.rb:16:in 'ActionDispatch::Executor#call'
actionpack (8.0.2) lib/action_dispatch/middleware/actionable_exceptions.rb:18:in 'ActionDispatch::ActionableExceptions#call'
actionpack (8.0.2) lib/action_dispatch/middleware/debug_exceptions.rb:31:in 'ActionDispatch::DebugExceptions#call'
web-console (4.2.1) lib/web_console/middleware.rb:132:in 'WebConsole::Middleware#call_app'
web-console (4.2.1) lib/web_console/middleware.rb:28:in 'block in WebConsole::Middleware#call'
web-console (4.2.1) lib/web_console/middleware.rb:17:in 'Kernel#catch'
web-console (4.2.1) lib/web_console/middleware.rb:17:in 'WebConsole::Middleware#call'
actionpack (8.0.2) lib/action_dispatch/middleware/show_exceptions.rb:32:in 'ActionDispatch::ShowExceptions#call'
railties (8.0.2) lib/rails/rack/logger.rb:41:in 'Rails::Rack::Logger#call_app'
railties (8.0.2) lib/rails/rack/logger.rb:29:in 'Rails::Rack::Logger#call'
actionpack (8.0.2) lib/action_dispatch/middleware/remote_ip.rb:96:in 'ActionDispatch::RemoteIp#call'
actionpack (8.0.2) lib/action_dispatch/middleware/request_id.rb:34:in 'ActionDispatch::RequestId#call'
rack (3.1.15) lib/rack/method_override.rb:28:in 'Rack::MethodOverride#call'
rack (3.1.15) lib/rack/runtime.rb:24:in 'Rack::Runtime#call'
actionpack (8.0.2) lib/action_dispatch/middleware/server_timing.rb:61:in 'block in ActionDispatch::ServerTiming#call'
actionpack (8.0.2) lib/action_dispatch/middleware/server_timing.rb:26:in 'ActionDispatch::ServerTiming::Subscriber#collect_events'
actionpack (8.0.2) lib/action_dispatch/middleware/server_timing.rb:60:in 'ActionDispatch::ServerTiming#call'
actionpack (8.0.2) lib/action_dispatch/middleware/executor.rb:16:in 'ActionDispatch::Executor#call'
actionpack (8.0.2) lib/action_dispatch/middleware/static.rb:27:in 'ActionDispatch::Static#call'
rack (3.1.15) lib/rack/sendfile.rb:114:in 'Rack::Sendfile#call'
actionpack (8.0.2) lib/action_dispatch/middleware/host_authorization.rb:143:in 'ActionDispatch::HostAuthorization#call'
railties (8.0.2) lib/rails/engine.rb:535:in 'Rails::Engine#call'
puma (6.6.0) lib/puma/configuration.rb:279:in 'Puma::Configuration::ConfigMiddleware#call'
puma (6.6.0) lib/puma/request.rb:99:in 'block in Puma::Request#handle_request'
puma (6.6.0) lib/puma/thread_pool.rb:390:in 'Puma::ThreadPool#with_force_shutdown'
puma (6.6.0) lib/puma/request.rb:98:in 'Puma::Request#handle_request'
puma (6.6.0) lib/puma/server.rb:472:in 'Puma::Server#process_client'
puma (6.6.0) lib/puma/server.rb:254:in 'block in Puma::Server#run'
puma (6.6.0) lib/puma/thread_pool.rb:167:in 'block in Puma::ThreadPool#spawn_thread'

Information for cause: NameError (uninitialized constant SessionsController):
  
activesupport (8.0.2) lib/active_support/inflector/methods.rb:290:in 'ActiveSupport::Inflector#constantize'
activesupport (8.0.2) lib/active_support/core_ext/string/inflections.rb:74:in 'String#constantize'
actionpack (8.0.2) lib/action_dispatch/http/request.rb:99:in 'ActionDispatch::Request#controller_class_for'
actionpack (8.0.2) lib/action_dispatch/http/request.rb:91:in 'ActionDispatch::Request#controller_class'
actionpack (8.0.2) lib/action_dispatch/routing/route_set.rb:61:in 'ActionDispatch::Routing::RouteSet::Dispatcher#controller'
actionpack (8.0.2) lib/action_dispatch/routing/route_set.rb:48:in 'ActionDispatch::Routing::RouteSet::Dispatcher#serve'
actionpack (8.0.2) lib/action_dispatch/journey/router.rb:53:in 'block in ActionDispatch::Journey::Router#serve'
actionpack (8.0.2) lib/action_dispatch/journey/router.rb:133:in 'block in ActionDispatch::Journey::Router#find_routes'
actionpack (8.0.2) lib/action_dispatch/journey/router.rb:126:in 'Array#each'
actionpack (8.0.2) lib/action_dispatch/journey/router.rb:126:in 'ActionDispatch::Journey::Router#find_routes'
actionpack (8.0.2) lib/action_dispatch/journey/router.rb:34:in 'ActionDispatch::Journey::Router#serve'
actionpack (8.0.2) lib/action_dispatch/routing/route_set.rb:908:in 'ActionDispatch::Routing::RouteSet#call'
railties (8.0.2) lib/rails/engine/lazy_route_set.rb:68:in 'Rails::Engine::LazyRouteSet#call'
rack (3.1.15) lib/rack/tempfile_reaper.rb:20:in 'Rack::TempfileReaper#call'
rack (3.1.15) lib/rack/etag.rb:29:in 'Rack::ETag#call'
rack (3.1.15) lib/rack/conditional_get.rb:31:in 'Rack::ConditionalGet#call'
rack (3.1.15) lib/rack/head.rb:15:in 'Rack::Head#call'
actionpack (8.0.2) lib/action_dispatch/http/permissions_policy.rb:38:in 'ActionDispatch::PermissionsPolicy::Middleware#call'
actionpack (8.0.2) lib/action_dispatch/http/content_security_policy.rb:38:in 'ActionDispatch::ContentSecurityPolicy::Middleware#call'
rack-session (2.1.1) lib/rack/session/abstract/id.rb:274:in 'Rack::Session::Abstract::Persisted#context'
rack-session (2.1.1) lib/rack/session/abstract/id.rb:268:in 'Rack::Session::Abstract::Persisted#call'
actionpack (8.0.2) lib/action_dispatch/middleware/cookies.rb:706:in 'ActionDispatch::Cookies#call'
activerecord (8.0.2) lib/active_record/migration.rb:671:in 'ActiveRecord::Migration::CheckPending#call'
actionpack (8.0.2) lib/action_dispatch/middleware/callbacks.rb:31:in 'block in ActionDispatch::Callbacks#call'
activesupport (8.0.2) lib/active_support/callbacks.rb:100:in 'ActiveSupport::Callbacks#run_callbacks'
actionpack (8.0.2) lib/action_dispatch/middleware/callbacks.rb:30:in 'ActionDispatch::Callbacks#call'
actionpack (8.0.2) lib/action_dispatch/middleware/executor.rb:16:in 'ActionDispatch::Executor#call'
actionpack (8.0.2) lib/action_dispatch/middleware/actionable_exceptions.rb:18:in 'ActionDispatch::ActionableExceptions#call'
actionpack (8.0.2) lib/action_dispatch/middleware/debug_exceptions.rb:31:in 'ActionDispatch::DebugExceptions#call'
web-console (4.2.1) lib/web_console/middleware.rb:132:in 'WebConsole::Middleware#call_app'
web-console (4.2.1) lib/web_console/middleware.rb:28:in 'block in WebConsole::Middleware#call'
web-console (4.2.1) lib/web_console/middleware.rb:17:in 'Kernel#catch'
web-console (4.2.1) lib/web_console/middleware.rb:17:in 'WebConsole::Middleware#call'
actionpack (8.0.2) lib/action_dispatch/middleware/show_exceptions.rb:32:in 'ActionDispatch::ShowExceptions#call'
railties (8.0.2) lib/rails/rack/logger.rb:41:in 'Rails::Rack::Logger#call_app'
railties (8.0.2) lib/rails/rack/logger.rb:29:in 'Rails::Rack::Logger#call'
actionpack (8.0.2) lib/action_dispatch/middleware/remote_ip.rb:96:in 'ActionDispatch::RemoteIp#call'
actionpack (8.0.2) lib/action_dispatch/middleware/request_id.rb:34:in 'ActionDispatch::RequestId#call'
rack (3.1.15) lib/rack/method_override.rb:28:in 'Rack::MethodOverride#call'
rack (3.1.15) lib/rack/runtime.rb:24:in 'Rack::Runtime#call'
actionpack (8.0.2) lib/action_dispatch/middleware/server_timing.rb:61:in 'block in ActionDispatch::ServerTiming#call'
actionpack (8.0.2) lib/action_dispatch/middleware/server_timing.rb:26:in 'ActionDispatch::ServerTiming::Subscriber#collect_events'
actionpack (8.0.2) lib/action_dispatch/middleware/server_timing.rb:60:in 'ActionDispatch::ServerTiming#call'
actionpack (8.0.2) lib/action_dispatch/middleware/executor.rb:16:in 'ActionDispatch::Executor#call'
actionpack (8.0.2) lib/action_dispatch/middleware/static.rb:27:in 'ActionDispatch::Static#call'
rack (3.1.15) lib/rack/sendfile.rb:114:in 'Rack::Sendfile#call'
actionpack (8.0.2) lib/action_dispatch/middleware/host_authorization.rb:143:in 'ActionDispatch::HostAuthorization#call'
railties (8.0.2) lib/rails/engine.rb:535:in 'Rails::Engine#call'
puma (6.6.0) lib/puma/configuration.rb:279:in 'Puma::Configuration::ConfigMiddleware#call'
puma (6.6.0) lib/puma/request.rb:99:in 'block in Puma::Request#handle_request'
puma (6.6.0) lib/puma/thread_pool.rb:390:in 'Puma::ThreadPool#with_force_shutdown'
puma (6.6.0) lib/puma/request.rb:98:in 'Puma::Request#handle_request'
puma (6.6.0) lib/puma/server.rb:472:in 'Puma::Server#process_client'
puma (6.6.0) lib/puma/server.rb:254:in 'block in Puma::Server#run'
puma (6.6.0) lib/puma/thread_pool.rb:167:in 'block in Puma::ThreadPool#spawn_thread'
Started GET "/" for ::1 at 2025-05-29 09:50:38 +0530
  
ActionController::RoutingError (uninitialized constant SessionsController)
Caused by: ActionDispatch::MissingController (uninitialized constant SessionsController)
Caused by: NameError (uninitialized constant SessionsController)

Information for: ActionController::RoutingError (uninitialized constant SessionsController):
  

Information for cause: ActionDispatch::MissingController (uninitialized constant SessionsController):
  
actionpack (8.0.2) lib/action_dispatch/http/request.rb:102:in 'ActionDispatch::Request#controller_class_for'
actionpack (8.0.2) lib/action_dispatch/http/request.rb:91:in 'ActionDispatch::Request#controller_class'
actionpack (8.0.2) lib/action_dispatch/routing/route_set.rb:61:in 'ActionDispatch::Routing::RouteSet::Dispatcher#controller'
actionpack (8.0.2) lib/action_dispatch/routing/route_set.rb:48:in 'ActionDispatch::Routing::RouteSet::Dispatcher#serve'
actionpack (8.0.2) lib/action_dispatch/journey/router.rb:53:in 'block in ActionDispatch::Journey::Router#serve'
actionpack (8.0.2) lib/action_dispatch/journey/router.rb:133:in 'block in ActionDispatch::Journey::Router#find_routes'
actionpack (8.0.2) lib/action_dispatch/journey/router.rb:126:in 'Array#each'
actionpack (8.0.2) lib/action_dispatch/journey/router.rb:126:in 'ActionDispatch::Journey::Router#find_routes'
actionpack (8.0.2) lib/action_dispatch/journey/router.rb:34:in 'ActionDispatch::Journey::Router#serve'
actionpack (8.0.2) lib/action_dispatch/routing/route_set.rb:908:in 'ActionDispatch::Routing::RouteSet#call'
railties (8.0.2) lib/rails/engine/lazy_route_set.rb:68:in 'Rails::Engine::LazyRouteSet#call'
rack (3.1.15) lib/rack/tempfile_reaper.rb:20:in 'Rack::TempfileReaper#call'
rack (3.1.15) lib/rack/etag.rb:29:in 'Rack::ETag#call'
rack (3.1.15) lib/rack/conditional_get.rb:31:in 'Rack::ConditionalGet#call'
rack (3.1.15) lib/rack/head.rb:15:in 'Rack::Head#call'
actionpack (8.0.2) lib/action_dispatch/http/permissions_policy.rb:38:in 'ActionDispatch::PermissionsPolicy::Middleware#call'
actionpack (8.0.2) lib/action_dispatch/http/content_security_policy.rb:38:in 'ActionDispatch::ContentSecurityPolicy::Middleware#call'
rack-session (2.1.1) lib/rack/session/abstract/id.rb:274:in 'Rack::Session::Abstract::Persisted#context'
rack-session (2.1.1) lib/rack/session/abstract/id.rb:268:in 'Rack::Session::Abstract::Persisted#call'
actionpack (8.0.2) lib/action_dispatch/middleware/cookies.rb:706:in 'ActionDispatch::Cookies#call'
activerecord (8.0.2) lib/active_record/migration.rb:671:in 'ActiveRecord::Migration::CheckPending#call'
actionpack (8.0.2) lib/action_dispatch/middleware/callbacks.rb:31:in 'block in ActionDispatch::Callbacks#call'
activesupport (8.0.2) lib/active_support/callbacks.rb:100:in 'ActiveSupport::Callbacks#run_callbacks'
actionpack (8.0.2) lib/action_dispatch/middleware/callbacks.rb:30:in 'ActionDispatch::Callbacks#call'
actionpack (8.0.2) lib/action_dispatch/middleware/executor.rb:16:in 'ActionDispatch::Executor#call'
actionpack (8.0.2) lib/action_dispatch/middleware/actionable_exceptions.rb:18:in 'ActionDispatch::ActionableExceptions#call'
actionpack (8.0.2) lib/action_dispatch/middleware/debug_exceptions.rb:31:in 'ActionDispatch::DebugExceptions#call'
web-console (4.2.1) lib/web_console/middleware.rb:132:in 'WebConsole::Middleware#call_app'
web-console (4.2.1) lib/web_console/middleware.rb:28:in 'block in WebConsole::Middleware#call'
web-console (4.2.1) lib/web_console/middleware.rb:17:in 'Kernel#catch'
web-console (4.2.1) lib/web_console/middleware.rb:17:in 'WebConsole::Middleware#call'
actionpack (8.0.2) lib/action_dispatch/middleware/show_exceptions.rb:32:in 'ActionDispatch::ShowExceptions#call'
railties (8.0.2) lib/rails/rack/logger.rb:41:in 'Rails::Rack::Logger#call_app'
railties (8.0.2) lib/rails/rack/logger.rb:29:in 'Rails::Rack::Logger#call'
actionpack (8.0.2) lib/action_dispatch/middleware/remote_ip.rb:96:in 'ActionDispatch::RemoteIp#call'
actionpack (8.0.2) lib/action_dispatch/middleware/request_id.rb:34:in 'ActionDispatch::RequestId#call'
rack (3.1.15) lib/rack/method_override.rb:28:in 'Rack::MethodOverride#call'
rack (3.1.15) lib/rack/runtime.rb:24:in 'Rack::Runtime#call'
actionpack (8.0.2) lib/action_dispatch/middleware/server_timing.rb:61:in 'block in ActionDispatch::ServerTiming#call'
actionpack (8.0.2) lib/action_dispatch/middleware/server_timing.rb:26:in 'ActionDispatch::ServerTiming::Subscriber#collect_events'
actionpack (8.0.2) lib/action_dispatch/middleware/server_timing.rb:60:in 'ActionDispatch::ServerTiming#call'
actionpack (8.0.2) lib/action_dispatch/middleware/executor.rb:16:in 'ActionDispatch::Executor#call'
actionpack (8.0.2) lib/action_dispatch/middleware/static.rb:27:in 'ActionDispatch::Static#call'
rack (3.1.15) lib/rack/sendfile.rb:114:in 'Rack::Sendfile#call'
actionpack (8.0.2) lib/action_dispatch/middleware/host_authorization.rb:143:in 'ActionDispatch::HostAuthorization#call'
railties (8.0.2) lib/rails/engine.rb:535:in 'Rails::Engine#call'
puma (6.6.0) lib/puma/configuration.rb:279:in 'Puma::Configuration::ConfigMiddleware#call'
puma (6.6.0) lib/puma/request.rb:99:in 'block in Puma::Request#handle_request'
puma (6.6.0) lib/puma/thread_pool.rb:390:in 'Puma::ThreadPool#with_force_shutdown'
puma (6.6.0) lib/puma/request.rb:98:in 'Puma::Request#handle_request'
puma (6.6.0) lib/puma/server.rb:472:in 'Puma::Server#process_client'
puma (6.6.0) lib/puma/server.rb:254:in 'block in Puma::Server#run'
puma (6.6.0) lib/puma/thread_pool.rb:167:in 'block in Puma::ThreadPool#spawn_thread'

Information for cause: NameError (uninitialized constant SessionsController):
  
activesupport (8.0.2) lib/active_support/inflector/methods.rb:290:in 'ActiveSupport::Inflector#constantize'
activesupport (8.0.2) lib/active_support/core_ext/string/inflections.rb:74:in 'String#constantize'
actionpack (8.0.2) lib/action_dispatch/http/request.rb:99:in 'ActionDispatch::Request#controller_class_for'
actionpack (8.0.2) lib/action_dispatch/http/request.rb:91:in 'ActionDispatch::Request#controller_class'
actionpack (8.0.2) lib/action_dispatch/routing/route_set.rb:61:in 'ActionDispatch::Routing::RouteSet::Dispatcher#controller'
actionpack (8.0.2) lib/action_dispatch/routing/route_set.rb:48:in 'ActionDispatch::Routing::RouteSet::Dispatcher#serve'
actionpack (8.0.2) lib/action_dispatch/journey/router.rb:53:in 'block in ActionDispatch::Journey::Router#serve'
actionpack (8.0.2) lib/action_dispatch/journey/router.rb:133:in 'block in ActionDispatch::Journey::Router#find_routes'
actionpack (8.0.2) lib/action_dispatch/journey/router.rb:126:in 'Array#each'
actionpack (8.0.2) lib/action_dispatch/journey/router.rb:126:in 'ActionDispatch::Journey::Router#find_routes'
actionpack (8.0.2) lib/action_dispatch/journey/router.rb:34:in 'ActionDispatch::Journey::Router#serve'
actionpack (8.0.2) lib/action_dispatch/routing/route_set.rb:908:in 'ActionDispatch::Routing::RouteSet#call'
railties (8.0.2) lib/rails/engine/lazy_route_set.rb:68:in 'Rails::Engine::LazyRouteSet#call'
rack (3.1.15) lib/rack/tempfile_reaper.rb:20:in 'Rack::TempfileReaper#call'
rack (3.1.15) lib/rack/etag.rb:29:in 'Rack::ETag#call'
rack (3.1.15) lib/rack/conditional_get.rb:31:in 'Rack::ConditionalGet#call'
rack (3.1.15) lib/rack/head.rb:15:in 'Rack::Head#call'
actionpack (8.0.2) lib/action_dispatch/http/permissions_policy.rb:38:in 'ActionDispatch::PermissionsPolicy::Middleware#call'
actionpack (8.0.2) lib/action_dispatch/http/content_security_policy.rb:38:in 'ActionDispatch::ContentSecurityPolicy::Middleware#call'
rack-session (2.1.1) lib/rack/session/abstract/id.rb:274:in 'Rack::Session::Abstract::Persisted#context'
rack-session (2.1.1) lib/rack/session/abstract/id.rb:268:in 'Rack::Session::Abstract::Persisted#call'
actionpack (8.0.2) lib/action_dispatch/middleware/cookies.rb:706:in 'ActionDispatch::Cookies#call'
activerecord (8.0.2) lib/active_record/migration.rb:671:in 'ActiveRecord::Migration::CheckPending#call'
actionpack (8.0.2) lib/action_dispatch/middleware/callbacks.rb:31:in 'block in ActionDispatch::Callbacks#call'
activesupport (8.0.2) lib/active_support/callbacks.rb:100:in 'ActiveSupport::Callbacks#run_callbacks'
actionpack (8.0.2) lib/action_dispatch/middleware/callbacks.rb:30:in 'ActionDispatch::Callbacks#call'
actionpack (8.0.2) lib/action_dispatch/middleware/executor.rb:16:in 'ActionDispatch::Executor#call'
actionpack (8.0.2) lib/action_dispatch/middleware/actionable_exceptions.rb:18:in 'ActionDispatch::ActionableExceptions#call'
actionpack (8.0.2) lib/action_dispatch/middleware/debug_exceptions.rb:31:in 'ActionDispatch::DebugExceptions#call'
web-console (4.2.1) lib/web_console/middleware.rb:132:in 'WebConsole::Middleware#call_app'
web-console (4.2.1) lib/web_console/middleware.rb:28:in 'block in WebConsole::Middleware#call'
web-console (4.2.1) lib/web_console/middleware.rb:17:in 'Kernel#catch'
web-console (4.2.1) lib/web_console/middleware.rb:17:in 'WebConsole::Middleware#call'
actionpack (8.0.2) lib/action_dispatch/middleware/show_exceptions.rb:32:in 'ActionDispatch::ShowExceptions#call'
railties (8.0.2) lib/rails/rack/logger.rb:41:in 'Rails::Rack::Logger#call_app'
railties (8.0.2) lib/rails/rack/logger.rb:29:in 'Rails::Rack::Logger#call'
actionpack (8.0.2) lib/action_dispatch/middleware/remote_ip.rb:96:in 'ActionDispatch::RemoteIp#call'
actionpack (8.0.2) lib/action_dispatch/middleware/request_id.rb:34:in 'ActionDispatch::RequestId#call'
rack (3.1.15) lib/rack/method_override.rb:28:in 'Rack::MethodOverride#call'
rack (3.1.15) lib/rack/runtime.rb:24:in 'Rack::Runtime#call'
actionpack (8.0.2) lib/action_dispatch/middleware/server_timing.rb:61:in 'block in ActionDispatch::ServerTiming#call'
actionpack (8.0.2) lib/action_dispatch/middleware/server_timing.rb:26:in 'ActionDispatch::ServerTiming::Subscriber#collect_events'
actionpack (8.0.2) lib/action_dispatch/middleware/server_timing.rb:60:in 'ActionDispatch::ServerTiming#call'
actionpack (8.0.2) lib/action_dispatch/middleware/executor.rb:16:in 'ActionDispatch::Executor#call'
actionpack (8.0.2) lib/action_dispatch/middleware/static.rb:27:in 'ActionDispatch::Static#call'
rack (3.1.15) lib/rack/sendfile.rb:114:in 'Rack::Sendfile#call'
actionpack (8.0.2) lib/action_dispatch/middleware/host_authorization.rb:143:in 'ActionDispatch::HostAuthorization#call'
railties (8.0.2) lib/rails/engine.rb:535:in 'Rails::Engine#call'
puma (6.6.0) lib/puma/configuration.rb:279:in 'Puma::Configuration::ConfigMiddleware#call'
puma (6.6.0) lib/puma/request.rb:99:in 'block in Puma::Request#handle_request'
puma (6.6.0) lib/puma/thread_pool.rb:390:in 'Puma::ThreadPool#with_force_shutdown'
puma (6.6.0) lib/puma/request.rb:98:in 'Puma::Request#handle_request'
puma (6.6.0) lib/puma/server.rb:472:in 'Puma::Server#process_client'
puma (6.6.0) lib/puma/server.rb:254:in 'block in Puma::Server#run'
puma (6.6.0) lib/puma/thread_pool.rb:167:in 'block in Puma::ThreadPool#spawn_thread'
Started POST "/user" for ::1 at 2025-05-29 09:50:41 +0530
  
ActionController::RoutingError (No route matches [POST] "/user"):
  
Started POST "/user" for ::1 at 2025-05-29 09:50:46 +0530
  
ActionController::RoutingError (No route matches [POST] "/user"):
  
Started GET "/users" for ::1 at 2025-05-29 09:58:51 +0530
  [1m[36mActiveRecord::SchemaMigration Load (1.3ms)[0m  [1m[34mSELECT "schema_migrations"."version" FROM "schema_migrations" ORDER BY "schema_migrations"."version" ASC /*application='UserManagement'*/[0m
  
ActionController::RoutingError (No route matches [GET] "/users"):
  
Started POST "/users" for ::1 at 2025-05-29 09:59:19 +0530
  
ActionController::RoutingError (uninitialized constant UsersController)
Caused by: ActionDispatch::MissingController (uninitialized constant UsersController)
Caused by: NameError (uninitialized constant UsersController)

Information for: ActionController::RoutingError (uninitialized constant UsersController):
  

Information for cause: ActionDispatch::MissingController (uninitialized constant UsersController):
  
actionpack (8.0.2) lib/action_dispatch/http/request.rb:102:in 'ActionDispatch::Request#controller_class_for'
actionpack (8.0.2) lib/action_dispatch/http/request.rb:91:in 'ActionDispatch::Request#controller_class'
actionpack (8.0.2) lib/action_dispatch/routing/route_set.rb:61:in 'ActionDispatch::Routing::RouteSet::Dispatcher#controller'
actionpack (8.0.2) lib/action_dispatch/routing/route_set.rb:48:in 'ActionDispatch::Routing::RouteSet::Dispatcher#serve'
actionpack (8.0.2) lib/action_dispatch/journey/router.rb:53:in 'block in ActionDispatch::Journey::Router#serve'
actionpack (8.0.2) lib/action_dispatch/journey/router.rb:133:in 'block in ActionDispatch::Journey::Router#find_routes'
actionpack (8.0.2) lib/action_dispatch/journey/router.rb:126:in 'Array#each'
actionpack (8.0.2) lib/action_dispatch/journey/router.rb:126:in 'ActionDispatch::Journey::Router#find_routes'
actionpack (8.0.2) lib/action_dispatch/journey/router.rb:34:in 'ActionDispatch::Journey::Router#serve'
actionpack (8.0.2) lib/action_dispatch/routing/route_set.rb:908:in 'ActionDispatch::Routing::RouteSet#call'
railties (8.0.2) lib/rails/engine/lazy_route_set.rb:68:in 'Rails::Engine::LazyRouteSet#call'
rack (3.1.15) lib/rack/tempfile_reaper.rb:20:in 'Rack::TempfileReaper#call'
rack (3.1.15) lib/rack/etag.rb:29:in 'Rack::ETag#call'
rack (3.1.15) lib/rack/conditional_get.rb:43:in 'Rack::ConditionalGet#call'
rack (3.1.15) lib/rack/head.rb:15:in 'Rack::Head#call'
actionpack (8.0.2) lib/action_dispatch/http/permissions_policy.rb:38:in 'ActionDispatch::PermissionsPolicy::Middleware#call'
actionpack (8.0.2) lib/action_dispatch/http/content_security_policy.rb:38:in 'ActionDispatch::ContentSecurityPolicy::Middleware#call'
rack-session (2.1.1) lib/rack/session/abstract/id.rb:274:in 'Rack::Session::Abstract::Persisted#context'
rack-session (2.1.1) lib/rack/session/abstract/id.rb:268:in 'Rack::Session::Abstract::Persisted#call'
actionpack (8.0.2) lib/action_dispatch/middleware/cookies.rb:706:in 'ActionDispatch::Cookies#call'
activerecord (8.0.2) lib/active_record/migration.rb:671:in 'ActiveRecord::Migration::CheckPending#call'
actionpack (8.0.2) lib/action_dispatch/middleware/callbacks.rb:31:in 'block in ActionDispatch::Callbacks#call'
activesupport (8.0.2) lib/active_support/callbacks.rb:100:in 'ActiveSupport::Callbacks#run_callbacks'
actionpack (8.0.2) lib/action_dispatch/middleware/callbacks.rb:30:in 'ActionDispatch::Callbacks#call'
actionpack (8.0.2) lib/action_dispatch/middleware/executor.rb:16:in 'ActionDispatch::Executor#call'
actionpack (8.0.2) lib/action_dispatch/middleware/actionable_exceptions.rb:18:in 'ActionDispatch::ActionableExceptions#call'
actionpack (8.0.2) lib/action_dispatch/middleware/debug_exceptions.rb:31:in 'ActionDispatch::DebugExceptions#call'
web-console (4.2.1) lib/web_console/middleware.rb:132:in 'WebConsole::Middleware#call_app'
web-console (4.2.1) lib/web_console/middleware.rb:28:in 'block in WebConsole::Middleware#call'
web-console (4.2.1) lib/web_console/middleware.rb:17:in 'Kernel#catch'
web-console (4.2.1) lib/web_console/middleware.rb:17:in 'WebConsole::Middleware#call'
actionpack (8.0.2) lib/action_dispatch/middleware/show_exceptions.rb:32:in 'ActionDispatch::ShowExceptions#call'
railties (8.0.2) lib/rails/rack/logger.rb:41:in 'Rails::Rack::Logger#call_app'
railties (8.0.2) lib/rails/rack/logger.rb:29:in 'Rails::Rack::Logger#call'
actionpack (8.0.2) lib/action_dispatch/middleware/remote_ip.rb:96:in 'ActionDispatch::RemoteIp#call'
actionpack (8.0.2) lib/action_dispatch/middleware/request_id.rb:34:in 'ActionDispatch::RequestId#call'
rack (3.1.15) lib/rack/method_override.rb:28:in 'Rack::MethodOverride#call'
rack (3.1.15) lib/rack/runtime.rb:24:in 'Rack::Runtime#call'
actionpack (8.0.2) lib/action_dispatch/middleware/server_timing.rb:61:in 'block in ActionDispatch::ServerTiming#call'
actionpack (8.0.2) lib/action_dispatch/middleware/server_timing.rb:26:in 'ActionDispatch::ServerTiming::Subscriber#collect_events'
actionpack (8.0.2) lib/action_dispatch/middleware/server_timing.rb:60:in 'ActionDispatch::ServerTiming#call'
actionpack (8.0.2) lib/action_dispatch/middleware/executor.rb:16:in 'ActionDispatch::Executor#call'
actionpack (8.0.2) lib/action_dispatch/middleware/static.rb:27:in 'ActionDispatch::Static#call'
rack (3.1.15) lib/rack/sendfile.rb:114:in 'Rack::Sendfile#call'
actionpack (8.0.2) lib/action_dispatch/middleware/host_authorization.rb:143:in 'ActionDispatch::HostAuthorization#call'
railties (8.0.2) lib/rails/engine.rb:535:in 'Rails::Engine#call'
puma (6.6.0) lib/puma/configuration.rb:279:in 'Puma::Configuration::ConfigMiddleware#call'
puma (6.6.0) lib/puma/request.rb:99:in 'block in Puma::Request#handle_request'
puma (6.6.0) lib/puma/thread_pool.rb:390:in 'Puma::ThreadPool#with_force_shutdown'
puma (6.6.0) lib/puma/request.rb:98:in 'Puma::Request#handle_request'
puma (6.6.0) lib/puma/server.rb:472:in 'Puma::Server#process_client'
puma (6.6.0) lib/puma/server.rb:254:in 'block in Puma::Server#run'
puma (6.6.0) lib/puma/thread_pool.rb:167:in 'block in Puma::ThreadPool#spawn_thread'

Information for cause: NameError (uninitialized constant UsersController):
  
activesupport (8.0.2) lib/active_support/inflector/methods.rb:290:in 'ActiveSupport::Inflector#constantize'
activesupport (8.0.2) lib/active_support/core_ext/string/inflections.rb:74:in 'String#constantize'
actionpack (8.0.2) lib/action_dispatch/http/request.rb:99:in 'ActionDispatch::Request#controller_class_for'
actionpack (8.0.2) lib/action_dispatch/http/request.rb:91:in 'ActionDispatch::Request#controller_class'
actionpack (8.0.2) lib/action_dispatch/routing/route_set.rb:61:in 'ActionDispatch::Routing::RouteSet::Dispatcher#controller'
actionpack (8.0.2) lib/action_dispatch/routing/route_set.rb:48:in 'ActionDispatch::Routing::RouteSet::Dispatcher#serve'
actionpack (8.0.2) lib/action_dispatch/journey/router.rb:53:in 'block in ActionDispatch::Journey::Router#serve'
actionpack (8.0.2) lib/action_dispatch/journey/router.rb:133:in 'block in ActionDispatch::Journey::Router#find_routes'
actionpack (8.0.2) lib/action_dispatch/journey/router.rb:126:in 'Array#each'
actionpack (8.0.2) lib/action_dispatch/journey/router.rb:126:in 'ActionDispatch::Journey::Router#find_routes'
actionpack (8.0.2) lib/action_dispatch/journey/router.rb:34:in 'ActionDispatch::Journey::Router#serve'
actionpack (8.0.2) lib/action_dispatch/routing/route_set.rb:908:in 'ActionDispatch::Routing::RouteSet#call'
railties (8.0.2) lib/rails/engine/lazy_route_set.rb:68:in 'Rails::Engine::LazyRouteSet#call'
rack (3.1.15) lib/rack/tempfile_reaper.rb:20:in 'Rack::TempfileReaper#call'
rack (3.1.15) lib/rack/etag.rb:29:in 'Rack::ETag#call'
rack (3.1.15) lib/rack/conditional_get.rb:43:in 'Rack::ConditionalGet#call'
rack (3.1.15) lib/rack/head.rb:15:in 'Rack::Head#call'
actionpack (8.0.2) lib/action_dispatch/http/permissions_policy.rb:38:in 'ActionDispatch::PermissionsPolicy::Middleware#call'
actionpack (8.0.2) lib/action_dispatch/http/content_security_policy.rb:38:in 'ActionDispatch::ContentSecurityPolicy::Middleware#call'
rack-session (2.1.1) lib/rack/session/abstract/id.rb:274:in 'Rack::Session::Abstract::Persisted#context'
rack-session (2.1.1) lib/rack/session/abstract/id.rb:268:in 'Rack::Session::Abstract::Persisted#call'
actionpack (8.0.2) lib/action_dispatch/middleware/cookies.rb:706:in 'ActionDispatch::Cookies#call'
activerecord (8.0.2) lib/active_record/migration.rb:671:in 'ActiveRecord::Migration::CheckPending#call'
actionpack (8.0.2) lib/action_dispatch/middleware/callbacks.rb:31:in 'block in ActionDispatch::Callbacks#call'
activesupport (8.0.2) lib/active_support/callbacks.rb:100:in 'ActiveSupport::Callbacks#run_callbacks'
actionpack (8.0.2) lib/action_dispatch/middleware/callbacks.rb:30:in 'ActionDispatch::Callbacks#call'
actionpack (8.0.2) lib/action_dispatch/middleware/executor.rb:16:in 'ActionDispatch::Executor#call'
actionpack (8.0.2) lib/action_dispatch/middleware/actionable_exceptions.rb:18:in 'ActionDispatch::ActionableExceptions#call'
actionpack (8.0.2) lib/action_dispatch/middleware/debug_exceptions.rb:31:in 'ActionDispatch::DebugExceptions#call'
web-console (4.2.1) lib/web_console/middleware.rb:132:in 'WebConsole::Middleware#call_app'
web-console (4.2.1) lib/web_console/middleware.rb:28:in 'block in WebConsole::Middleware#call'
web-console (4.2.1) lib/web_console/middleware.rb:17:in 'Kernel#catch'
web-console (4.2.1) lib/web_console/middleware.rb:17:in 'WebConsole::Middleware#call'
actionpack (8.0.2) lib/action_dispatch/middleware/show_exceptions.rb:32:in 'ActionDispatch::ShowExceptions#call'
railties (8.0.2) lib/rails/rack/logger.rb:41:in 'Rails::Rack::Logger#call_app'
railties (8.0.2) lib/rails/rack/logger.rb:29:in 'Rails::Rack::Logger#call'
actionpack (8.0.2) lib/action_dispatch/middleware/remote_ip.rb:96:in 'ActionDispatch::RemoteIp#call'
actionpack (8.0.2) lib/action_dispatch/middleware/request_id.rb:34:in 'ActionDispatch::RequestId#call'
rack (3.1.15) lib/rack/method_override.rb:28:in 'Rack::MethodOverride#call'
rack (3.1.15) lib/rack/runtime.rb:24:in 'Rack::Runtime#call'
actionpack (8.0.2) lib/action_dispatch/middleware/server_timing.rb:61:in 'block in ActionDispatch::ServerTiming#call'
actionpack (8.0.2) lib/action_dispatch/middleware/server_timing.rb:26:in 'ActionDispatch::ServerTiming::Subscriber#collect_events'
actionpack (8.0.2) lib/action_dispatch/middleware/server_timing.rb:60:in 'ActionDispatch::ServerTiming#call'
actionpack (8.0.2) lib/action_dispatch/middleware/executor.rb:16:in 'ActionDispatch::Executor#call'
actionpack (8.0.2) lib/action_dispatch/middleware/static.rb:27:in 'ActionDispatch::Static#call'
rack (3.1.15) lib/rack/sendfile.rb:114:in 'Rack::Sendfile#call'
actionpack (8.0.2) lib/action_dispatch/middleware/host_authorization.rb:143:in 'ActionDispatch::HostAuthorization#call'
railties (8.0.2) lib/rails/engine.rb:535:in 'Rails::Engine#call'
puma (6.6.0) lib/puma/configuration.rb:279:in 'Puma::Configuration::ConfigMiddleware#call'
puma (6.6.0) lib/puma/request.rb:99:in 'block in Puma::Request#handle_request'
puma (6.6.0) lib/puma/thread_pool.rb:390:in 'Puma::ThreadPool#with_force_shutdown'
puma (6.6.0) lib/puma/request.rb:98:in 'Puma::Request#handle_request'
puma (6.6.0) lib/puma/server.rb:472:in 'Puma::Server#process_client'
puma (6.6.0) lib/puma/server.rb:254:in 'block in Puma::Server#run'
puma (6.6.0) lib/puma/thread_pool.rb:167:in 'block in Puma::ThreadPool#spawn_thread'
Started POST "/users" for ::1 at 2025-05-29 10:01:58 +0530
  
ActionController::RoutingError (uninitialized constant UsersController)
Caused by: ActionDispatch::MissingController (uninitialized constant UsersController)
Caused by: NameError (uninitialized constant UsersController)

Information for: ActionController::RoutingError (uninitialized constant UsersController):
  

Information for cause: ActionDispatch::MissingController (uninitialized constant UsersController):
  
actionpack (8.0.2) lib/action_dispatch/http/request.rb:102:in 'ActionDispatch::Request#controller_class_for'
actionpack (8.0.2) lib/action_dispatch/http/request.rb:91:in 'ActionDispatch::Request#controller_class'
actionpack (8.0.2) lib/action_dispatch/routing/route_set.rb:61:in 'ActionDispatch::Routing::RouteSet::Dispatcher#controller'
actionpack (8.0.2) lib/action_dispatch/routing/route_set.rb:48:in 'ActionDispatch::Routing::RouteSet::Dispatcher#serve'
actionpack (8.0.2) lib/action_dispatch/journey/router.rb:53:in 'block in ActionDispatch::Journey::Router#serve'
actionpack (8.0.2) lib/action_dispatch/journey/router.rb:133:in 'block in ActionDispatch::Journey::Router#find_routes'
actionpack (8.0.2) lib/action_dispatch/journey/router.rb:126:in 'Array#each'
actionpack (8.0.2) lib/action_dispatch/journey/router.rb:126:in 'ActionDispatch::Journey::Router#find_routes'
actionpack (8.0.2) lib/action_dispatch/journey/router.rb:34:in 'ActionDispatch::Journey::Router#serve'
actionpack (8.0.2) lib/action_dispatch/routing/route_set.rb:908:in 'ActionDispatch::Routing::RouteSet#call'
railties (8.0.2) lib/rails/engine/lazy_route_set.rb:68:in 'Rails::Engine::LazyRouteSet#call'
rack (3.1.15) lib/rack/tempfile_reaper.rb:20:in 'Rack::TempfileReaper#call'
rack (3.1.15) lib/rack/etag.rb:29:in 'Rack::ETag#call'
rack (3.1.15) lib/rack/conditional_get.rb:43:in 'Rack::ConditionalGet#call'
rack (3.1.15) lib/rack/head.rb:15:in 'Rack::Head#call'
actionpack (8.0.2) lib/action_dispatch/http/permissions_policy.rb:38:in 'ActionDispatch::PermissionsPolicy::Middleware#call'
actionpack (8.0.2) lib/action_dispatch/http/content_security_policy.rb:38:in 'ActionDispatch::ContentSecurityPolicy::Middleware#call'
rack-session (2.1.1) lib/rack/session/abstract/id.rb:274:in 'Rack::Session::Abstract::Persisted#context'
rack-session (2.1.1) lib/rack/session/abstract/id.rb:268:in 'Rack::Session::Abstract::Persisted#call'
actionpack (8.0.2) lib/action_dispatch/middleware/cookies.rb:706:in 'ActionDispatch::Cookies#call'
activerecord (8.0.2) lib/active_record/migration.rb:671:in 'ActiveRecord::Migration::CheckPending#call'
actionpack (8.0.2) lib/action_dispatch/middleware/callbacks.rb:31:in 'block in ActionDispatch::Callbacks#call'
activesupport (8.0.2) lib/active_support/callbacks.rb:100:in 'ActiveSupport::Callbacks#run_callbacks'
actionpack (8.0.2) lib/action_dispatch/middleware/callbacks.rb:30:in 'ActionDispatch::Callbacks#call'
actionpack (8.0.2) lib/action_dispatch/middleware/executor.rb:16:in 'ActionDispatch::Executor#call'
actionpack (8.0.2) lib/action_dispatch/middleware/actionable_exceptions.rb:18:in 'ActionDispatch::ActionableExceptions#call'
actionpack (8.0.2) lib/action_dispatch/middleware/debug_exceptions.rb:31:in 'ActionDispatch::DebugExceptions#call'
web-console (4.2.1) lib/web_console/middleware.rb:132:in 'WebConsole::Middleware#call_app'
web-console (4.2.1) lib/web_console/middleware.rb:28:in 'block in WebConsole::Middleware#call'
web-console (4.2.1) lib/web_console/middleware.rb:17:in 'Kernel#catch'
web-console (4.2.1) lib/web_console/middleware.rb:17:in 'WebConsole::Middleware#call'
actionpack (8.0.2) lib/action_dispatch/middleware/show_exceptions.rb:32:in 'ActionDispatch::ShowExceptions#call'
railties (8.0.2) lib/rails/rack/logger.rb:41:in 'Rails::Rack::Logger#call_app'
railties (8.0.2) lib/rails/rack/logger.rb:29:in 'Rails::Rack::Logger#call'
actionpack (8.0.2) lib/action_dispatch/middleware/remote_ip.rb:96:in 'ActionDispatch::RemoteIp#call'
actionpack (8.0.2) lib/action_dispatch/middleware/request_id.rb:34:in 'ActionDispatch::RequestId#call'
rack (3.1.15) lib/rack/method_override.rb:28:in 'Rack::MethodOverride#call'
rack (3.1.15) lib/rack/runtime.rb:24:in 'Rack::Runtime#call'
actionpack (8.0.2) lib/action_dispatch/middleware/server_timing.rb:61:in 'block in ActionDispatch::ServerTiming#call'
actionpack (8.0.2) lib/action_dispatch/middleware/server_timing.rb:26:in 'ActionDispatch::ServerTiming::Subscriber#collect_events'
actionpack (8.0.2) lib/action_dispatch/middleware/server_timing.rb:60:in 'ActionDispatch::ServerTiming#call'
actionpack (8.0.2) lib/action_dispatch/middleware/executor.rb:16:in 'ActionDispatch::Executor#call'
actionpack (8.0.2) lib/action_dispatch/middleware/static.rb:27:in 'ActionDispatch::Static#call'
rack (3.1.15) lib/rack/sendfile.rb:114:in 'Rack::Sendfile#call'
actionpack (8.0.2) lib/action_dispatch/middleware/host_authorization.rb:143:in 'ActionDispatch::HostAuthorization#call'
railties (8.0.2) lib/rails/engine.rb:535:in 'Rails::Engine#call'
puma (6.6.0) lib/puma/configuration.rb:279:in 'Puma::Configuration::ConfigMiddleware#call'
puma (6.6.0) lib/puma/request.rb:99:in 'block in Puma::Request#handle_request'
puma (6.6.0) lib/puma/thread_pool.rb:390:in 'Puma::ThreadPool#with_force_shutdown'
puma (6.6.0) lib/puma/request.rb:98:in 'Puma::Request#handle_request'
puma (6.6.0) lib/puma/server.rb:472:in 'Puma::Server#process_client'
puma (6.6.0) lib/puma/server.rb:254:in 'block in Puma::Server#run'
puma (6.6.0) lib/puma/thread_pool.rb:167:in 'block in Puma::ThreadPool#spawn_thread'

Information for cause: NameError (uninitialized constant UsersController):
  
activesupport (8.0.2) lib/active_support/inflector/methods.rb:290:in 'ActiveSupport::Inflector#constantize'
activesupport (8.0.2) lib/active_support/core_ext/string/inflections.rb:74:in 'String#constantize'
actionpack (8.0.2) lib/action_dispatch/http/request.rb:99:in 'ActionDispatch::Request#controller_class_for'
actionpack (8.0.2) lib/action_dispatch/http/request.rb:91:in 'ActionDispatch::Request#controller_class'
actionpack (8.0.2) lib/action_dispatch/routing/route_set.rb:61:in 'ActionDispatch::Routing::RouteSet::Dispatcher#controller'
actionpack (8.0.2) lib/action_dispatch/routing/route_set.rb:48:in 'ActionDispatch::Routing::RouteSet::Dispatcher#serve'
actionpack (8.0.2) lib/action_dispatch/journey/router.rb:53:in 'block in ActionDispatch::Journey::Router#serve'
actionpack (8.0.2) lib/action_dispatch/journey/router.rb:133:in 'block in ActionDispatch::Journey::Router#find_routes'
actionpack (8.0.2) lib/action_dispatch/journey/router.rb:126:in 'Array#each'
actionpack (8.0.2) lib/action_dispatch/journey/router.rb:126:in 'ActionDispatch::Journey::Router#find_routes'
actionpack (8.0.2) lib/action_dispatch/journey/router.rb:34:in 'ActionDispatch::Journey::Router#serve'
actionpack (8.0.2) lib/action_dispatch/routing/route_set.rb:908:in 'ActionDispatch::Routing::RouteSet#call'
railties (8.0.2) lib/rails/engine/lazy_route_set.rb:68:in 'Rails::Engine::LazyRouteSet#call'
rack (3.1.15) lib/rack/tempfile_reaper.rb:20:in 'Rack::TempfileReaper#call'
rack (3.1.15) lib/rack/etag.rb:29:in 'Rack::ETag#call'
rack (3.1.15) lib/rack/conditional_get.rb:43:in 'Rack::ConditionalGet#call'
rack (3.1.15) lib/rack/head.rb:15:in 'Rack::Head#call'
actionpack (8.0.2) lib/action_dispatch/http/permissions_policy.rb:38:in 'ActionDispatch::PermissionsPolicy::Middleware#call'
actionpack (8.0.2) lib/action_dispatch/http/content_security_policy.rb:38:in 'ActionDispatch::ContentSecurityPolicy::Middleware#call'
rack-session (2.1.1) lib/rack/session/abstract/id.rb:274:in 'Rack::Session::Abstract::Persisted#context'
rack-session (2.1.1) lib/rack/session/abstract/id.rb:268:in 'Rack::Session::Abstract::Persisted#call'
actionpack (8.0.2) lib/action_dispatch/middleware/cookies.rb:706:in 'ActionDispatch::Cookies#call'
activerecord (8.0.2) lib/active_record/migration.rb:671:in 'ActiveRecord::Migration::CheckPending#call'
actionpack (8.0.2) lib/action_dispatch/middleware/callbacks.rb:31:in 'block in ActionDispatch::Callbacks#call'
activesupport (8.0.2) lib/active_support/callbacks.rb:100:in 'ActiveSupport::Callbacks#run_callbacks'
actionpack (8.0.2) lib/action_dispatch/middleware/callbacks.rb:30:in 'ActionDispatch::Callbacks#call'
actionpack (8.0.2) lib/action_dispatch/middleware/executor.rb:16:in 'ActionDispatch::Executor#call'
actionpack (8.0.2) lib/action_dispatch/middleware/actionable_exceptions.rb:18:in 'ActionDispatch::ActionableExceptions#call'
actionpack (8.0.2) lib/action_dispatch/middleware/debug_exceptions.rb:31:in 'ActionDispatch::DebugExceptions#call'
web-console (4.2.1) lib/web_console/middleware.rb:132:in 'WebConsole::Middleware#call_app'
web-console (4.2.1) lib/web_console/middleware.rb:28:in 'block in WebConsole::Middleware#call'
web-console (4.2.1) lib/web_console/middleware.rb:17:in 'Kernel#catch'
web-console (4.2.1) lib/web_console/middleware.rb:17:in 'WebConsole::Middleware#call'
actionpack (8.0.2) lib/action_dispatch/middleware/show_exceptions.rb:32:in 'ActionDispatch::ShowExceptions#call'
railties (8.0.2) lib/rails/rack/logger.rb:41:in 'Rails::Rack::Logger#call_app'
railties (8.0.2) lib/rails/rack/logger.rb:29:in 'Rails::Rack::Logger#call'
actionpack (8.0.2) lib/action_dispatch/middleware/remote_ip.rb:96:in 'ActionDispatch::RemoteIp#call'
actionpack (8.0.2) lib/action_dispatch/middleware/request_id.rb:34:in 'ActionDispatch::RequestId#call'
rack (3.1.15) lib/rack/method_override.rb:28:in 'Rack::MethodOverride#call'
rack (3.1.15) lib/rack/runtime.rb:24:in 'Rack::Runtime#call'
actionpack (8.0.2) lib/action_dispatch/middleware/server_timing.rb:61:in 'block in ActionDispatch::ServerTiming#call'
actionpack (8.0.2) lib/action_dispatch/middleware/server_timing.rb:26:in 'ActionDispatch::ServerTiming::Subscriber#collect_events'
actionpack (8.0.2) lib/action_dispatch/middleware/server_timing.rb:60:in 'ActionDispatch::ServerTiming#call'
actionpack (8.0.2) lib/action_dispatch/middleware/executor.rb:16:in 'ActionDispatch::Executor#call'
actionpack (8.0.2) lib/action_dispatch/middleware/static.rb:27:in 'ActionDispatch::Static#call'
rack (3.1.15) lib/rack/sendfile.rb:114:in 'Rack::Sendfile#call'
actionpack (8.0.2) lib/action_dispatch/middleware/host_authorization.rb:143:in 'ActionDispatch::HostAuthorization#call'
railties (8.0.2) lib/rails/engine.rb:535:in 'Rails::Engine#call'
puma (6.6.0) lib/puma/configuration.rb:279:in 'Puma::Configuration::ConfigMiddleware#call'
puma (6.6.0) lib/puma/request.rb:99:in 'block in Puma::Request#handle_request'
puma (6.6.0) lib/puma/thread_pool.rb:390:in 'Puma::ThreadPool#with_force_shutdown'
puma (6.6.0) lib/puma/request.rb:98:in 'Puma::Request#handle_request'
puma (6.6.0) lib/puma/server.rb:472:in 'Puma::Server#process_client'
puma (6.6.0) lib/puma/server.rb:254:in 'block in Puma::Server#run'
puma (6.6.0) lib/puma/thread_pool.rb:167:in 'block in Puma::ThreadPool#spawn_thread'
Started POST "/users" for ::1 at 2025-05-29 10:05:45 +0530
  [1m[36mActiveRecord::SchemaMigration Load (1.5ms)[0m  [1m[34mSELECT "schema_migrations"."version" FROM "schema_migrations" ORDER BY "schema_migrations"."version" ASC /*application='UserManagement'*/[0m
  
ActionController::RoutingError (uninitialized constant UsersController)
Caused by: ActionDispatch::MissingController (uninitialized constant UsersController)
Caused by: NameError (uninitialized constant UsersController)

Information for: ActionController::RoutingError (uninitialized constant UsersController):
  

Information for cause: ActionDispatch::MissingController (uninitialized constant UsersController):
  
actionpack (8.0.2) lib/action_dispatch/http/request.rb:102:in 'ActionDispatch::Request#controller_class_for'
actionpack (8.0.2) lib/action_dispatch/http/request.rb:91:in 'ActionDispatch::Request#controller_class'
actionpack (8.0.2) lib/action_dispatch/routing/route_set.rb:61:in 'ActionDispatch::Routing::RouteSet::Dispatcher#controller'
actionpack (8.0.2) lib/action_dispatch/routing/route_set.rb:48:in 'ActionDispatch::Routing::RouteSet::Dispatcher#serve'
actionpack (8.0.2) lib/action_dispatch/journey/router.rb:53:in 'block in ActionDispatch::Journey::Router#serve'
actionpack (8.0.2) lib/action_dispatch/journey/router.rb:133:in 'block in ActionDispatch::Journey::Router#find_routes'
actionpack (8.0.2) lib/action_dispatch/journey/router.rb:126:in 'Array#each'
actionpack (8.0.2) lib/action_dispatch/journey/router.rb:126:in 'ActionDispatch::Journey::Router#find_routes'
actionpack (8.0.2) lib/action_dispatch/journey/router.rb:34:in 'ActionDispatch::Journey::Router#serve'
actionpack (8.0.2) lib/action_dispatch/routing/route_set.rb:908:in 'ActionDispatch::Routing::RouteSet#call'
railties (8.0.2) lib/rails/engine/lazy_route_set.rb:68:in 'Rails::Engine::LazyRouteSet#call'
rack (3.1.15) lib/rack/tempfile_reaper.rb:20:in 'Rack::TempfileReaper#call'
rack (3.1.15) lib/rack/etag.rb:29:in 'Rack::ETag#call'
rack (3.1.15) lib/rack/conditional_get.rb:43:in 'Rack::ConditionalGet#call'
rack (3.1.15) lib/rack/head.rb:15:in 'Rack::Head#call'
actionpack (8.0.2) lib/action_dispatch/http/permissions_policy.rb:38:in 'ActionDispatch::PermissionsPolicy::Middleware#call'
actionpack (8.0.2) lib/action_dispatch/http/content_security_policy.rb:38:in 'ActionDispatch::ContentSecurityPolicy::Middleware#call'
rack-session (2.1.1) lib/rack/session/abstract/id.rb:274:in 'Rack::Session::Abstract::Persisted#context'
rack-session (2.1.1) lib/rack/session/abstract/id.rb:268:in 'Rack::Session::Abstract::Persisted#call'
actionpack (8.0.2) lib/action_dispatch/middleware/cookies.rb:706:in 'ActionDispatch::Cookies#call'
activerecord (8.0.2) lib/active_record/migration.rb:671:in 'ActiveRecord::Migration::CheckPending#call'
actionpack (8.0.2) lib/action_dispatch/middleware/callbacks.rb:31:in 'block in ActionDispatch::Callbacks#call'
activesupport (8.0.2) lib/active_support/callbacks.rb:100:in 'ActiveSupport::Callbacks#run_callbacks'
actionpack (8.0.2) lib/action_dispatch/middleware/callbacks.rb:30:in 'ActionDispatch::Callbacks#call'
actionpack (8.0.2) lib/action_dispatch/middleware/executor.rb:16:in 'ActionDispatch::Executor#call'
actionpack (8.0.2) lib/action_dispatch/middleware/actionable_exceptions.rb:18:in 'ActionDispatch::ActionableExceptions#call'
actionpack (8.0.2) lib/action_dispatch/middleware/debug_exceptions.rb:31:in 'ActionDispatch::DebugExceptions#call'
web-console (4.2.1) lib/web_console/middleware.rb:132:in 'WebConsole::Middleware#call_app'
web-console (4.2.1) lib/web_console/middleware.rb:28:in 'block in WebConsole::Middleware#call'
web-console (4.2.1) lib/web_console/middleware.rb:17:in 'Kernel#catch'
web-console (4.2.1) lib/web_console/middleware.rb:17:in 'WebConsole::Middleware#call'
actionpack (8.0.2) lib/action_dispatch/middleware/show_exceptions.rb:32:in 'ActionDispatch::ShowExceptions#call'
railties (8.0.2) lib/rails/rack/logger.rb:41:in 'Rails::Rack::Logger#call_app'
railties (8.0.2) lib/rails/rack/logger.rb:29:in 'Rails::Rack::Logger#call'
actionpack (8.0.2) lib/action_dispatch/middleware/remote_ip.rb:96:in 'ActionDispatch::RemoteIp#call'
actionpack (8.0.2) lib/action_dispatch/middleware/request_id.rb:34:in 'ActionDispatch::RequestId#call'
rack (3.1.15) lib/rack/method_override.rb:28:in 'Rack::MethodOverride#call'
rack (3.1.15) lib/rack/runtime.rb:24:in 'Rack::Runtime#call'
actionpack (8.0.2) lib/action_dispatch/middleware/server_timing.rb:61:in 'block in ActionDispatch::ServerTiming#call'
actionpack (8.0.2) lib/action_dispatch/middleware/server_timing.rb:26:in 'ActionDispatch::ServerTiming::Subscriber#collect_events'
actionpack (8.0.2) lib/action_dispatch/middleware/server_timing.rb:60:in 'ActionDispatch::ServerTiming#call'
actionpack (8.0.2) lib/action_dispatch/middleware/executor.rb:16:in 'ActionDispatch::Executor#call'
actionpack (8.0.2) lib/action_dispatch/middleware/static.rb:27:in 'ActionDispatch::Static#call'
rack (3.1.15) lib/rack/sendfile.rb:114:in 'Rack::Sendfile#call'
actionpack (8.0.2) lib/action_dispatch/middleware/host_authorization.rb:143:in 'ActionDispatch::HostAuthorization#call'
railties (8.0.2) lib/rails/engine.rb:535:in 'Rails::Engine#call'
puma (6.6.0) lib/puma/configuration.rb:279:in 'Puma::Configuration::ConfigMiddleware#call'
puma (6.6.0) lib/puma/request.rb:99:in 'block in Puma::Request#handle_request'
puma (6.6.0) lib/puma/thread_pool.rb:390:in 'Puma::ThreadPool#with_force_shutdown'
puma (6.6.0) lib/puma/request.rb:98:in 'Puma::Request#handle_request'
puma (6.6.0) lib/puma/server.rb:472:in 'Puma::Server#process_client'
puma (6.6.0) lib/puma/server.rb:254:in 'block in Puma::Server#run'
puma (6.6.0) lib/puma/thread_pool.rb:167:in 'block in Puma::ThreadPool#spawn_thread'

Information for cause: NameError (uninitialized constant UsersController):
  
activesupport (8.0.2) lib/active_support/inflector/methods.rb:290:in 'ActiveSupport::Inflector#constantize'
activesupport (8.0.2) lib/active_support/core_ext/string/inflections.rb:74:in 'String#constantize'
actionpack (8.0.2) lib/action_dispatch/http/request.rb:99:in 'ActionDispatch::Request#controller_class_for'
actionpack (8.0.2) lib/action_dispatch/http/request.rb:91:in 'ActionDispatch::Request#controller_class'
actionpack (8.0.2) lib/action_dispatch/routing/route_set.rb:61:in 'ActionDispatch::Routing::RouteSet::Dispatcher#controller'
actionpack (8.0.2) lib/action_dispatch/routing/route_set.rb:48:in 'ActionDispatch::Routing::RouteSet::Dispatcher#serve'
actionpack (8.0.2) lib/action_dispatch/journey/router.rb:53:in 'block in ActionDispatch::Journey::Router#serve'
actionpack (8.0.2) lib/action_dispatch/journey/router.rb:133:in 'block in ActionDispatch::Journey::Router#find_routes'
actionpack (8.0.2) lib/action_dispatch/journey/router.rb:126:in 'Array#each'
actionpack (8.0.2) lib/action_dispatch/journey/router.rb:126:in 'ActionDispatch::Journey::Router#find_routes'
actionpack (8.0.2) lib/action_dispatch/journey/router.rb:34:in 'ActionDispatch::Journey::Router#serve'
actionpack (8.0.2) lib/action_dispatch/routing/route_set.rb:908:in 'ActionDispatch::Routing::RouteSet#call'
railties (8.0.2) lib/rails/engine/lazy_route_set.rb:68:in 'Rails::Engine::LazyRouteSet#call'
rack (3.1.15) lib/rack/tempfile_reaper.rb:20:in 'Rack::TempfileReaper#call'
rack (3.1.15) lib/rack/etag.rb:29:in 'Rack::ETag#call'
rack (3.1.15) lib/rack/conditional_get.rb:43:in 'Rack::ConditionalGet#call'
rack (3.1.15) lib/rack/head.rb:15:in 'Rack::Head#call'
actionpack (8.0.2) lib/action_dispatch/http/permissions_policy.rb:38:in 'ActionDispatch::PermissionsPolicy::Middleware#call'
actionpack (8.0.2) lib/action_dispatch/http/content_security_policy.rb:38:in 'ActionDispatch::ContentSecurityPolicy::Middleware#call'
rack-session (2.1.1) lib/rack/session/abstract/id.rb:274:in 'Rack::Session::Abstract::Persisted#context'
rack-session (2.1.1) lib/rack/session/abstract/id.rb:268:in 'Rack::Session::Abstract::Persisted#call'
actionpack (8.0.2) lib/action_dispatch/middleware/cookies.rb:706:in 'ActionDispatch::Cookies#call'
activerecord (8.0.2) lib/active_record/migration.rb:671:in 'ActiveRecord::Migration::CheckPending#call'
actionpack (8.0.2) lib/action_dispatch/middleware/callbacks.rb:31:in 'block in ActionDispatch::Callbacks#call'
activesupport (8.0.2) lib/active_support/callbacks.rb:100:in 'ActiveSupport::Callbacks#run_callbacks'
actionpack (8.0.2) lib/action_dispatch/middleware/callbacks.rb:30:in 'ActionDispatch::Callbacks#call'
actionpack (8.0.2) lib/action_dispatch/middleware/executor.rb:16:in 'ActionDispatch::Executor#call'
actionpack (8.0.2) lib/action_dispatch/middleware/actionable_exceptions.rb:18:in 'ActionDispatch::ActionableExceptions#call'
actionpack (8.0.2) lib/action_dispatch/middleware/debug_exceptions.rb:31:in 'ActionDispatch::DebugExceptions#call'
web-console (4.2.1) lib/web_console/middleware.rb:132:in 'WebConsole::Middleware#call_app'
web-console (4.2.1) lib/web_console/middleware.rb:28:in 'block in WebConsole::Middleware#call'
web-console (4.2.1) lib/web_console/middleware.rb:17:in 'Kernel#catch'
web-console (4.2.1) lib/web_console/middleware.rb:17:in 'WebConsole::Middleware#call'
actionpack (8.0.2) lib/action_dispatch/middleware/show_exceptions.rb:32:in 'ActionDispatch::ShowExceptions#call'
railties (8.0.2) lib/rails/rack/logger.rb:41:in 'Rails::Rack::Logger#call_app'
railties (8.0.2) lib/rails/rack/logger.rb:29:in 'Rails::Rack::Logger#call'
actionpack (8.0.2) lib/action_dispatch/middleware/remote_ip.rb:96:in 'ActionDispatch::RemoteIp#call'
actionpack (8.0.2) lib/action_dispatch/middleware/request_id.rb:34:in 'ActionDispatch::RequestId#call'
rack (3.1.15) lib/rack/method_override.rb:28:in 'Rack::MethodOverride#call'
rack (3.1.15) lib/rack/runtime.rb:24:in 'Rack::Runtime#call'
actionpack (8.0.2) lib/action_dispatch/middleware/server_timing.rb:61:in 'block in ActionDispatch::ServerTiming#call'
actionpack (8.0.2) lib/action_dispatch/middleware/server_timing.rb:26:in 'ActionDispatch::ServerTiming::Subscriber#collect_events'
actionpack (8.0.2) lib/action_dispatch/middleware/server_timing.rb:60:in 'ActionDispatch::ServerTiming#call'
actionpack (8.0.2) lib/action_dispatch/middleware/executor.rb:16:in 'ActionDispatch::Executor#call'
actionpack (8.0.2) lib/action_dispatch/middleware/static.rb:27:in 'ActionDispatch::Static#call'
rack (3.1.15) lib/rack/sendfile.rb:114:in 'Rack::Sendfile#call'
actionpack (8.0.2) lib/action_dispatch/middleware/host_authorization.rb:143:in 'ActionDispatch::HostAuthorization#call'
railties (8.0.2) lib/rails/engine.rb:535:in 'Rails::Engine#call'
puma (6.6.0) lib/puma/configuration.rb:279:in 'Puma::Configuration::ConfigMiddleware#call'
puma (6.6.0) lib/puma/request.rb:99:in 'block in Puma::Request#handle_request'
puma (6.6.0) lib/puma/thread_pool.rb:390:in 'Puma::ThreadPool#with_force_shutdown'
puma (6.6.0) lib/puma/request.rb:98:in 'Puma::Request#handle_request'
puma (6.6.0) lib/puma/server.rb:472:in 'Puma::Server#process_client'
puma (6.6.0) lib/puma/server.rb:254:in 'block in Puma::Server#run'
puma (6.6.0) lib/puma/thread_pool.rb:167:in 'block in Puma::ThreadPool#spawn_thread'
Started POST "/users" for ::1 at 2025-05-29 10:07:49 +0530
  [1m[36mActiveRecord::SchemaMigration Load (1.6ms)[0m  [1m[34mSELECT "schema_migrations"."version" FROM "schema_migrations" ORDER BY "schema_migrations"."version" ASC /*application='UserManagement'*/[0m
  
ActionController::RoutingError (uninitialized constant UsersController)
Caused by: ActionDispatch::MissingController (uninitialized constant UsersController)
Caused by: NameError (uninitialized constant UsersController)

Information for: ActionController::RoutingError (uninitialized constant UsersController):
  

Information for cause: ActionDispatch::MissingController (uninitialized constant UsersController):
  
actionpack (8.0.2) lib/action_dispatch/http/request.rb:102:in 'ActionDispatch::Request#controller_class_for'
actionpack (8.0.2) lib/action_dispatch/http/request.rb:91:in 'ActionDispatch::Request#controller_class'
actionpack (8.0.2) lib/action_dispatch/routing/route_set.rb:61:in 'ActionDispatch::Routing::RouteSet::Dispatcher#controller'
actionpack (8.0.2) lib/action_dispatch/routing/route_set.rb:48:in 'ActionDispatch::Routing::RouteSet::Dispatcher#serve'
actionpack (8.0.2) lib/action_dispatch/journey/router.rb:53:in 'block in ActionDispatch::Journey::Router#serve'
actionpack (8.0.2) lib/action_dispatch/journey/router.rb:133:in 'block in ActionDispatch::Journey::Router#find_routes'
actionpack (8.0.2) lib/action_dispatch/journey/router.rb:126:in 'Array#each'
actionpack (8.0.2) lib/action_dispatch/journey/router.rb:126:in 'ActionDispatch::Journey::Router#find_routes'
actionpack (8.0.2) lib/action_dispatch/journey/router.rb:34:in 'ActionDispatch::Journey::Router#serve'
actionpack (8.0.2) lib/action_dispatch/routing/route_set.rb:908:in 'ActionDispatch::Routing::RouteSet#call'
railties (8.0.2) lib/rails/engine/lazy_route_set.rb:68:in 'Rails::Engine::LazyRouteSet#call'
rack (3.1.15) lib/rack/tempfile_reaper.rb:20:in 'Rack::TempfileReaper#call'
rack (3.1.15) lib/rack/etag.rb:29:in 'Rack::ETag#call'
rack (3.1.15) lib/rack/conditional_get.rb:43:in 'Rack::ConditionalGet#call'
rack (3.1.15) lib/rack/head.rb:15:in 'Rack::Head#call'
actionpack (8.0.2) lib/action_dispatch/http/permissions_policy.rb:38:in 'ActionDispatch::PermissionsPolicy::Middleware#call'
actionpack (8.0.2) lib/action_dispatch/http/content_security_policy.rb:38:in 'ActionDispatch::ContentSecurityPolicy::Middleware#call'
rack-session (2.1.1) lib/rack/session/abstract/id.rb:274:in 'Rack::Session::Abstract::Persisted#context'
rack-session (2.1.1) lib/rack/session/abstract/id.rb:268:in 'Rack::Session::Abstract::Persisted#call'
actionpack (8.0.2) lib/action_dispatch/middleware/cookies.rb:706:in 'ActionDispatch::Cookies#call'
activerecord (8.0.2) lib/active_record/migration.rb:671:in 'ActiveRecord::Migration::CheckPending#call'
actionpack (8.0.2) lib/action_dispatch/middleware/callbacks.rb:31:in 'block in ActionDispatch::Callbacks#call'
activesupport (8.0.2) lib/active_support/callbacks.rb:100:in 'ActiveSupport::Callbacks#run_callbacks'
actionpack (8.0.2) lib/action_dispatch/middleware/callbacks.rb:30:in 'ActionDispatch::Callbacks#call'
actionpack (8.0.2) lib/action_dispatch/middleware/executor.rb:16:in 'ActionDispatch::Executor#call'
actionpack (8.0.2) lib/action_dispatch/middleware/actionable_exceptions.rb:18:in 'ActionDispatch::ActionableExceptions#call'
actionpack (8.0.2) lib/action_dispatch/middleware/debug_exceptions.rb:31:in 'ActionDispatch::DebugExceptions#call'
web-console (4.2.1) lib/web_console/middleware.rb:132:in 'WebConsole::Middleware#call_app'
web-console (4.2.1) lib/web_console/middleware.rb:28:in 'block in WebConsole::Middleware#call'
web-console (4.2.1) lib/web_console/middleware.rb:17:in 'Kernel#catch'
web-console (4.2.1) lib/web_console/middleware.rb:17:in 'WebConsole::Middleware#call'
actionpack (8.0.2) lib/action_dispatch/middleware/show_exceptions.rb:32:in 'ActionDispatch::ShowExceptions#call'
railties (8.0.2) lib/rails/rack/logger.rb:41:in 'Rails::Rack::Logger#call_app'
railties (8.0.2) lib/rails/rack/logger.rb:29:in 'Rails::Rack::Logger#call'
actionpack (8.0.2) lib/action_dispatch/middleware/remote_ip.rb:96:in 'ActionDispatch::RemoteIp#call'
actionpack (8.0.2) lib/action_dispatch/middleware/request_id.rb:34:in 'ActionDispatch::RequestId#call'
rack (3.1.15) lib/rack/method_override.rb:28:in 'Rack::MethodOverride#call'
rack (3.1.15) lib/rack/runtime.rb:24:in 'Rack::Runtime#call'
actionpack (8.0.2) lib/action_dispatch/middleware/server_timing.rb:61:in 'block in ActionDispatch::ServerTiming#call'
actionpack (8.0.2) lib/action_dispatch/middleware/server_timing.rb:26:in 'ActionDispatch::ServerTiming::Subscriber#collect_events'
actionpack (8.0.2) lib/action_dispatch/middleware/server_timing.rb:60:in 'ActionDispatch::ServerTiming#call'
actionpack (8.0.2) lib/action_dispatch/middleware/executor.rb:16:in 'ActionDispatch::Executor#call'
actionpack (8.0.2) lib/action_dispatch/middleware/static.rb:27:in 'ActionDispatch::Static#call'
rack (3.1.15) lib/rack/sendfile.rb:114:in 'Rack::Sendfile#call'
actionpack (8.0.2) lib/action_dispatch/middleware/host_authorization.rb:143:in 'ActionDispatch::HostAuthorization#call'
railties (8.0.2) lib/rails/engine.rb:535:in 'Rails::Engine#call'
puma (6.6.0) lib/puma/configuration.rb:279:in 'Puma::Configuration::ConfigMiddleware#call'
puma (6.6.0) lib/puma/request.rb:99:in 'block in Puma::Request#handle_request'
puma (6.6.0) lib/puma/thread_pool.rb:390:in 'Puma::ThreadPool#with_force_shutdown'
puma (6.6.0) lib/puma/request.rb:98:in 'Puma::Request#handle_request'
puma (6.6.0) lib/puma/server.rb:472:in 'Puma::Server#process_client'
puma (6.6.0) lib/puma/server.rb:254:in 'block in Puma::Server#run'
puma (6.6.0) lib/puma/thread_pool.rb:167:in 'block in Puma::ThreadPool#spawn_thread'

Information for cause: NameError (uninitialized constant UsersController):
  
activesupport (8.0.2) lib/active_support/inflector/methods.rb:290:in 'ActiveSupport::Inflector#constantize'
activesupport (8.0.2) lib/active_support/core_ext/string/inflections.rb:74:in 'String#constantize'
actionpack (8.0.2) lib/action_dispatch/http/request.rb:99:in 'ActionDispatch::Request#controller_class_for'
actionpack (8.0.2) lib/action_dispatch/http/request.rb:91:in 'ActionDispatch::Request#controller_class'
actionpack (8.0.2) lib/action_dispatch/routing/route_set.rb:61:in 'ActionDispatch::Routing::RouteSet::Dispatcher#controller'
actionpack (8.0.2) lib/action_dispatch/routing/route_set.rb:48:in 'ActionDispatch::Routing::RouteSet::Dispatcher#serve'
actionpack (8.0.2) lib/action_dispatch/journey/router.rb:53:in 'block in ActionDispatch::Journey::Router#serve'
actionpack (8.0.2) lib/action_dispatch/journey/router.rb:133:in 'block in ActionDispatch::Journey::Router#find_routes'
actionpack (8.0.2) lib/action_dispatch/journey/router.rb:126:in 'Array#each'
actionpack (8.0.2) lib/action_dispatch/journey/router.rb:126:in 'ActionDispatch::Journey::Router#find_routes'
actionpack (8.0.2) lib/action_dispatch/journey/router.rb:34:in 'ActionDispatch::Journey::Router#serve'
actionpack (8.0.2) lib/action_dispatch/routing/route_set.rb:908:in 'ActionDispatch::Routing::RouteSet#call'
railties (8.0.2) lib/rails/engine/lazy_route_set.rb:68:in 'Rails::Engine::LazyRouteSet#call'
rack (3.1.15) lib/rack/tempfile_reaper.rb:20:in 'Rack::TempfileReaper#call'
rack (3.1.15) lib/rack/etag.rb:29:in 'Rack::ETag#call'
rack (3.1.15) lib/rack/conditional_get.rb:43:in 'Rack::ConditionalGet#call'
rack (3.1.15) lib/rack/head.rb:15:in 'Rack::Head#call'
actionpack (8.0.2) lib/action_dispatch/http/permissions_policy.rb:38:in 'ActionDispatch::PermissionsPolicy::Middleware#call'
actionpack (8.0.2) lib/action_dispatch/http/content_security_policy.rb:38:in 'ActionDispatch::ContentSecurityPolicy::Middleware#call'
rack-session (2.1.1) lib/rack/session/abstract/id.rb:274:in 'Rack::Session::Abstract::Persisted#context'
rack-session (2.1.1) lib/rack/session/abstract/id.rb:268:in 'Rack::Session::Abstract::Persisted#call'
actionpack (8.0.2) lib/action_dispatch/middleware/cookies.rb:706:in 'ActionDispatch::Cookies#call'
activerecord (8.0.2) lib/active_record/migration.rb:671:in 'ActiveRecord::Migration::CheckPending#call'
actionpack (8.0.2) lib/action_dispatch/middleware/callbacks.rb:31:in 'block in ActionDispatch::Callbacks#call'
activesupport (8.0.2) lib/active_support/callbacks.rb:100:in 'ActiveSupport::Callbacks#run_callbacks'
actionpack (8.0.2) lib/action_dispatch/middleware/callbacks.rb:30:in 'ActionDispatch::Callbacks#call'
actionpack (8.0.2) lib/action_dispatch/middleware/executor.rb:16:in 'ActionDispatch::Executor#call'
actionpack (8.0.2) lib/action_dispatch/middleware/actionable_exceptions.rb:18:in 'ActionDispatch::ActionableExceptions#call'
actionpack (8.0.2) lib/action_dispatch/middleware/debug_exceptions.rb:31:in 'ActionDispatch::DebugExceptions#call'
web-console (4.2.1) lib/web_console/middleware.rb:132:in 'WebConsole::Middleware#call_app'
web-console (4.2.1) lib/web_console/middleware.rb:28:in 'block in WebConsole::Middleware#call'
web-console (4.2.1) lib/web_console/middleware.rb:17:in 'Kernel#catch'
web-console (4.2.1) lib/web_console/middleware.rb:17:in 'WebConsole::Middleware#call'
actionpack (8.0.2) lib/action_dispatch/middleware/show_exceptions.rb:32:in 'ActionDispatch::ShowExceptions#call'
railties (8.0.2) lib/rails/rack/logger.rb:41:in 'Rails::Rack::Logger#call_app'
railties (8.0.2) lib/rails/rack/logger.rb:29:in 'Rails::Rack::Logger#call'
actionpack (8.0.2) lib/action_dispatch/middleware/remote_ip.rb:96:in 'ActionDispatch::RemoteIp#call'
actionpack (8.0.2) lib/action_dispatch/middleware/request_id.rb:34:in 'ActionDispatch::RequestId#call'
rack (3.1.15) lib/rack/method_override.rb:28:in 'Rack::MethodOverride#call'
rack (3.1.15) lib/rack/runtime.rb:24:in 'Rack::Runtime#call'
actionpack (8.0.2) lib/action_dispatch/middleware/server_timing.rb:61:in 'block in ActionDispatch::ServerTiming#call'
actionpack (8.0.2) lib/action_dispatch/middleware/server_timing.rb:26:in 'ActionDispatch::ServerTiming::Subscriber#collect_events'
actionpack (8.0.2) lib/action_dispatch/middleware/server_timing.rb:60:in 'ActionDispatch::ServerTiming#call'
actionpack (8.0.2) lib/action_dispatch/middleware/executor.rb:16:in 'ActionDispatch::Executor#call'
actionpack (8.0.2) lib/action_dispatch/middleware/static.rb:27:in 'ActionDispatch::Static#call'
rack (3.1.15) lib/rack/sendfile.rb:114:in 'Rack::Sendfile#call'
actionpack (8.0.2) lib/action_dispatch/middleware/host_authorization.rb:143:in 'ActionDispatch::HostAuthorization#call'
railties (8.0.2) lib/rails/engine.rb:535:in 'Rails::Engine#call'
puma (6.6.0) lib/puma/configuration.rb:279:in 'Puma::Configuration::ConfigMiddleware#call'
puma (6.6.0) lib/puma/request.rb:99:in 'block in Puma::Request#handle_request'
puma (6.6.0) lib/puma/thread_pool.rb:390:in 'Puma::ThreadPool#with_force_shutdown'
puma (6.6.0) lib/puma/request.rb:98:in 'Puma::Request#handle_request'
puma (6.6.0) lib/puma/server.rb:472:in 'Puma::Server#process_client'
puma (6.6.0) lib/puma/server.rb:254:in 'block in Puma::Server#run'
puma (6.6.0) lib/puma/thread_pool.rb:167:in 'block in Puma::ThreadPool#spawn_thread'
Started GET "/" for ::1 at 2025-05-29 10:07:58 +0530
  
ActionController::RoutingError (uninitialized constant SessionsController)
Caused by: ActionDispatch::MissingController (uninitialized constant SessionsController)
Caused by: NameError (uninitialized constant SessionsController)

Information for: ActionController::RoutingError (uninitialized constant SessionsController):
  

Information for cause: ActionDispatch::MissingController (uninitialized constant SessionsController):
  
actionpack (8.0.2) lib/action_dispatch/http/request.rb:102:in 'ActionDispatch::Request#controller_class_for'
actionpack (8.0.2) lib/action_dispatch/http/request.rb:91:in 'ActionDispatch::Request#controller_class'
actionpack (8.0.2) lib/action_dispatch/routing/route_set.rb:61:in 'ActionDispatch::Routing::RouteSet::Dispatcher#controller'
actionpack (8.0.2) lib/action_dispatch/routing/route_set.rb:48:in 'ActionDispatch::Routing::RouteSet::Dispatcher#serve'
actionpack (8.0.2) lib/action_dispatch/journey/router.rb:53:in 'block in ActionDispatch::Journey::Router#serve'
actionpack (8.0.2) lib/action_dispatch/journey/router.rb:133:in 'block in ActionDispatch::Journey::Router#find_routes'
actionpack (8.0.2) lib/action_dispatch/journey/router.rb:126:in 'Array#each'
actionpack (8.0.2) lib/action_dispatch/journey/router.rb:126:in 'ActionDispatch::Journey::Router#find_routes'
actionpack (8.0.2) lib/action_dispatch/journey/router.rb:34:in 'ActionDispatch::Journey::Router#serve'
actionpack (8.0.2) lib/action_dispatch/routing/route_set.rb:908:in 'ActionDispatch::Routing::RouteSet#call'
railties (8.0.2) lib/rails/engine/lazy_route_set.rb:68:in 'Rails::Engine::LazyRouteSet#call'
rack (3.1.15) lib/rack/tempfile_reaper.rb:20:in 'Rack::TempfileReaper#call'
rack (3.1.15) lib/rack/etag.rb:29:in 'Rack::ETag#call'
rack (3.1.15) lib/rack/conditional_get.rb:31:in 'Rack::ConditionalGet#call'
rack (3.1.15) lib/rack/head.rb:15:in 'Rack::Head#call'
actionpack (8.0.2) lib/action_dispatch/http/permissions_policy.rb:38:in 'ActionDispatch::PermissionsPolicy::Middleware#call'
actionpack (8.0.2) lib/action_dispatch/http/content_security_policy.rb:38:in 'ActionDispatch::ContentSecurityPolicy::Middleware#call'
rack-session (2.1.1) lib/rack/session/abstract/id.rb:274:in 'Rack::Session::Abstract::Persisted#context'
rack-session (2.1.1) lib/rack/session/abstract/id.rb:268:in 'Rack::Session::Abstract::Persisted#call'
actionpack (8.0.2) lib/action_dispatch/middleware/cookies.rb:706:in 'ActionDispatch::Cookies#call'
activerecord (8.0.2) lib/active_record/migration.rb:671:in 'ActiveRecord::Migration::CheckPending#call'
actionpack (8.0.2) lib/action_dispatch/middleware/callbacks.rb:31:in 'block in ActionDispatch::Callbacks#call'
activesupport (8.0.2) lib/active_support/callbacks.rb:100:in 'ActiveSupport::Callbacks#run_callbacks'
actionpack (8.0.2) lib/action_dispatch/middleware/callbacks.rb:30:in 'ActionDispatch::Callbacks#call'
actionpack (8.0.2) lib/action_dispatch/middleware/executor.rb:16:in 'ActionDispatch::Executor#call'
actionpack (8.0.2) lib/action_dispatch/middleware/actionable_exceptions.rb:18:in 'ActionDispatch::ActionableExceptions#call'
actionpack (8.0.2) lib/action_dispatch/middleware/debug_exceptions.rb:31:in 'ActionDispatch::DebugExceptions#call'
web-console (4.2.1) lib/web_console/middleware.rb:132:in 'WebConsole::Middleware#call_app'
web-console (4.2.1) lib/web_console/middleware.rb:28:in 'block in WebConsole::Middleware#call'
web-console (4.2.1) lib/web_console/middleware.rb:17:in 'Kernel#catch'
web-console (4.2.1) lib/web_console/middleware.rb:17:in 'WebConsole::Middleware#call'
actionpack (8.0.2) lib/action_dispatch/middleware/show_exceptions.rb:32:in 'ActionDispatch::ShowExceptions#call'
railties (8.0.2) lib/rails/rack/logger.rb:41:in 'Rails::Rack::Logger#call_app'
railties (8.0.2) lib/rails/rack/logger.rb:29:in 'Rails::Rack::Logger#call'
actionpack (8.0.2) lib/action_dispatch/middleware/remote_ip.rb:96:in 'ActionDispatch::RemoteIp#call'
actionpack (8.0.2) lib/action_dispatch/middleware/request_id.rb:34:in 'ActionDispatch::RequestId#call'
rack (3.1.15) lib/rack/method_override.rb:28:in 'Rack::MethodOverride#call'
rack (3.1.15) lib/rack/runtime.rb:24:in 'Rack::Runtime#call'
actionpack (8.0.2) lib/action_dispatch/middleware/server_timing.rb:61:in 'block in ActionDispatch::ServerTiming#call'
actionpack (8.0.2) lib/action_dispatch/middleware/server_timing.rb:26:in 'ActionDispatch::ServerTiming::Subscriber#collect_events'
actionpack (8.0.2) lib/action_dispatch/middleware/server_timing.rb:60:in 'ActionDispatch::ServerTiming#call'
actionpack (8.0.2) lib/action_dispatch/middleware/executor.rb:16:in 'ActionDispatch::Executor#call'
actionpack (8.0.2) lib/action_dispatch/middleware/static.rb:27:in 'ActionDispatch::Static#call'
rack (3.1.15) lib/rack/sendfile.rb:114:in 'Rack::Sendfile#call'
actionpack (8.0.2) lib/action_dispatch/middleware/host_authorization.rb:143:in 'ActionDispatch::HostAuthorization#call'
railties (8.0.2) lib/rails/engine.rb:535:in 'Rails::Engine#call'
puma (6.6.0) lib/puma/configuration.rb:279:in 'Puma::Configuration::ConfigMiddleware#call'
puma (6.6.0) lib/puma/request.rb:99:in 'block in Puma::Request#handle_request'
puma (6.6.0) lib/puma/thread_pool.rb:390:in 'Puma::ThreadPool#with_force_shutdown'
puma (6.6.0) lib/puma/request.rb:98:in 'Puma::Request#handle_request'
puma (6.6.0) lib/puma/server.rb:472:in 'Puma::Server#process_client'
puma (6.6.0) lib/puma/server.rb:254:in 'block in Puma::Server#run'
puma (6.6.0) lib/puma/thread_pool.rb:167:in 'block in Puma::ThreadPool#spawn_thread'

Information for cause: NameError (uninitialized constant SessionsController):
  
activesupport (8.0.2) lib/active_support/inflector/methods.rb:290:in 'ActiveSupport::Inflector#constantize'
activesupport (8.0.2) lib/active_support/core_ext/string/inflections.rb:74:in 'String#constantize'
actionpack (8.0.2) lib/action_dispatch/http/request.rb:99:in 'ActionDispatch::Request#controller_class_for'
actionpack (8.0.2) lib/action_dispatch/http/request.rb:91:in 'ActionDispatch::Request#controller_class'
actionpack (8.0.2) lib/action_dispatch/routing/route_set.rb:61:in 'ActionDispatch::Routing::RouteSet::Dispatcher#controller'
actionpack (8.0.2) lib/action_dispatch/routing/route_set.rb:48:in 'ActionDispatch::Routing::RouteSet::Dispatcher#serve'
actionpack (8.0.2) lib/action_dispatch/journey/router.rb:53:in 'block in ActionDispatch::Journey::Router#serve'
actionpack (8.0.2) lib/action_dispatch/journey/router.rb:133:in 'block in ActionDispatch::Journey::Router#find_routes'
actionpack (8.0.2) lib/action_dispatch/journey/router.rb:126:in 'Array#each'
actionpack (8.0.2) lib/action_dispatch/journey/router.rb:126:in 'ActionDispatch::Journey::Router#find_routes'
actionpack (8.0.2) lib/action_dispatch/journey/router.rb:34:in 'ActionDispatch::Journey::Router#serve'
actionpack (8.0.2) lib/action_dispatch/routing/route_set.rb:908:in 'ActionDispatch::Routing::RouteSet#call'
railties (8.0.2) lib/rails/engine/lazy_route_set.rb:68:in 'Rails::Engine::LazyRouteSet#call'
rack (3.1.15) lib/rack/tempfile_reaper.rb:20:in 'Rack::TempfileReaper#call'
rack (3.1.15) lib/rack/etag.rb:29:in 'Rack::ETag#call'
rack (3.1.15) lib/rack/conditional_get.rb:31:in 'Rack::ConditionalGet#call'
rack (3.1.15) lib/rack/head.rb:15:in 'Rack::Head#call'
actionpack (8.0.2) lib/action_dispatch/http/permissions_policy.rb:38:in 'ActionDispatch::PermissionsPolicy::Middleware#call'
actionpack (8.0.2) lib/action_dispatch/http/content_security_policy.rb:38:in 'ActionDispatch::ContentSecurityPolicy::Middleware#call'
rack-session (2.1.1) lib/rack/session/abstract/id.rb:274:in 'Rack::Session::Abstract::Persisted#context'
rack-session (2.1.1) lib/rack/session/abstract/id.rb:268:in 'Rack::Session::Abstract::Persisted#call'
actionpack (8.0.2) lib/action_dispatch/middleware/cookies.rb:706:in 'ActionDispatch::Cookies#call'
activerecord (8.0.2) lib/active_record/migration.rb:671:in 'ActiveRecord::Migration::CheckPending#call'
actionpack (8.0.2) lib/action_dispatch/middleware/callbacks.rb:31:in 'block in ActionDispatch::Callbacks#call'
activesupport (8.0.2) lib/active_support/callbacks.rb:100:in 'ActiveSupport::Callbacks#run_callbacks'
actionpack (8.0.2) lib/action_dispatch/middleware/callbacks.rb:30:in 'ActionDispatch::Callbacks#call'
actionpack (8.0.2) lib/action_dispatch/middleware/executor.rb:16:in 'ActionDispatch::Executor#call'
actionpack (8.0.2) lib/action_dispatch/middleware/actionable_exceptions.rb:18:in 'ActionDispatch::ActionableExceptions#call'
actionpack (8.0.2) lib/action_dispatch/middleware/debug_exceptions.rb:31:in 'ActionDispatch::DebugExceptions#call'
web-console (4.2.1) lib/web_console/middleware.rb:132:in 'WebConsole::Middleware#call_app'
web-console (4.2.1) lib/web_console/middleware.rb:28:in 'block in WebConsole::Middleware#call'
web-console (4.2.1) lib/web_console/middleware.rb:17:in 'Kernel#catch'
web-console (4.2.1) lib/web_console/middleware.rb:17:in 'WebConsole::Middleware#call'
actionpack (8.0.2) lib/action_dispatch/middleware/show_exceptions.rb:32:in 'ActionDispatch::ShowExceptions#call'
railties (8.0.2) lib/rails/rack/logger.rb:41:in 'Rails::Rack::Logger#call_app'
railties (8.0.2) lib/rails/rack/logger.rb:29:in 'Rails::Rack::Logger#call'
actionpack (8.0.2) lib/action_dispatch/middleware/remote_ip.rb:96:in 'ActionDispatch::RemoteIp#call'
actionpack (8.0.2) lib/action_dispatch/middleware/request_id.rb:34:in 'ActionDispatch::RequestId#call'
rack (3.1.15) lib/rack/method_override.rb:28:in 'Rack::MethodOverride#call'
rack (3.1.15) lib/rack/runtime.rb:24:in 'Rack::Runtime#call'
actionpack (8.0.2) lib/action_dispatch/middleware/server_timing.rb:61:in 'block in ActionDispatch::ServerTiming#call'
actionpack (8.0.2) lib/action_dispatch/middleware/server_timing.rb:26:in 'ActionDispatch::ServerTiming::Subscriber#collect_events'
actionpack (8.0.2) lib/action_dispatch/middleware/server_timing.rb:60:in 'ActionDispatch::ServerTiming#call'
actionpack (8.0.2) lib/action_dispatch/middleware/executor.rb:16:in 'ActionDispatch::Executor#call'
actionpack (8.0.2) lib/action_dispatch/middleware/static.rb:27:in 'ActionDispatch::Static#call'
rack (3.1.15) lib/rack/sendfile.rb:114:in 'Rack::Sendfile#call'
actionpack (8.0.2) lib/action_dispatch/middleware/host_authorization.rb:143:in 'ActionDispatch::HostAuthorization#call'
railties (8.0.2) lib/rails/engine.rb:535:in 'Rails::Engine#call'
puma (6.6.0) lib/puma/configuration.rb:279:in 'Puma::Configuration::ConfigMiddleware#call'
puma (6.6.0) lib/puma/request.rb:99:in 'block in Puma::Request#handle_request'
puma (6.6.0) lib/puma/thread_pool.rb:390:in 'Puma::ThreadPool#with_force_shutdown'
puma (6.6.0) lib/puma/request.rb:98:in 'Puma::Request#handle_request'
puma (6.6.0) lib/puma/server.rb:472:in 'Puma::Server#process_client'
puma (6.6.0) lib/puma/server.rb:254:in 'block in Puma::Server#run'
puma (6.6.0) lib/puma/thread_pool.rb:167:in 'block in Puma::ThreadPool#spawn_thread'
Started GET "/" for ::1 at 2025-05-29 10:08:39 +0530
Processing by UserController#index as HTML
  Rendering layout layouts/application.html.erb
  Rendering user/index.html.erb within layouts/application
  Rendered user/index.html.erb within layouts/application (Duration: 0.1ms | GC: 0.0ms)
  Rendered layout layouts/application.html.erb (Duration: 14.5ms | GC: 8.4ms)
Completed 200 OK in 74ms (Views: 16.1ms | ActiveRecord: 0.0ms (0 queries, 0 cached) | GC: 14.8ms)


Started POST "/users" for ::1 at 2025-05-29 10:08:44 +0530
  
ActionController::RoutingError (uninitialized constant UsersController)
Caused by: ActionDispatch::MissingController (uninitialized constant UsersController)
Caused by: NameError (uninitialized constant UsersController)

Information for: ActionController::RoutingError (uninitialized constant UsersController):
  

Information for cause: ActionDispatch::MissingController (uninitialized constant UsersController):
  
actionpack (8.0.2) lib/action_dispatch/http/request.rb:102:in 'ActionDispatch::Request#controller_class_for'
actionpack (8.0.2) lib/action_dispatch/http/request.rb:91:in 'ActionDispatch::Request#controller_class'
actionpack (8.0.2) lib/action_dispatch/routing/route_set.rb:61:in 'ActionDispatch::Routing::RouteSet::Dispatcher#controller'
actionpack (8.0.2) lib/action_dispatch/routing/route_set.rb:48:in 'ActionDispatch::Routing::RouteSet::Dispatcher#serve'
actionpack (8.0.2) lib/action_dispatch/journey/router.rb:53:in 'block in ActionDispatch::Journey::Router#serve'
actionpack (8.0.2) lib/action_dispatch/journey/router.rb:133:in 'block in ActionDispatch::Journey::Router#find_routes'
actionpack (8.0.2) lib/action_dispatch/journey/router.rb:126:in 'Array#each'
actionpack (8.0.2) lib/action_dispatch/journey/router.rb:126:in 'ActionDispatch::Journey::Router#find_routes'
actionpack (8.0.2) lib/action_dispatch/journey/router.rb:34:in 'ActionDispatch::Journey::Router#serve'
actionpack (8.0.2) lib/action_dispatch/routing/route_set.rb:908:in 'ActionDispatch::Routing::RouteSet#call'
railties (8.0.2) lib/rails/engine/lazy_route_set.rb:68:in 'Rails::Engine::LazyRouteSet#call'
rack (3.1.15) lib/rack/tempfile_reaper.rb:20:in 'Rack::TempfileReaper#call'
rack (3.1.15) lib/rack/etag.rb:29:in 'Rack::ETag#call'
rack (3.1.15) lib/rack/conditional_get.rb:43:in 'Rack::ConditionalGet#call'
rack (3.1.15) lib/rack/head.rb:15:in 'Rack::Head#call'
actionpack (8.0.2) lib/action_dispatch/http/permissions_policy.rb:38:in 'ActionDispatch::PermissionsPolicy::Middleware#call'
actionpack (8.0.2) lib/action_dispatch/http/content_security_policy.rb:38:in 'ActionDispatch::ContentSecurityPolicy::Middleware#call'
rack-session (2.1.1) lib/rack/session/abstract/id.rb:274:in 'Rack::Session::Abstract::Persisted#context'
rack-session (2.1.1) lib/rack/session/abstract/id.rb:268:in 'Rack::Session::Abstract::Persisted#call'
actionpack (8.0.2) lib/action_dispatch/middleware/cookies.rb:706:in 'ActionDispatch::Cookies#call'
activerecord (8.0.2) lib/active_record/migration.rb:671:in 'ActiveRecord::Migration::CheckPending#call'
actionpack (8.0.2) lib/action_dispatch/middleware/callbacks.rb:31:in 'block in ActionDispatch::Callbacks#call'
activesupport (8.0.2) lib/active_support/callbacks.rb:100:in 'ActiveSupport::Callbacks#run_callbacks'
actionpack (8.0.2) lib/action_dispatch/middleware/callbacks.rb:30:in 'ActionDispatch::Callbacks#call'
actionpack (8.0.2) lib/action_dispatch/middleware/executor.rb:16:in 'ActionDispatch::Executor#call'
actionpack (8.0.2) lib/action_dispatch/middleware/actionable_exceptions.rb:18:in 'ActionDispatch::ActionableExceptions#call'
actionpack (8.0.2) lib/action_dispatch/middleware/debug_exceptions.rb:31:in 'ActionDispatch::DebugExceptions#call'
web-console (4.2.1) lib/web_console/middleware.rb:132:in 'WebConsole::Middleware#call_app'
web-console (4.2.1) lib/web_console/middleware.rb:28:in 'block in WebConsole::Middleware#call'
web-console (4.2.1) lib/web_console/middleware.rb:17:in 'Kernel#catch'
web-console (4.2.1) lib/web_console/middleware.rb:17:in 'WebConsole::Middleware#call'
actionpack (8.0.2) lib/action_dispatch/middleware/show_exceptions.rb:32:in 'ActionDispatch::ShowExceptions#call'
railties (8.0.2) lib/rails/rack/logger.rb:41:in 'Rails::Rack::Logger#call_app'
railties (8.0.2) lib/rails/rack/logger.rb:29:in 'Rails::Rack::Logger#call'
actionpack (8.0.2) lib/action_dispatch/middleware/remote_ip.rb:96:in 'ActionDispatch::RemoteIp#call'
actionpack (8.0.2) lib/action_dispatch/middleware/request_id.rb:34:in 'ActionDispatch::RequestId#call'
rack (3.1.15) lib/rack/method_override.rb:28:in 'Rack::MethodOverride#call'
rack (3.1.15) lib/rack/runtime.rb:24:in 'Rack::Runtime#call'
actionpack (8.0.2) lib/action_dispatch/middleware/server_timing.rb:61:in 'block in ActionDispatch::ServerTiming#call'
actionpack (8.0.2) lib/action_dispatch/middleware/server_timing.rb:26:in 'ActionDispatch::ServerTiming::Subscriber#collect_events'
actionpack (8.0.2) lib/action_dispatch/middleware/server_timing.rb:60:in 'ActionDispatch::ServerTiming#call'
actionpack (8.0.2) lib/action_dispatch/middleware/executor.rb:16:in 'ActionDispatch::Executor#call'
actionpack (8.0.2) lib/action_dispatch/middleware/static.rb:27:in 'ActionDispatch::Static#call'
rack (3.1.15) lib/rack/sendfile.rb:114:in 'Rack::Sendfile#call'
actionpack (8.0.2) lib/action_dispatch/middleware/host_authorization.rb:143:in 'ActionDispatch::HostAuthorization#call'
railties (8.0.2) lib/rails/engine.rb:535:in 'Rails::Engine#call'
puma (6.6.0) lib/puma/configuration.rb:279:in 'Puma::Configuration::ConfigMiddleware#call'
puma (6.6.0) lib/puma/request.rb:99:in 'block in Puma::Request#handle_request'
puma (6.6.0) lib/puma/thread_pool.rb:390:in 'Puma::ThreadPool#with_force_shutdown'
puma (6.6.0) lib/puma/request.rb:98:in 'Puma::Request#handle_request'
puma (6.6.0) lib/puma/server.rb:472:in 'Puma::Server#process_client'
puma (6.6.0) lib/puma/server.rb:254:in 'block in Puma::Server#run'
puma (6.6.0) lib/puma/thread_pool.rb:167:in 'block in Puma::ThreadPool#spawn_thread'

Information for cause: NameError (uninitialized constant UsersController):
  
activesupport (8.0.2) lib/active_support/inflector/methods.rb:290:in 'ActiveSupport::Inflector#constantize'
activesupport (8.0.2) lib/active_support/core_ext/string/inflections.rb:74:in 'String#constantize'
actionpack (8.0.2) lib/action_dispatch/http/request.rb:99:in 'ActionDispatch::Request#controller_class_for'
actionpack (8.0.2) lib/action_dispatch/http/request.rb:91:in 'ActionDispatch::Request#controller_class'
actionpack (8.0.2) lib/action_dispatch/routing/route_set.rb:61:in 'ActionDispatch::Routing::RouteSet::Dispatcher#controller'
actionpack (8.0.2) lib/action_dispatch/routing/route_set.rb:48:in 'ActionDispatch::Routing::RouteSet::Dispatcher#serve'
actionpack (8.0.2) lib/action_dispatch/journey/router.rb:53:in 'block in ActionDispatch::Journey::Router#serve'
actionpack (8.0.2) lib/action_dispatch/journey/router.rb:133:in 'block in ActionDispatch::Journey::Router#find_routes'
actionpack (8.0.2) lib/action_dispatch/journey/router.rb:126:in 'Array#each'
actionpack (8.0.2) lib/action_dispatch/journey/router.rb:126:in 'ActionDispatch::Journey::Router#find_routes'
actionpack (8.0.2) lib/action_dispatch/journey/router.rb:34:in 'ActionDispatch::Journey::Router#serve'
actionpack (8.0.2) lib/action_dispatch/routing/route_set.rb:908:in 'ActionDispatch::Routing::RouteSet#call'
railties (8.0.2) lib/rails/engine/lazy_route_set.rb:68:in 'Rails::Engine::LazyRouteSet#call'
rack (3.1.15) lib/rack/tempfile_reaper.rb:20:in 'Rack::TempfileReaper#call'
rack (3.1.15) lib/rack/etag.rb:29:in 'Rack::ETag#call'
rack (3.1.15) lib/rack/conditional_get.rb:43:in 'Rack::ConditionalGet#call'
rack (3.1.15) lib/rack/head.rb:15:in 'Rack::Head#call'
actionpack (8.0.2) lib/action_dispatch/http/permissions_policy.rb:38:in 'ActionDispatch::PermissionsPolicy::Middleware#call'
actionpack (8.0.2) lib/action_dispatch/http/content_security_policy.rb:38:in 'ActionDispatch::ContentSecurityPolicy::Middleware#call'
rack-session (2.1.1) lib/rack/session/abstract/id.rb:274:in 'Rack::Session::Abstract::Persisted#context'
rack-session (2.1.1) lib/rack/session/abstract/id.rb:268:in 'Rack::Session::Abstract::Persisted#call'
actionpack (8.0.2) lib/action_dispatch/middleware/cookies.rb:706:in 'ActionDispatch::Cookies#call'
activerecord (8.0.2) lib/active_record/migration.rb:671:in 'ActiveRecord::Migration::CheckPending#call'
actionpack (8.0.2) lib/action_dispatch/middleware/callbacks.rb:31:in 'block in ActionDispatch::Callbacks#call'
activesupport (8.0.2) lib/active_support/callbacks.rb:100:in 'ActiveSupport::Callbacks#run_callbacks'
actionpack (8.0.2) lib/action_dispatch/middleware/callbacks.rb:30:in 'ActionDispatch::Callbacks#call'
actionpack (8.0.2) lib/action_dispatch/middleware/executor.rb:16:in 'ActionDispatch::Executor#call'
actionpack (8.0.2) lib/action_dispatch/middleware/actionable_exceptions.rb:18:in 'ActionDispatch::ActionableExceptions#call'
actionpack (8.0.2) lib/action_dispatch/middleware/debug_exceptions.rb:31:in 'ActionDispatch::DebugExceptions#call'
web-console (4.2.1) lib/web_console/middleware.rb:132:in 'WebConsole::Middleware#call_app'
web-console (4.2.1) lib/web_console/middleware.rb:28:in 'block in WebConsole::Middleware#call'
web-console (4.2.1) lib/web_console/middleware.rb:17:in 'Kernel#catch'
web-console (4.2.1) lib/web_console/middleware.rb:17:in 'WebConsole::Middleware#call'
actionpack (8.0.2) lib/action_dispatch/middleware/show_exceptions.rb:32:in 'ActionDispatch::ShowExceptions#call'
railties (8.0.2) lib/rails/rack/logger.rb:41:in 'Rails::Rack::Logger#call_app'
railties (8.0.2) lib/rails/rack/logger.rb:29:in 'Rails::Rack::Logger#call'
actionpack (8.0.2) lib/action_dispatch/middleware/remote_ip.rb:96:in 'ActionDispatch::RemoteIp#call'
actionpack (8.0.2) lib/action_dispatch/middleware/request_id.rb:34:in 'ActionDispatch::RequestId#call'
rack (3.1.15) lib/rack/method_override.rb:28:in 'Rack::MethodOverride#call'
rack (3.1.15) lib/rack/runtime.rb:24:in 'Rack::Runtime#call'
actionpack (8.0.2) lib/action_dispatch/middleware/server_timing.rb:61:in 'block in ActionDispatch::ServerTiming#call'
actionpack (8.0.2) lib/action_dispatch/middleware/server_timing.rb:26:in 'ActionDispatch::ServerTiming::Subscriber#collect_events'
actionpack (8.0.2) lib/action_dispatch/middleware/server_timing.rb:60:in 'ActionDispatch::ServerTiming#call'
actionpack (8.0.2) lib/action_dispatch/middleware/executor.rb:16:in 'ActionDispatch::Executor#call'
actionpack (8.0.2) lib/action_dispatch/middleware/static.rb:27:in 'ActionDispatch::Static#call'
rack (3.1.15) lib/rack/sendfile.rb:114:in 'Rack::Sendfile#call'
actionpack (8.0.2) lib/action_dispatch/middleware/host_authorization.rb:143:in 'ActionDispatch::HostAuthorization#call'
railties (8.0.2) lib/rails/engine.rb:535:in 'Rails::Engine#call'
puma (6.6.0) lib/puma/configuration.rb:279:in 'Puma::Configuration::ConfigMiddleware#call'
puma (6.6.0) lib/puma/request.rb:99:in 'block in Puma::Request#handle_request'
puma (6.6.0) lib/puma/thread_pool.rb:390:in 'Puma::ThreadPool#with_force_shutdown'
puma (6.6.0) lib/puma/request.rb:98:in 'Puma::Request#handle_request'
puma (6.6.0) lib/puma/server.rb:472:in 'Puma::Server#process_client'
puma (6.6.0) lib/puma/server.rb:254:in 'block in Puma::Server#run'
puma (6.6.0) lib/puma/thread_pool.rb:167:in 'block in Puma::ThreadPool#spawn_thread'
Started POST "/users" for ::1 at 2025-05-29 10:08:45 +0530
  
ActionController::RoutingError (uninitialized constant UsersController)
Caused by: ActionDispatch::MissingController (uninitialized constant UsersController)
Caused by: NameError (uninitialized constant UsersController)

Information for: ActionController::RoutingError (uninitialized constant UsersController):
  

Information for cause: ActionDispatch::MissingController (uninitialized constant UsersController):
  
actionpack (8.0.2) lib/action_dispatch/http/request.rb:102:in 'ActionDispatch::Request#controller_class_for'
actionpack (8.0.2) lib/action_dispatch/http/request.rb:91:in 'ActionDispatch::Request#controller_class'
actionpack (8.0.2) lib/action_dispatch/routing/route_set.rb:61:in 'ActionDispatch::Routing::RouteSet::Dispatcher#controller'
actionpack (8.0.2) lib/action_dispatch/routing/route_set.rb:48:in 'ActionDispatch::Routing::RouteSet::Dispatcher#serve'
actionpack (8.0.2) lib/action_dispatch/journey/router.rb:53:in 'block in ActionDispatch::Journey::Router#serve'
actionpack (8.0.2) lib/action_dispatch/journey/router.rb:133:in 'block in ActionDispatch::Journey::Router#find_routes'
actionpack (8.0.2) lib/action_dispatch/journey/router.rb:126:in 'Array#each'
actionpack (8.0.2) lib/action_dispatch/journey/router.rb:126:in 'ActionDispatch::Journey::Router#find_routes'
actionpack (8.0.2) lib/action_dispatch/journey/router.rb:34:in 'ActionDispatch::Journey::Router#serve'
actionpack (8.0.2) lib/action_dispatch/routing/route_set.rb:908:in 'ActionDispatch::Routing::RouteSet#call'
railties (8.0.2) lib/rails/engine/lazy_route_set.rb:68:in 'Rails::Engine::LazyRouteSet#call'
rack (3.1.15) lib/rack/tempfile_reaper.rb:20:in 'Rack::TempfileReaper#call'
rack (3.1.15) lib/rack/etag.rb:29:in 'Rack::ETag#call'
rack (3.1.15) lib/rack/conditional_get.rb:43:in 'Rack::ConditionalGet#call'
rack (3.1.15) lib/rack/head.rb:15:in 'Rack::Head#call'
actionpack (8.0.2) lib/action_dispatch/http/permissions_policy.rb:38:in 'ActionDispatch::PermissionsPolicy::Middleware#call'
actionpack (8.0.2) lib/action_dispatch/http/content_security_policy.rb:38:in 'ActionDispatch::ContentSecurityPolicy::Middleware#call'
rack-session (2.1.1) lib/rack/session/abstract/id.rb:274:in 'Rack::Session::Abstract::Persisted#context'
rack-session (2.1.1) lib/rack/session/abstract/id.rb:268:in 'Rack::Session::Abstract::Persisted#call'
actionpack (8.0.2) lib/action_dispatch/middleware/cookies.rb:706:in 'ActionDispatch::Cookies#call'
activerecord (8.0.2) lib/active_record/migration.rb:671:in 'ActiveRecord::Migration::CheckPending#call'
actionpack (8.0.2) lib/action_dispatch/middleware/callbacks.rb:31:in 'block in ActionDispatch::Callbacks#call'
activesupport (8.0.2) lib/active_support/callbacks.rb:100:in 'ActiveSupport::Callbacks#run_callbacks'
actionpack (8.0.2) lib/action_dispatch/middleware/callbacks.rb:30:in 'ActionDispatch::Callbacks#call'
actionpack (8.0.2) lib/action_dispatch/middleware/executor.rb:16:in 'ActionDispatch::Executor#call'
actionpack (8.0.2) lib/action_dispatch/middleware/actionable_exceptions.rb:18:in 'ActionDispatch::ActionableExceptions#call'
actionpack (8.0.2) lib/action_dispatch/middleware/debug_exceptions.rb:31:in 'ActionDispatch::DebugExceptions#call'
web-console (4.2.1) lib/web_console/middleware.rb:132:in 'WebConsole::Middleware#call_app'
web-console (4.2.1) lib/web_console/middleware.rb:28:in 'block in WebConsole::Middleware#call'
web-console (4.2.1) lib/web_console/middleware.rb:17:in 'Kernel#catch'
web-console (4.2.1) lib/web_console/middleware.rb:17:in 'WebConsole::Middleware#call'
actionpack (8.0.2) lib/action_dispatch/middleware/show_exceptions.rb:32:in 'ActionDispatch::ShowExceptions#call'
railties (8.0.2) lib/rails/rack/logger.rb:41:in 'Rails::Rack::Logger#call_app'
railties (8.0.2) lib/rails/rack/logger.rb:29:in 'Rails::Rack::Logger#call'
actionpack (8.0.2) lib/action_dispatch/middleware/remote_ip.rb:96:in 'ActionDispatch::RemoteIp#call'
actionpack (8.0.2) lib/action_dispatch/middleware/request_id.rb:34:in 'ActionDispatch::RequestId#call'
rack (3.1.15) lib/rack/method_override.rb:28:in 'Rack::MethodOverride#call'
rack (3.1.15) lib/rack/runtime.rb:24:in 'Rack::Runtime#call'
actionpack (8.0.2) lib/action_dispatch/middleware/server_timing.rb:61:in 'block in ActionDispatch::ServerTiming#call'
actionpack (8.0.2) lib/action_dispatch/middleware/server_timing.rb:26:in 'ActionDispatch::ServerTiming::Subscriber#collect_events'
actionpack (8.0.2) lib/action_dispatch/middleware/server_timing.rb:60:in 'ActionDispatch::ServerTiming#call'
actionpack (8.0.2) lib/action_dispatch/middleware/executor.rb:16:in 'ActionDispatch::Executor#call'
actionpack (8.0.2) lib/action_dispatch/middleware/static.rb:27:in 'ActionDispatch::Static#call'
rack (3.1.15) lib/rack/sendfile.rb:114:in 'Rack::Sendfile#call'
actionpack (8.0.2) lib/action_dispatch/middleware/host_authorization.rb:143:in 'ActionDispatch::HostAuthorization#call'
railties (8.0.2) lib/rails/engine.rb:535:in 'Rails::Engine#call'
puma (6.6.0) lib/puma/configuration.rb:279:in 'Puma::Configuration::ConfigMiddleware#call'
puma (6.6.0) lib/puma/request.rb:99:in 'block in Puma::Request#handle_request'
puma (6.6.0) lib/puma/thread_pool.rb:390:in 'Puma::ThreadPool#with_force_shutdown'
puma (6.6.0) lib/puma/request.rb:98:in 'Puma::Request#handle_request'
puma (6.6.0) lib/puma/server.rb:472:in 'Puma::Server#process_client'
puma (6.6.0) lib/puma/server.rb:254:in 'block in Puma::Server#run'
puma (6.6.0) lib/puma/thread_pool.rb:167:in 'block in Puma::ThreadPool#spawn_thread'

Information for cause: NameError (uninitialized constant UsersController):
  
activesupport (8.0.2) lib/active_support/inflector/methods.rb:290:in 'ActiveSupport::Inflector#constantize'
activesupport (8.0.2) lib/active_support/core_ext/string/inflections.rb:74:in 'String#constantize'
actionpack (8.0.2) lib/action_dispatch/http/request.rb:99:in 'ActionDispatch::Request#controller_class_for'
actionpack (8.0.2) lib/action_dispatch/http/request.rb:91:in 'ActionDispatch::Request#controller_class'
actionpack (8.0.2) lib/action_dispatch/routing/route_set.rb:61:in 'ActionDispatch::Routing::RouteSet::Dispatcher#controller'
actionpack (8.0.2) lib/action_dispatch/routing/route_set.rb:48:in 'ActionDispatch::Routing::RouteSet::Dispatcher#serve'
actionpack (8.0.2) lib/action_dispatch/journey/router.rb:53:in 'block in ActionDispatch::Journey::Router#serve'
actionpack (8.0.2) lib/action_dispatch/journey/router.rb:133:in 'block in ActionDispatch::Journey::Router#find_routes'
actionpack (8.0.2) lib/action_dispatch/journey/router.rb:126:in 'Array#each'
actionpack (8.0.2) lib/action_dispatch/journey/router.rb:126:in 'ActionDispatch::Journey::Router#find_routes'
actionpack (8.0.2) lib/action_dispatch/journey/router.rb:34:in 'ActionDispatch::Journey::Router#serve'
actionpack (8.0.2) lib/action_dispatch/routing/route_set.rb:908:in 'ActionDispatch::Routing::RouteSet#call'
railties (8.0.2) lib/rails/engine/lazy_route_set.rb:68:in 'Rails::Engine::LazyRouteSet#call'
rack (3.1.15) lib/rack/tempfile_reaper.rb:20:in 'Rack::TempfileReaper#call'
rack (3.1.15) lib/rack/etag.rb:29:in 'Rack::ETag#call'
rack (3.1.15) lib/rack/conditional_get.rb:43:in 'Rack::ConditionalGet#call'
rack (3.1.15) lib/rack/head.rb:15:in 'Rack::Head#call'
actionpack (8.0.2) lib/action_dispatch/http/permissions_policy.rb:38:in 'ActionDispatch::PermissionsPolicy::Middleware#call'
actionpack (8.0.2) lib/action_dispatch/http/content_security_policy.rb:38:in 'ActionDispatch::ContentSecurityPolicy::Middleware#call'
rack-session (2.1.1) lib/rack/session/abstract/id.rb:274:in 'Rack::Session::Abstract::Persisted#context'
rack-session (2.1.1) lib/rack/session/abstract/id.rb:268:in 'Rack::Session::Abstract::Persisted#call'
actionpack (8.0.2) lib/action_dispatch/middleware/cookies.rb:706:in 'ActionDispatch::Cookies#call'
activerecord (8.0.2) lib/active_record/migration.rb:671:in 'ActiveRecord::Migration::CheckPending#call'
actionpack (8.0.2) lib/action_dispatch/middleware/callbacks.rb:31:in 'block in ActionDispatch::Callbacks#call'
activesupport (8.0.2) lib/active_support/callbacks.rb:100:in 'ActiveSupport::Callbacks#run_callbacks'
actionpack (8.0.2) lib/action_dispatch/middleware/callbacks.rb:30:in 'ActionDispatch::Callbacks#call'
actionpack (8.0.2) lib/action_dispatch/middleware/executor.rb:16:in 'ActionDispatch::Executor#call'
actionpack (8.0.2) lib/action_dispatch/middleware/actionable_exceptions.rb:18:in 'ActionDispatch::ActionableExceptions#call'
actionpack (8.0.2) lib/action_dispatch/middleware/debug_exceptions.rb:31:in 'ActionDispatch::DebugExceptions#call'
web-console (4.2.1) lib/web_console/middleware.rb:132:in 'WebConsole::Middleware#call_app'
web-console (4.2.1) lib/web_console/middleware.rb:28:in 'block in WebConsole::Middleware#call'
web-console (4.2.1) lib/web_console/middleware.rb:17:in 'Kernel#catch'
web-console (4.2.1) lib/web_console/middleware.rb:17:in 'WebConsole::Middleware#call'
actionpack (8.0.2) lib/action_dispatch/middleware/show_exceptions.rb:32:in 'ActionDispatch::ShowExceptions#call'
railties (8.0.2) lib/rails/rack/logger.rb:41:in 'Rails::Rack::Logger#call_app'
railties (8.0.2) lib/rails/rack/logger.rb:29:in 'Rails::Rack::Logger#call'
actionpack (8.0.2) lib/action_dispatch/middleware/remote_ip.rb:96:in 'ActionDispatch::RemoteIp#call'
actionpack (8.0.2) lib/action_dispatch/middleware/request_id.rb:34:in 'ActionDispatch::RequestId#call'
rack (3.1.15) lib/rack/method_override.rb:28:in 'Rack::MethodOverride#call'
rack (3.1.15) lib/rack/runtime.rb:24:in 'Rack::Runtime#call'
actionpack (8.0.2) lib/action_dispatch/middleware/server_timing.rb:61:in 'block in ActionDispatch::ServerTiming#call'
actionpack (8.0.2) lib/action_dispatch/middleware/server_timing.rb:26:in 'ActionDispatch::ServerTiming::Subscriber#collect_events'
actionpack (8.0.2) lib/action_dispatch/middleware/server_timing.rb:60:in 'ActionDispatch::ServerTiming#call'
actionpack (8.0.2) lib/action_dispatch/middleware/executor.rb:16:in 'ActionDispatch::Executor#call'
actionpack (8.0.2) lib/action_dispatch/middleware/static.rb:27:in 'ActionDispatch::Static#call'
rack (3.1.15) lib/rack/sendfile.rb:114:in 'Rack::Sendfile#call'
actionpack (8.0.2) lib/action_dispatch/middleware/host_authorization.rb:143:in 'ActionDispatch::HostAuthorization#call'
railties (8.0.2) lib/rails/engine.rb:535:in 'Rails::Engine#call'
puma (6.6.0) lib/puma/configuration.rb:279:in 'Puma::Configuration::ConfigMiddleware#call'
puma (6.6.0) lib/puma/request.rb:99:in 'block in Puma::Request#handle_request'
puma (6.6.0) lib/puma/thread_pool.rb:390:in 'Puma::ThreadPool#with_force_shutdown'
puma (6.6.0) lib/puma/request.rb:98:in 'Puma::Request#handle_request'
puma (6.6.0) lib/puma/server.rb:472:in 'Puma::Server#process_client'
puma (6.6.0) lib/puma/server.rb:254:in 'block in Puma::Server#run'
puma (6.6.0) lib/puma/thread_pool.rb:167:in 'block in Puma::ThreadPool#spawn_thread'
Started POST "/users" for ::1 at 2025-05-29 10:09:04 +0530
  
ActionController::RoutingError (uninitialized constant UsersController)
Caused by: ActionDispatch::MissingController (uninitialized constant UsersController)
Caused by: NameError (uninitialized constant UsersController)

Information for: ActionController::RoutingError (uninitialized constant UsersController):
  

Information for cause: ActionDispatch::MissingController (uninitialized constant UsersController):
  
actionpack (8.0.2) lib/action_dispatch/http/request.rb:102:in 'ActionDispatch::Request#controller_class_for'
actionpack (8.0.2) lib/action_dispatch/http/request.rb:91:in 'ActionDispatch::Request#controller_class'
actionpack (8.0.2) lib/action_dispatch/routing/route_set.rb:61:in 'ActionDispatch::Routing::RouteSet::Dispatcher#controller'
actionpack (8.0.2) lib/action_dispatch/routing/route_set.rb:48:in 'ActionDispatch::Routing::RouteSet::Dispatcher#serve'
actionpack (8.0.2) lib/action_dispatch/journey/router.rb:53:in 'block in ActionDispatch::Journey::Router#serve'
actionpack (8.0.2) lib/action_dispatch/journey/router.rb:133:in 'block in ActionDispatch::Journey::Router#find_routes'
actionpack (8.0.2) lib/action_dispatch/journey/router.rb:126:in 'Array#each'
actionpack (8.0.2) lib/action_dispatch/journey/router.rb:126:in 'ActionDispatch::Journey::Router#find_routes'
actionpack (8.0.2) lib/action_dispatch/journey/router.rb:34:in 'ActionDispatch::Journey::Router#serve'
actionpack (8.0.2) lib/action_dispatch/routing/route_set.rb:908:in 'ActionDispatch::Routing::RouteSet#call'
railties (8.0.2) lib/rails/engine/lazy_route_set.rb:68:in 'Rails::Engine::LazyRouteSet#call'
rack (3.1.15) lib/rack/tempfile_reaper.rb:20:in 'Rack::TempfileReaper#call'
rack (3.1.15) lib/rack/etag.rb:29:in 'Rack::ETag#call'
rack (3.1.15) lib/rack/conditional_get.rb:43:in 'Rack::ConditionalGet#call'
rack (3.1.15) lib/rack/head.rb:15:in 'Rack::Head#call'
actionpack (8.0.2) lib/action_dispatch/http/permissions_policy.rb:38:in 'ActionDispatch::PermissionsPolicy::Middleware#call'
actionpack (8.0.2) lib/action_dispatch/http/content_security_policy.rb:38:in 'ActionDispatch::ContentSecurityPolicy::Middleware#call'
rack-session (2.1.1) lib/rack/session/abstract/id.rb:274:in 'Rack::Session::Abstract::Persisted#context'
rack-session (2.1.1) lib/rack/session/abstract/id.rb:268:in 'Rack::Session::Abstract::Persisted#call'
actionpack (8.0.2) lib/action_dispatch/middleware/cookies.rb:706:in 'ActionDispatch::Cookies#call'
activerecord (8.0.2) lib/active_record/migration.rb:671:in 'ActiveRecord::Migration::CheckPending#call'
actionpack (8.0.2) lib/action_dispatch/middleware/callbacks.rb:31:in 'block in ActionDispatch::Callbacks#call'
activesupport (8.0.2) lib/active_support/callbacks.rb:100:in 'ActiveSupport::Callbacks#run_callbacks'
actionpack (8.0.2) lib/action_dispatch/middleware/callbacks.rb:30:in 'ActionDispatch::Callbacks#call'
actionpack (8.0.2) lib/action_dispatch/middleware/executor.rb:16:in 'ActionDispatch::Executor#call'
actionpack (8.0.2) lib/action_dispatch/middleware/actionable_exceptions.rb:18:in 'ActionDispatch::ActionableExceptions#call'
actionpack (8.0.2) lib/action_dispatch/middleware/debug_exceptions.rb:31:in 'ActionDispatch::DebugExceptions#call'
web-console (4.2.1) lib/web_console/middleware.rb:132:in 'WebConsole::Middleware#call_app'
web-console (4.2.1) lib/web_console/middleware.rb:28:in 'block in WebConsole::Middleware#call'
web-console (4.2.1) lib/web_console/middleware.rb:17:in 'Kernel#catch'
web-console (4.2.1) lib/web_console/middleware.rb:17:in 'WebConsole::Middleware#call'
actionpack (8.0.2) lib/action_dispatch/middleware/show_exceptions.rb:32:in 'ActionDispatch::ShowExceptions#call'
railties (8.0.2) lib/rails/rack/logger.rb:41:in 'Rails::Rack::Logger#call_app'
railties (8.0.2) lib/rails/rack/logger.rb:29:in 'Rails::Rack::Logger#call'
actionpack (8.0.2) lib/action_dispatch/middleware/remote_ip.rb:96:in 'ActionDispatch::RemoteIp#call'
actionpack (8.0.2) lib/action_dispatch/middleware/request_id.rb:34:in 'ActionDispatch::RequestId#call'
rack (3.1.15) lib/rack/method_override.rb:28:in 'Rack::MethodOverride#call'
rack (3.1.15) lib/rack/runtime.rb:24:in 'Rack::Runtime#call'
actionpack (8.0.2) lib/action_dispatch/middleware/server_timing.rb:61:in 'block in ActionDispatch::ServerTiming#call'
actionpack (8.0.2) lib/action_dispatch/middleware/server_timing.rb:26:in 'ActionDispatch::ServerTiming::Subscriber#collect_events'
actionpack (8.0.2) lib/action_dispatch/middleware/server_timing.rb:60:in 'ActionDispatch::ServerTiming#call'
actionpack (8.0.2) lib/action_dispatch/middleware/executor.rb:16:in 'ActionDispatch::Executor#call'
actionpack (8.0.2) lib/action_dispatch/middleware/static.rb:27:in 'ActionDispatch::Static#call'
rack (3.1.15) lib/rack/sendfile.rb:114:in 'Rack::Sendfile#call'
actionpack (8.0.2) lib/action_dispatch/middleware/host_authorization.rb:143:in 'ActionDispatch::HostAuthorization#call'
railties (8.0.2) lib/rails/engine.rb:535:in 'Rails::Engine#call'
puma (6.6.0) lib/puma/configuration.rb:279:in 'Puma::Configuration::ConfigMiddleware#call'
puma (6.6.0) lib/puma/request.rb:99:in 'block in Puma::Request#handle_request'
puma (6.6.0) lib/puma/thread_pool.rb:390:in 'Puma::ThreadPool#with_force_shutdown'
puma (6.6.0) lib/puma/request.rb:98:in 'Puma::Request#handle_request'
puma (6.6.0) lib/puma/server.rb:472:in 'Puma::Server#process_client'
puma (6.6.0) lib/puma/server.rb:254:in 'block in Puma::Server#run'
puma (6.6.0) lib/puma/thread_pool.rb:167:in 'block in Puma::ThreadPool#spawn_thread'

Information for cause: NameError (uninitialized constant UsersController):
  
activesupport (8.0.2) lib/active_support/inflector/methods.rb:290:in 'ActiveSupport::Inflector#constantize'
activesupport (8.0.2) lib/active_support/core_ext/string/inflections.rb:74:in 'String#constantize'
actionpack (8.0.2) lib/action_dispatch/http/request.rb:99:in 'ActionDispatch::Request#controller_class_for'
actionpack (8.0.2) lib/action_dispatch/http/request.rb:91:in 'ActionDispatch::Request#controller_class'
actionpack (8.0.2) lib/action_dispatch/routing/route_set.rb:61:in 'ActionDispatch::Routing::RouteSet::Dispatcher#controller'
actionpack (8.0.2) lib/action_dispatch/routing/route_set.rb:48:in 'ActionDispatch::Routing::RouteSet::Dispatcher#serve'
actionpack (8.0.2) lib/action_dispatch/journey/router.rb:53:in 'block in ActionDispatch::Journey::Router#serve'
actionpack (8.0.2) lib/action_dispatch/journey/router.rb:133:in 'block in ActionDispatch::Journey::Router#find_routes'
actionpack (8.0.2) lib/action_dispatch/journey/router.rb:126:in 'Array#each'
actionpack (8.0.2) lib/action_dispatch/journey/router.rb:126:in 'ActionDispatch::Journey::Router#find_routes'
actionpack (8.0.2) lib/action_dispatch/journey/router.rb:34:in 'ActionDispatch::Journey::Router#serve'
actionpack (8.0.2) lib/action_dispatch/routing/route_set.rb:908:in 'ActionDispatch::Routing::RouteSet#call'
railties (8.0.2) lib/rails/engine/lazy_route_set.rb:68:in 'Rails::Engine::LazyRouteSet#call'
rack (3.1.15) lib/rack/tempfile_reaper.rb:20:in 'Rack::TempfileReaper#call'
rack (3.1.15) lib/rack/etag.rb:29:in 'Rack::ETag#call'
rack (3.1.15) lib/rack/conditional_get.rb:43:in 'Rack::ConditionalGet#call'
rack (3.1.15) lib/rack/head.rb:15:in 'Rack::Head#call'
actionpack (8.0.2) lib/action_dispatch/http/permissions_policy.rb:38:in 'ActionDispatch::PermissionsPolicy::Middleware#call'
actionpack (8.0.2) lib/action_dispatch/http/content_security_policy.rb:38:in 'ActionDispatch::ContentSecurityPolicy::Middleware#call'
rack-session (2.1.1) lib/rack/session/abstract/id.rb:274:in 'Rack::Session::Abstract::Persisted#context'
rack-session (2.1.1) lib/rack/session/abstract/id.rb:268:in 'Rack::Session::Abstract::Persisted#call'
actionpack (8.0.2) lib/action_dispatch/middleware/cookies.rb:706:in 'ActionDispatch::Cookies#call'
activerecord (8.0.2) lib/active_record/migration.rb:671:in 'ActiveRecord::Migration::CheckPending#call'
actionpack (8.0.2) lib/action_dispatch/middleware/callbacks.rb:31:in 'block in ActionDispatch::Callbacks#call'
activesupport (8.0.2) lib/active_support/callbacks.rb:100:in 'ActiveSupport::Callbacks#run_callbacks'
actionpack (8.0.2) lib/action_dispatch/middleware/callbacks.rb:30:in 'ActionDispatch::Callbacks#call'
actionpack (8.0.2) lib/action_dispatch/middleware/executor.rb:16:in 'ActionDispatch::Executor#call'
actionpack (8.0.2) lib/action_dispatch/middleware/actionable_exceptions.rb:18:in 'ActionDispatch::ActionableExceptions#call'
actionpack (8.0.2) lib/action_dispatch/middleware/debug_exceptions.rb:31:in 'ActionDispatch::DebugExceptions#call'
web-console (4.2.1) lib/web_console/middleware.rb:132:in 'WebConsole::Middleware#call_app'
web-console (4.2.1) lib/web_console/middleware.rb:28:in 'block in WebConsole::Middleware#call'
web-console (4.2.1) lib/web_console/middleware.rb:17:in 'Kernel#catch'
web-console (4.2.1) lib/web_console/middleware.rb:17:in 'WebConsole::Middleware#call'
actionpack (8.0.2) lib/action_dispatch/middleware/show_exceptions.rb:32:in 'ActionDispatch::ShowExceptions#call'
railties (8.0.2) lib/rails/rack/logger.rb:41:in 'Rails::Rack::Logger#call_app'
railties (8.0.2) lib/rails/rack/logger.rb:29:in 'Rails::Rack::Logger#call'
actionpack (8.0.2) lib/action_dispatch/middleware/remote_ip.rb:96:in 'ActionDispatch::RemoteIp#call'
actionpack (8.0.2) lib/action_dispatch/middleware/request_id.rb:34:in 'ActionDispatch::RequestId#call'
rack (3.1.15) lib/rack/method_override.rb:28:in 'Rack::MethodOverride#call'
rack (3.1.15) lib/rack/runtime.rb:24:in 'Rack::Runtime#call'
actionpack (8.0.2) lib/action_dispatch/middleware/server_timing.rb:61:in 'block in ActionDispatch::ServerTiming#call'
actionpack (8.0.2) lib/action_dispatch/middleware/server_timing.rb:26:in 'ActionDispatch::ServerTiming::Subscriber#collect_events'
actionpack (8.0.2) lib/action_dispatch/middleware/server_timing.rb:60:in 'ActionDispatch::ServerTiming#call'
actionpack (8.0.2) lib/action_dispatch/middleware/executor.rb:16:in 'ActionDispatch::Executor#call'
actionpack (8.0.2) lib/action_dispatch/middleware/static.rb:27:in 'ActionDispatch::Static#call'
rack (3.1.15) lib/rack/sendfile.rb:114:in 'Rack::Sendfile#call'
actionpack (8.0.2) lib/action_dispatch/middleware/host_authorization.rb:143:in 'ActionDispatch::HostAuthorization#call'
railties (8.0.2) lib/rails/engine.rb:535:in 'Rails::Engine#call'
puma (6.6.0) lib/puma/configuration.rb:279:in 'Puma::Configuration::ConfigMiddleware#call'
puma (6.6.0) lib/puma/request.rb:99:in 'block in Puma::Request#handle_request'
puma (6.6.0) lib/puma/thread_pool.rb:390:in 'Puma::ThreadPool#with_force_shutdown'
puma (6.6.0) lib/puma/request.rb:98:in 'Puma::Request#handle_request'
puma (6.6.0) lib/puma/server.rb:472:in 'Puma::Server#process_client'
puma (6.6.0) lib/puma/server.rb:254:in 'block in Puma::Server#run'
puma (6.6.0) lib/puma/thread_pool.rb:167:in 'block in Puma::ThreadPool#spawn_thread'
Started POST "/users" for ::1 at 2025-05-29 10:09:45 +0530
  
ActionController::RoutingError (uninitialized constant UsersController)
Caused by: ActionDispatch::MissingController (uninitialized constant UsersController)
Caused by: NameError (uninitialized constant UsersController)

Information for: ActionController::RoutingError (uninitialized constant UsersController):
  

Information for cause: ActionDispatch::MissingController (uninitialized constant UsersController):
  
actionpack (8.0.2) lib/action_dispatch/http/request.rb:102:in 'ActionDispatch::Request#controller_class_for'
actionpack (8.0.2) lib/action_dispatch/http/request.rb:91:in 'ActionDispatch::Request#controller_class'
actionpack (8.0.2) lib/action_dispatch/routing/route_set.rb:61:in 'ActionDispatch::Routing::RouteSet::Dispatcher#controller'
actionpack (8.0.2) lib/action_dispatch/routing/route_set.rb:48:in 'ActionDispatch::Routing::RouteSet::Dispatcher#serve'
actionpack (8.0.2) lib/action_dispatch/journey/router.rb:53:in 'block in ActionDispatch::Journey::Router#serve'
actionpack (8.0.2) lib/action_dispatch/journey/router.rb:133:in 'block in ActionDispatch::Journey::Router#find_routes'
actionpack (8.0.2) lib/action_dispatch/journey/router.rb:126:in 'Array#each'
actionpack (8.0.2) lib/action_dispatch/journey/router.rb:126:in 'ActionDispatch::Journey::Router#find_routes'
actionpack (8.0.2) lib/action_dispatch/journey/router.rb:34:in 'ActionDispatch::Journey::Router#serve'
actionpack (8.0.2) lib/action_dispatch/routing/route_set.rb:908:in 'ActionDispatch::Routing::RouteSet#call'
railties (8.0.2) lib/rails/engine/lazy_route_set.rb:68:in 'Rails::Engine::LazyRouteSet#call'
rack (3.1.15) lib/rack/tempfile_reaper.rb:20:in 'Rack::TempfileReaper#call'
rack (3.1.15) lib/rack/etag.rb:29:in 'Rack::ETag#call'
rack (3.1.15) lib/rack/conditional_get.rb:43:in 'Rack::ConditionalGet#call'
rack (3.1.15) lib/rack/head.rb:15:in 'Rack::Head#call'
actionpack (8.0.2) lib/action_dispatch/http/permissions_policy.rb:38:in 'ActionDispatch::PermissionsPolicy::Middleware#call'
actionpack (8.0.2) lib/action_dispatch/http/content_security_policy.rb:38:in 'ActionDispatch::ContentSecurityPolicy::Middleware#call'
rack-session (2.1.1) lib/rack/session/abstract/id.rb:274:in 'Rack::Session::Abstract::Persisted#context'
rack-session (2.1.1) lib/rack/session/abstract/id.rb:268:in 'Rack::Session::Abstract::Persisted#call'
actionpack (8.0.2) lib/action_dispatch/middleware/cookies.rb:706:in 'ActionDispatch::Cookies#call'
activerecord (8.0.2) lib/active_record/migration.rb:671:in 'ActiveRecord::Migration::CheckPending#call'
actionpack (8.0.2) lib/action_dispatch/middleware/callbacks.rb:31:in 'block in ActionDispatch::Callbacks#call'
activesupport (8.0.2) lib/active_support/callbacks.rb:100:in 'ActiveSupport::Callbacks#run_callbacks'
actionpack (8.0.2) lib/action_dispatch/middleware/callbacks.rb:30:in 'ActionDispatch::Callbacks#call'
actionpack (8.0.2) lib/action_dispatch/middleware/executor.rb:16:in 'ActionDispatch::Executor#call'
actionpack (8.0.2) lib/action_dispatch/middleware/actionable_exceptions.rb:18:in 'ActionDispatch::ActionableExceptions#call'
actionpack (8.0.2) lib/action_dispatch/middleware/debug_exceptions.rb:31:in 'ActionDispatch::DebugExceptions#call'
web-console (4.2.1) lib/web_console/middleware.rb:132:in 'WebConsole::Middleware#call_app'
web-console (4.2.1) lib/web_console/middleware.rb:28:in 'block in WebConsole::Middleware#call'
web-console (4.2.1) lib/web_console/middleware.rb:17:in 'Kernel#catch'
web-console (4.2.1) lib/web_console/middleware.rb:17:in 'WebConsole::Middleware#call'
actionpack (8.0.2) lib/action_dispatch/middleware/show_exceptions.rb:32:in 'ActionDispatch::ShowExceptions#call'
railties (8.0.2) lib/rails/rack/logger.rb:41:in 'Rails::Rack::Logger#call_app'
railties (8.0.2) lib/rails/rack/logger.rb:29:in 'Rails::Rack::Logger#call'
actionpack (8.0.2) lib/action_dispatch/middleware/remote_ip.rb:96:in 'ActionDispatch::RemoteIp#call'
actionpack (8.0.2) lib/action_dispatch/middleware/request_id.rb:34:in 'ActionDispatch::RequestId#call'
rack (3.1.15) lib/rack/method_override.rb:28:in 'Rack::MethodOverride#call'
rack (3.1.15) lib/rack/runtime.rb:24:in 'Rack::Runtime#call'
actionpack (8.0.2) lib/action_dispatch/middleware/server_timing.rb:61:in 'block in ActionDispatch::ServerTiming#call'
actionpack (8.0.2) lib/action_dispatch/middleware/server_timing.rb:26:in 'ActionDispatch::ServerTiming::Subscriber#collect_events'
actionpack (8.0.2) lib/action_dispatch/middleware/server_timing.rb:60:in 'ActionDispatch::ServerTiming#call'
actionpack (8.0.2) lib/action_dispatch/middleware/executor.rb:16:in 'ActionDispatch::Executor#call'
actionpack (8.0.2) lib/action_dispatch/middleware/static.rb:27:in 'ActionDispatch::Static#call'
rack (3.1.15) lib/rack/sendfile.rb:114:in 'Rack::Sendfile#call'
actionpack (8.0.2) lib/action_dispatch/middleware/host_authorization.rb:143:in 'ActionDispatch::HostAuthorization#call'
railties (8.0.2) lib/rails/engine.rb:535:in 'Rails::Engine#call'
puma (6.6.0) lib/puma/configuration.rb:279:in 'Puma::Configuration::ConfigMiddleware#call'
puma (6.6.0) lib/puma/request.rb:99:in 'block in Puma::Request#handle_request'
puma (6.6.0) lib/puma/thread_pool.rb:390:in 'Puma::ThreadPool#with_force_shutdown'
puma (6.6.0) lib/puma/request.rb:98:in 'Puma::Request#handle_request'
puma (6.6.0) lib/puma/server.rb:472:in 'Puma::Server#process_client'
puma (6.6.0) lib/puma/server.rb:254:in 'block in Puma::Server#run'
puma (6.6.0) lib/puma/thread_pool.rb:167:in 'block in Puma::ThreadPool#spawn_thread'

Information for cause: NameError (uninitialized constant UsersController):
  
activesupport (8.0.2) lib/active_support/inflector/methods.rb:290:in 'ActiveSupport::Inflector#constantize'
activesupport (8.0.2) lib/active_support/core_ext/string/inflections.rb:74:in 'String#constantize'
actionpack (8.0.2) lib/action_dispatch/http/request.rb:99:in 'ActionDispatch::Request#controller_class_for'
actionpack (8.0.2) lib/action_dispatch/http/request.rb:91:in 'ActionDispatch::Request#controller_class'
actionpack (8.0.2) lib/action_dispatch/routing/route_set.rb:61:in 'ActionDispatch::Routing::RouteSet::Dispatcher#controller'
actionpack (8.0.2) lib/action_dispatch/routing/route_set.rb:48:in 'ActionDispatch::Routing::RouteSet::Dispatcher#serve'
actionpack (8.0.2) lib/action_dispatch/journey/router.rb:53:in 'block in ActionDispatch::Journey::Router#serve'
actionpack (8.0.2) lib/action_dispatch/journey/router.rb:133:in 'block in ActionDispatch::Journey::Router#find_routes'
actionpack (8.0.2) lib/action_dispatch/journey/router.rb:126:in 'Array#each'
actionpack (8.0.2) lib/action_dispatch/journey/router.rb:126:in 'ActionDispatch::Journey::Router#find_routes'
actionpack (8.0.2) lib/action_dispatch/journey/router.rb:34:in 'ActionDispatch::Journey::Router#serve'
actionpack (8.0.2) lib/action_dispatch/routing/route_set.rb:908:in 'ActionDispatch::Routing::RouteSet#call'
railties (8.0.2) lib/rails/engine/lazy_route_set.rb:68:in 'Rails::Engine::LazyRouteSet#call'
rack (3.1.15) lib/rack/tempfile_reaper.rb:20:in 'Rack::TempfileReaper#call'
rack (3.1.15) lib/rack/etag.rb:29:in 'Rack::ETag#call'
rack (3.1.15) lib/rack/conditional_get.rb:43:in 'Rack::ConditionalGet#call'
rack (3.1.15) lib/rack/head.rb:15:in 'Rack::Head#call'
actionpack (8.0.2) lib/action_dispatch/http/permissions_policy.rb:38:in 'ActionDispatch::PermissionsPolicy::Middleware#call'
actionpack (8.0.2) lib/action_dispatch/http/content_security_policy.rb:38:in 'ActionDispatch::ContentSecurityPolicy::Middleware#call'
rack-session (2.1.1) lib/rack/session/abstract/id.rb:274:in 'Rack::Session::Abstract::Persisted#context'
rack-session (2.1.1) lib/rack/session/abstract/id.rb:268:in 'Rack::Session::Abstract::Persisted#call'
actionpack (8.0.2) lib/action_dispatch/middleware/cookies.rb:706:in 'ActionDispatch::Cookies#call'
activerecord (8.0.2) lib/active_record/migration.rb:671:in 'ActiveRecord::Migration::CheckPending#call'
actionpack (8.0.2) lib/action_dispatch/middleware/callbacks.rb:31:in 'block in ActionDispatch::Callbacks#call'
activesupport (8.0.2) lib/active_support/callbacks.rb:100:in 'ActiveSupport::Callbacks#run_callbacks'
actionpack (8.0.2) lib/action_dispatch/middleware/callbacks.rb:30:in 'ActionDispatch::Callbacks#call'
actionpack (8.0.2) lib/action_dispatch/middleware/executor.rb:16:in 'ActionDispatch::Executor#call'
actionpack (8.0.2) lib/action_dispatch/middleware/actionable_exceptions.rb:18:in 'ActionDispatch::ActionableExceptions#call'
actionpack (8.0.2) lib/action_dispatch/middleware/debug_exceptions.rb:31:in 'ActionDispatch::DebugExceptions#call'
web-console (4.2.1) lib/web_console/middleware.rb:132:in 'WebConsole::Middleware#call_app'
web-console (4.2.1) lib/web_console/middleware.rb:28:in 'block in WebConsole::Middleware#call'
web-console (4.2.1) lib/web_console/middleware.rb:17:in 'Kernel#catch'
web-console (4.2.1) lib/web_console/middleware.rb:17:in 'WebConsole::Middleware#call'
actionpack (8.0.2) lib/action_dispatch/middleware/show_exceptions.rb:32:in 'ActionDispatch::ShowExceptions#call'
railties (8.0.2) lib/rails/rack/logger.rb:41:in 'Rails::Rack::Logger#call_app'
railties (8.0.2) lib/rails/rack/logger.rb:29:in 'Rails::Rack::Logger#call'
actionpack (8.0.2) lib/action_dispatch/middleware/remote_ip.rb:96:in 'ActionDispatch::RemoteIp#call'
actionpack (8.0.2) lib/action_dispatch/middleware/request_id.rb:34:in 'ActionDispatch::RequestId#call'
rack (3.1.15) lib/rack/method_override.rb:28:in 'Rack::MethodOverride#call'
rack (3.1.15) lib/rack/runtime.rb:24:in 'Rack::Runtime#call'
actionpack (8.0.2) lib/action_dispatch/middleware/server_timing.rb:61:in 'block in ActionDispatch::ServerTiming#call'
actionpack (8.0.2) lib/action_dispatch/middleware/server_timing.rb:26:in 'ActionDispatch::ServerTiming::Subscriber#collect_events'
actionpack (8.0.2) lib/action_dispatch/middleware/server_timing.rb:60:in 'ActionDispatch::ServerTiming#call'
actionpack (8.0.2) lib/action_dispatch/middleware/executor.rb:16:in 'ActionDispatch::Executor#call'
actionpack (8.0.2) lib/action_dispatch/middleware/static.rb:27:in 'ActionDispatch::Static#call'
rack (3.1.15) lib/rack/sendfile.rb:114:in 'Rack::Sendfile#call'
actionpack (8.0.2) lib/action_dispatch/middleware/host_authorization.rb:143:in 'ActionDispatch::HostAuthorization#call'
railties (8.0.2) lib/rails/engine.rb:535:in 'Rails::Engine#call'
puma (6.6.0) lib/puma/configuration.rb:279:in 'Puma::Configuration::ConfigMiddleware#call'
puma (6.6.0) lib/puma/request.rb:99:in 'block in Puma::Request#handle_request'
puma (6.6.0) lib/puma/thread_pool.rb:390:in 'Puma::ThreadPool#with_force_shutdown'
puma (6.6.0) lib/puma/request.rb:98:in 'Puma::Request#handle_request'
puma (6.6.0) lib/puma/server.rb:472:in 'Puma::Server#process_client'
puma (6.6.0) lib/puma/server.rb:254:in 'block in Puma::Server#run'
puma (6.6.0) lib/puma/thread_pool.rb:167:in 'block in Puma::ThreadPool#spawn_thread'
Started POST "/users" for ::1 at 2025-05-29 10:10:17 +0530
  
ActionController::RoutingError (uninitialized constant UsersController)
Caused by: ActionDispatch::MissingController (uninitialized constant UsersController)
Caused by: NameError (uninitialized constant UsersController)

Information for: ActionController::RoutingError (uninitialized constant UsersController):
  

Information for cause: ActionDispatch::MissingController (uninitialized constant UsersController):
  
actionpack (8.0.2) lib/action_dispatch/http/request.rb:102:in 'ActionDispatch::Request#controller_class_for'
actionpack (8.0.2) lib/action_dispatch/http/request.rb:91:in 'ActionDispatch::Request#controller_class'
actionpack (8.0.2) lib/action_dispatch/routing/route_set.rb:61:in 'ActionDispatch::Routing::RouteSet::Dispatcher#controller'
actionpack (8.0.2) lib/action_dispatch/routing/route_set.rb:48:in 'ActionDispatch::Routing::RouteSet::Dispatcher#serve'
actionpack (8.0.2) lib/action_dispatch/journey/router.rb:53:in 'block in ActionDispatch::Journey::Router#serve'
actionpack (8.0.2) lib/action_dispatch/journey/router.rb:133:in 'block in ActionDispatch::Journey::Router#find_routes'
actionpack (8.0.2) lib/action_dispatch/journey/router.rb:126:in 'Array#each'
actionpack (8.0.2) lib/action_dispatch/journey/router.rb:126:in 'ActionDispatch::Journey::Router#find_routes'
actionpack (8.0.2) lib/action_dispatch/journey/router.rb:34:in 'ActionDispatch::Journey::Router#serve'
actionpack (8.0.2) lib/action_dispatch/routing/route_set.rb:908:in 'ActionDispatch::Routing::RouteSet#call'
railties (8.0.2) lib/rails/engine/lazy_route_set.rb:68:in 'Rails::Engine::LazyRouteSet#call'
rack (3.1.15) lib/rack/tempfile_reaper.rb:20:in 'Rack::TempfileReaper#call'
rack (3.1.15) lib/rack/etag.rb:29:in 'Rack::ETag#call'
rack (3.1.15) lib/rack/conditional_get.rb:43:in 'Rack::ConditionalGet#call'
rack (3.1.15) lib/rack/head.rb:15:in 'Rack::Head#call'
actionpack (8.0.2) lib/action_dispatch/http/permissions_policy.rb:38:in 'ActionDispatch::PermissionsPolicy::Middleware#call'
actionpack (8.0.2) lib/action_dispatch/http/content_security_policy.rb:38:in 'ActionDispatch::ContentSecurityPolicy::Middleware#call'
rack-session (2.1.1) lib/rack/session/abstract/id.rb:274:in 'Rack::Session::Abstract::Persisted#context'
rack-session (2.1.1) lib/rack/session/abstract/id.rb:268:in 'Rack::Session::Abstract::Persisted#call'
actionpack (8.0.2) lib/action_dispatch/middleware/cookies.rb:706:in 'ActionDispatch::Cookies#call'
activerecord (8.0.2) lib/active_record/migration.rb:671:in 'ActiveRecord::Migration::CheckPending#call'
actionpack (8.0.2) lib/action_dispatch/middleware/callbacks.rb:31:in 'block in ActionDispatch::Callbacks#call'
activesupport (8.0.2) lib/active_support/callbacks.rb:100:in 'ActiveSupport::Callbacks#run_callbacks'
actionpack (8.0.2) lib/action_dispatch/middleware/callbacks.rb:30:in 'ActionDispatch::Callbacks#call'
actionpack (8.0.2) lib/action_dispatch/middleware/executor.rb:16:in 'ActionDispatch::Executor#call'
actionpack (8.0.2) lib/action_dispatch/middleware/actionable_exceptions.rb:18:in 'ActionDispatch::ActionableExceptions#call'
actionpack (8.0.2) lib/action_dispatch/middleware/debug_exceptions.rb:31:in 'ActionDispatch::DebugExceptions#call'
web-console (4.2.1) lib/web_console/middleware.rb:132:in 'WebConsole::Middleware#call_app'
web-console (4.2.1) lib/web_console/middleware.rb:28:in 'block in WebConsole::Middleware#call'
web-console (4.2.1) lib/web_console/middleware.rb:17:in 'Kernel#catch'
web-console (4.2.1) lib/web_console/middleware.rb:17:in 'WebConsole::Middleware#call'
actionpack (8.0.2) lib/action_dispatch/middleware/show_exceptions.rb:32:in 'ActionDispatch::ShowExceptions#call'
railties (8.0.2) lib/rails/rack/logger.rb:41:in 'Rails::Rack::Logger#call_app'
railties (8.0.2) lib/rails/rack/logger.rb:29:in 'Rails::Rack::Logger#call'
actionpack (8.0.2) lib/action_dispatch/middleware/remote_ip.rb:96:in 'ActionDispatch::RemoteIp#call'
actionpack (8.0.2) lib/action_dispatch/middleware/request_id.rb:34:in 'ActionDispatch::RequestId#call'
rack (3.1.15) lib/rack/method_override.rb:28:in 'Rack::MethodOverride#call'
rack (3.1.15) lib/rack/runtime.rb:24:in 'Rack::Runtime#call'
actionpack (8.0.2) lib/action_dispatch/middleware/server_timing.rb:61:in 'block in ActionDispatch::ServerTiming#call'
actionpack (8.0.2) lib/action_dispatch/middleware/server_timing.rb:26:in 'ActionDispatch::ServerTiming::Subscriber#collect_events'
actionpack (8.0.2) lib/action_dispatch/middleware/server_timing.rb:60:in 'ActionDispatch::ServerTiming#call'
actionpack (8.0.2) lib/action_dispatch/middleware/executor.rb:16:in 'ActionDispatch::Executor#call'
actionpack (8.0.2) lib/action_dispatch/middleware/static.rb:27:in 'ActionDispatch::Static#call'
rack (3.1.15) lib/rack/sendfile.rb:114:in 'Rack::Sendfile#call'
actionpack (8.0.2) lib/action_dispatch/middleware/host_authorization.rb:143:in 'ActionDispatch::HostAuthorization#call'
railties (8.0.2) lib/rails/engine.rb:535:in 'Rails::Engine#call'
puma (6.6.0) lib/puma/configuration.rb:279:in 'Puma::Configuration::ConfigMiddleware#call'
puma (6.6.0) lib/puma/request.rb:99:in 'block in Puma::Request#handle_request'
puma (6.6.0) lib/puma/thread_pool.rb:390:in 'Puma::ThreadPool#with_force_shutdown'
puma (6.6.0) lib/puma/request.rb:98:in 'Puma::Request#handle_request'
puma (6.6.0) lib/puma/server.rb:472:in 'Puma::Server#process_client'
puma (6.6.0) lib/puma/server.rb:254:in 'block in Puma::Server#run'
puma (6.6.0) lib/puma/thread_pool.rb:167:in 'block in Puma::ThreadPool#spawn_thread'

Information for cause: NameError (uninitialized constant UsersController):
  
activesupport (8.0.2) lib/active_support/inflector/methods.rb:290:in 'ActiveSupport::Inflector#constantize'
activesupport (8.0.2) lib/active_support/core_ext/string/inflections.rb:74:in 'String#constantize'
actionpack (8.0.2) lib/action_dispatch/http/request.rb:99:in 'ActionDispatch::Request#controller_class_for'
actionpack (8.0.2) lib/action_dispatch/http/request.rb:91:in 'ActionDispatch::Request#controller_class'
actionpack (8.0.2) lib/action_dispatch/routing/route_set.rb:61:in 'ActionDispatch::Routing::RouteSet::Dispatcher#controller'
actionpack (8.0.2) lib/action_dispatch/routing/route_set.rb:48:in 'ActionDispatch::Routing::RouteSet::Dispatcher#serve'
actionpack (8.0.2) lib/action_dispatch/journey/router.rb:53:in 'block in ActionDispatch::Journey::Router#serve'
actionpack (8.0.2) lib/action_dispatch/journey/router.rb:133:in 'block in ActionDispatch::Journey::Router#find_routes'
actionpack (8.0.2) lib/action_dispatch/journey/router.rb:126:in 'Array#each'
actionpack (8.0.2) lib/action_dispatch/journey/router.rb:126:in 'ActionDispatch::Journey::Router#find_routes'
actionpack (8.0.2) lib/action_dispatch/journey/router.rb:34:in 'ActionDispatch::Journey::Router#serve'
actionpack (8.0.2) lib/action_dispatch/routing/route_set.rb:908:in 'ActionDispatch::Routing::RouteSet#call'
railties (8.0.2) lib/rails/engine/lazy_route_set.rb:68:in 'Rails::Engine::LazyRouteSet#call'
rack (3.1.15) lib/rack/tempfile_reaper.rb:20:in 'Rack::TempfileReaper#call'
rack (3.1.15) lib/rack/etag.rb:29:in 'Rack::ETag#call'
rack (3.1.15) lib/rack/conditional_get.rb:43:in 'Rack::ConditionalGet#call'
rack (3.1.15) lib/rack/head.rb:15:in 'Rack::Head#call'
actionpack (8.0.2) lib/action_dispatch/http/permissions_policy.rb:38:in 'ActionDispatch::PermissionsPolicy::Middleware#call'
actionpack (8.0.2) lib/action_dispatch/http/content_security_policy.rb:38:in 'ActionDispatch::ContentSecurityPolicy::Middleware#call'
rack-session (2.1.1) lib/rack/session/abstract/id.rb:274:in 'Rack::Session::Abstract::Persisted#context'
rack-session (2.1.1) lib/rack/session/abstract/id.rb:268:in 'Rack::Session::Abstract::Persisted#call'
actionpack (8.0.2) lib/action_dispatch/middleware/cookies.rb:706:in 'ActionDispatch::Cookies#call'
activerecord (8.0.2) lib/active_record/migration.rb:671:in 'ActiveRecord::Migration::CheckPending#call'
actionpack (8.0.2) lib/action_dispatch/middleware/callbacks.rb:31:in 'block in ActionDispatch::Callbacks#call'
activesupport (8.0.2) lib/active_support/callbacks.rb:100:in 'ActiveSupport::Callbacks#run_callbacks'
actionpack (8.0.2) lib/action_dispatch/middleware/callbacks.rb:30:in 'ActionDispatch::Callbacks#call'
actionpack (8.0.2) lib/action_dispatch/middleware/executor.rb:16:in 'ActionDispatch::Executor#call'
actionpack (8.0.2) lib/action_dispatch/middleware/actionable_exceptions.rb:18:in 'ActionDispatch::ActionableExceptions#call'
actionpack (8.0.2) lib/action_dispatch/middleware/debug_exceptions.rb:31:in 'ActionDispatch::DebugExceptions#call'
web-console (4.2.1) lib/web_console/middleware.rb:132:in 'WebConsole::Middleware#call_app'
web-console (4.2.1) lib/web_console/middleware.rb:28:in 'block in WebConsole::Middleware#call'
web-console (4.2.1) lib/web_console/middleware.rb:17:in 'Kernel#catch'
web-console (4.2.1) lib/web_console/middleware.rb:17:in 'WebConsole::Middleware#call'
actionpack (8.0.2) lib/action_dispatch/middleware/show_exceptions.rb:32:in 'ActionDispatch::ShowExceptions#call'
railties (8.0.2) lib/rails/rack/logger.rb:41:in 'Rails::Rack::Logger#call_app'
railties (8.0.2) lib/rails/rack/logger.rb:29:in 'Rails::Rack::Logger#call'
actionpack (8.0.2) lib/action_dispatch/middleware/remote_ip.rb:96:in 'ActionDispatch::RemoteIp#call'
actionpack (8.0.2) lib/action_dispatch/middleware/request_id.rb:34:in 'ActionDispatch::RequestId#call'
rack (3.1.15) lib/rack/method_override.rb:28:in 'Rack::MethodOverride#call'
rack (3.1.15) lib/rack/runtime.rb:24:in 'Rack::Runtime#call'
actionpack (8.0.2) lib/action_dispatch/middleware/server_timing.rb:61:in 'block in ActionDispatch::ServerTiming#call'
actionpack (8.0.2) lib/action_dispatch/middleware/server_timing.rb:26:in 'ActionDispatch::ServerTiming::Subscriber#collect_events'
actionpack (8.0.2) lib/action_dispatch/middleware/server_timing.rb:60:in 'ActionDispatch::ServerTiming#call'
actionpack (8.0.2) lib/action_dispatch/middleware/executor.rb:16:in 'ActionDispatch::Executor#call'
actionpack (8.0.2) lib/action_dispatch/middleware/static.rb:27:in 'ActionDispatch::Static#call'
rack (3.1.15) lib/rack/sendfile.rb:114:in 'Rack::Sendfile#call'
actionpack (8.0.2) lib/action_dispatch/middleware/host_authorization.rb:143:in 'ActionDispatch::HostAuthorization#call'
railties (8.0.2) lib/rails/engine.rb:535:in 'Rails::Engine#call'
puma (6.6.0) lib/puma/configuration.rb:279:in 'Puma::Configuration::ConfigMiddleware#call'
puma (6.6.0) lib/puma/request.rb:99:in 'block in Puma::Request#handle_request'
puma (6.6.0) lib/puma/thread_pool.rb:390:in 'Puma::ThreadPool#with_force_shutdown'
puma (6.6.0) lib/puma/request.rb:98:in 'Puma::Request#handle_request'
puma (6.6.0) lib/puma/server.rb:472:in 'Puma::Server#process_client'
puma (6.6.0) lib/puma/server.rb:254:in 'block in Puma::Server#run'
puma (6.6.0) lib/puma/thread_pool.rb:167:in 'block in Puma::ThreadPool#spawn_thread'
Started POST "/users" for ::1 at 2025-05-29 10:10:18 +0530
  
ActionController::RoutingError (uninitialized constant UsersController)
Caused by: ActionDispatch::MissingController (uninitialized constant UsersController)
Caused by: NameError (uninitialized constant UsersController)

Information for: ActionController::RoutingError (uninitialized constant UsersController):
  

Information for cause: ActionDispatch::MissingController (uninitialized constant UsersController):
  
actionpack (8.0.2) lib/action_dispatch/http/request.rb:102:in 'ActionDispatch::Request#controller_class_for'
actionpack (8.0.2) lib/action_dispatch/http/request.rb:91:in 'ActionDispatch::Request#controller_class'
actionpack (8.0.2) lib/action_dispatch/routing/route_set.rb:61:in 'ActionDispatch::Routing::RouteSet::Dispatcher#controller'
actionpack (8.0.2) lib/action_dispatch/routing/route_set.rb:48:in 'ActionDispatch::Routing::RouteSet::Dispatcher#serve'
actionpack (8.0.2) lib/action_dispatch/journey/router.rb:53:in 'block in ActionDispatch::Journey::Router#serve'
actionpack (8.0.2) lib/action_dispatch/journey/router.rb:133:in 'block in ActionDispatch::Journey::Router#find_routes'
actionpack (8.0.2) lib/action_dispatch/journey/router.rb:126:in 'Array#each'
actionpack (8.0.2) lib/action_dispatch/journey/router.rb:126:in 'ActionDispatch::Journey::Router#find_routes'
actionpack (8.0.2) lib/action_dispatch/journey/router.rb:34:in 'ActionDispatch::Journey::Router#serve'
actionpack (8.0.2) lib/action_dispatch/routing/route_set.rb:908:in 'ActionDispatch::Routing::RouteSet#call'
railties (8.0.2) lib/rails/engine/lazy_route_set.rb:68:in 'Rails::Engine::LazyRouteSet#call'
rack (3.1.15) lib/rack/tempfile_reaper.rb:20:in 'Rack::TempfileReaper#call'
rack (3.1.15) lib/rack/etag.rb:29:in 'Rack::ETag#call'
rack (3.1.15) lib/rack/conditional_get.rb:43:in 'Rack::ConditionalGet#call'
rack (3.1.15) lib/rack/head.rb:15:in 'Rack::Head#call'
actionpack (8.0.2) lib/action_dispatch/http/permissions_policy.rb:38:in 'ActionDispatch::PermissionsPolicy::Middleware#call'
actionpack (8.0.2) lib/action_dispatch/http/content_security_policy.rb:38:in 'ActionDispatch::ContentSecurityPolicy::Middleware#call'
rack-session (2.1.1) lib/rack/session/abstract/id.rb:274:in 'Rack::Session::Abstract::Persisted#context'
rack-session (2.1.1) lib/rack/session/abstract/id.rb:268:in 'Rack::Session::Abstract::Persisted#call'
actionpack (8.0.2) lib/action_dispatch/middleware/cookies.rb:706:in 'ActionDispatch::Cookies#call'
activerecord (8.0.2) lib/active_record/migration.rb:671:in 'ActiveRecord::Migration::CheckPending#call'
actionpack (8.0.2) lib/action_dispatch/middleware/callbacks.rb:31:in 'block in ActionDispatch::Callbacks#call'
activesupport (8.0.2) lib/active_support/callbacks.rb:100:in 'ActiveSupport::Callbacks#run_callbacks'
actionpack (8.0.2) lib/action_dispatch/middleware/callbacks.rb:30:in 'ActionDispatch::Callbacks#call'
actionpack (8.0.2) lib/action_dispatch/middleware/executor.rb:16:in 'ActionDispatch::Executor#call'
actionpack (8.0.2) lib/action_dispatch/middleware/actionable_exceptions.rb:18:in 'ActionDispatch::ActionableExceptions#call'
actionpack (8.0.2) lib/action_dispatch/middleware/debug_exceptions.rb:31:in 'ActionDispatch::DebugExceptions#call'
web-console (4.2.1) lib/web_console/middleware.rb:132:in 'WebConsole::Middleware#call_app'
web-console (4.2.1) lib/web_console/middleware.rb:28:in 'block in WebConsole::Middleware#call'
web-console (4.2.1) lib/web_console/middleware.rb:17:in 'Kernel#catch'
web-console (4.2.1) lib/web_console/middleware.rb:17:in 'WebConsole::Middleware#call'
actionpack (8.0.2) lib/action_dispatch/middleware/show_exceptions.rb:32:in 'ActionDispatch::ShowExceptions#call'
railties (8.0.2) lib/rails/rack/logger.rb:41:in 'Rails::Rack::Logger#call_app'
railties (8.0.2) lib/rails/rack/logger.rb:29:in 'Rails::Rack::Logger#call'
actionpack (8.0.2) lib/action_dispatch/middleware/remote_ip.rb:96:in 'ActionDispatch::RemoteIp#call'
actionpack (8.0.2) lib/action_dispatch/middleware/request_id.rb:34:in 'ActionDispatch::RequestId#call'
rack (3.1.15) lib/rack/method_override.rb:28:in 'Rack::MethodOverride#call'
rack (3.1.15) lib/rack/runtime.rb:24:in 'Rack::Runtime#call'
actionpack (8.0.2) lib/action_dispatch/middleware/server_timing.rb:61:in 'block in ActionDispatch::ServerTiming#call'
actionpack (8.0.2) lib/action_dispatch/middleware/server_timing.rb:26:in 'ActionDispatch::ServerTiming::Subscriber#collect_events'
actionpack (8.0.2) lib/action_dispatch/middleware/server_timing.rb:60:in 'ActionDispatch::ServerTiming#call'
actionpack (8.0.2) lib/action_dispatch/middleware/executor.rb:16:in 'ActionDispatch::Executor#call'
actionpack (8.0.2) lib/action_dispatch/middleware/static.rb:27:in 'ActionDispatch::Static#call'
rack (3.1.15) lib/rack/sendfile.rb:114:in 'Rack::Sendfile#call'
actionpack (8.0.2) lib/action_dispatch/middleware/host_authorization.rb:143:in 'ActionDispatch::HostAuthorization#call'
railties (8.0.2) lib/rails/engine.rb:535:in 'Rails::Engine#call'
puma (6.6.0) lib/puma/configuration.rb:279:in 'Puma::Configuration::ConfigMiddleware#call'
puma (6.6.0) lib/puma/request.rb:99:in 'block in Puma::Request#handle_request'
puma (6.6.0) lib/puma/thread_pool.rb:390:in 'Puma::ThreadPool#with_force_shutdown'
puma (6.6.0) lib/puma/request.rb:98:in 'Puma::Request#handle_request'
puma (6.6.0) lib/puma/server.rb:472:in 'Puma::Server#process_client'
puma (6.6.0) lib/puma/server.rb:254:in 'block in Puma::Server#run'
puma (6.6.0) lib/puma/thread_pool.rb:167:in 'block in Puma::ThreadPool#spawn_thread'

Information for cause: NameError (uninitialized constant UsersController):
  
activesupport (8.0.2) lib/active_support/inflector/methods.rb:290:in 'ActiveSupport::Inflector#constantize'
activesupport (8.0.2) lib/active_support/core_ext/string/inflections.rb:74:in 'String#constantize'
actionpack (8.0.2) lib/action_dispatch/http/request.rb:99:in 'ActionDispatch::Request#controller_class_for'
actionpack (8.0.2) lib/action_dispatch/http/request.rb:91:in 'ActionDispatch::Request#controller_class'
actionpack (8.0.2) lib/action_dispatch/routing/route_set.rb:61:in 'ActionDispatch::Routing::RouteSet::Dispatcher#controller'
actionpack (8.0.2) lib/action_dispatch/routing/route_set.rb:48:in 'ActionDispatch::Routing::RouteSet::Dispatcher#serve'
actionpack (8.0.2) lib/action_dispatch/journey/router.rb:53:in 'block in ActionDispatch::Journey::Router#serve'
actionpack (8.0.2) lib/action_dispatch/journey/router.rb:133:in 'block in ActionDispatch::Journey::Router#find_routes'
actionpack (8.0.2) lib/action_dispatch/journey/router.rb:126:in 'Array#each'
actionpack (8.0.2) lib/action_dispatch/journey/router.rb:126:in 'ActionDispatch::Journey::Router#find_routes'
actionpack (8.0.2) lib/action_dispatch/journey/router.rb:34:in 'ActionDispatch::Journey::Router#serve'
actionpack (8.0.2) lib/action_dispatch/routing/route_set.rb:908:in 'ActionDispatch::Routing::RouteSet#call'
railties (8.0.2) lib/rails/engine/lazy_route_set.rb:68:in 'Rails::Engine::LazyRouteSet#call'
rack (3.1.15) lib/rack/tempfile_reaper.rb:20:in 'Rack::TempfileReaper#call'
rack (3.1.15) lib/rack/etag.rb:29:in 'Rack::ETag#call'
rack (3.1.15) lib/rack/conditional_get.rb:43:in 'Rack::ConditionalGet#call'
rack (3.1.15) lib/rack/head.rb:15:in 'Rack::Head#call'
actionpack (8.0.2) lib/action_dispatch/http/permissions_policy.rb:38:in 'ActionDispatch::PermissionsPolicy::Middleware#call'
actionpack (8.0.2) lib/action_dispatch/http/content_security_policy.rb:38:in 'ActionDispatch::ContentSecurityPolicy::Middleware#call'
rack-session (2.1.1) lib/rack/session/abstract/id.rb:274:in 'Rack::Session::Abstract::Persisted#context'
rack-session (2.1.1) lib/rack/session/abstract/id.rb:268:in 'Rack::Session::Abstract::Persisted#call'
actionpack (8.0.2) lib/action_dispatch/middleware/cookies.rb:706:in 'ActionDispatch::Cookies#call'
activerecord (8.0.2) lib/active_record/migration.rb:671:in 'ActiveRecord::Migration::CheckPending#call'
actionpack (8.0.2) lib/action_dispatch/middleware/callbacks.rb:31:in 'block in ActionDispatch::Callbacks#call'
activesupport (8.0.2) lib/active_support/callbacks.rb:100:in 'ActiveSupport::Callbacks#run_callbacks'
actionpack (8.0.2) lib/action_dispatch/middleware/callbacks.rb:30:in 'ActionDispatch::Callbacks#call'
actionpack (8.0.2) lib/action_dispatch/middleware/executor.rb:16:in 'ActionDispatch::Executor#call'
actionpack (8.0.2) lib/action_dispatch/middleware/actionable_exceptions.rb:18:in 'ActionDispatch::ActionableExceptions#call'
actionpack (8.0.2) lib/action_dispatch/middleware/debug_exceptions.rb:31:in 'ActionDispatch::DebugExceptions#call'
web-console (4.2.1) lib/web_console/middleware.rb:132:in 'WebConsole::Middleware#call_app'
web-console (4.2.1) lib/web_console/middleware.rb:28:in 'block in WebConsole::Middleware#call'
web-console (4.2.1) lib/web_console/middleware.rb:17:in 'Kernel#catch'
web-console (4.2.1) lib/web_console/middleware.rb:17:in 'WebConsole::Middleware#call'
actionpack (8.0.2) lib/action_dispatch/middleware/show_exceptions.rb:32:in 'ActionDispatch::ShowExceptions#call'
railties (8.0.2) lib/rails/rack/logger.rb:41:in 'Rails::Rack::Logger#call_app'
railties (8.0.2) lib/rails/rack/logger.rb:29:in 'Rails::Rack::Logger#call'
actionpack (8.0.2) lib/action_dispatch/middleware/remote_ip.rb:96:in 'ActionDispatch::RemoteIp#call'
actionpack (8.0.2) lib/action_dispatch/middleware/request_id.rb:34:in 'ActionDispatch::RequestId#call'
rack (3.1.15) lib/rack/method_override.rb:28:in 'Rack::MethodOverride#call'
rack (3.1.15) lib/rack/runtime.rb:24:in 'Rack::Runtime#call'
actionpack (8.0.2) lib/action_dispatch/middleware/server_timing.rb:61:in 'block in ActionDispatch::ServerTiming#call'
actionpack (8.0.2) lib/action_dispatch/middleware/server_timing.rb:26:in 'ActionDispatch::ServerTiming::Subscriber#collect_events'
actionpack (8.0.2) lib/action_dispatch/middleware/server_timing.rb:60:in 'ActionDispatch::ServerTiming#call'
actionpack (8.0.2) lib/action_dispatch/middleware/executor.rb:16:in 'ActionDispatch::Executor#call'
actionpack (8.0.2) lib/action_dispatch/middleware/static.rb:27:in 'ActionDispatch::Static#call'
rack (3.1.15) lib/rack/sendfile.rb:114:in 'Rack::Sendfile#call'
actionpack (8.0.2) lib/action_dispatch/middleware/host_authorization.rb:143:in 'ActionDispatch::HostAuthorization#call'
railties (8.0.2) lib/rails/engine.rb:535:in 'Rails::Engine#call'
puma (6.6.0) lib/puma/configuration.rb:279:in 'Puma::Configuration::ConfigMiddleware#call'
puma (6.6.0) lib/puma/request.rb:99:in 'block in Puma::Request#handle_request'
puma (6.6.0) lib/puma/thread_pool.rb:390:in 'Puma::ThreadPool#with_force_shutdown'
puma (6.6.0) lib/puma/request.rb:98:in 'Puma::Request#handle_request'
puma (6.6.0) lib/puma/server.rb:472:in 'Puma::Server#process_client'
puma (6.6.0) lib/puma/server.rb:254:in 'block in Puma::Server#run'
puma (6.6.0) lib/puma/thread_pool.rb:167:in 'block in Puma::ThreadPool#spawn_thread'
Started POST "/users" for ::1 at 2025-05-29 10:10:31 +0530
  [1m[36mActiveRecord::SchemaMigration Load (1.6ms)[0m  [1m[34mSELECT "schema_migrations"."version" FROM "schema_migrations" ORDER BY "schema_migrations"."version" ASC /*application='UserManagement'*/[0m
  
ActionController::RoutingError (uninitialized constant UsersController)
Caused by: ActionDispatch::MissingController (uninitialized constant UsersController)
Caused by: NameError (uninitialized constant UsersController)

Information for: ActionController::RoutingError (uninitialized constant UsersController):
  

Information for cause: ActionDispatch::MissingController (uninitialized constant UsersController):
  
actionpack (8.0.2) lib/action_dispatch/http/request.rb:102:in 'ActionDispatch::Request#controller_class_for'
actionpack (8.0.2) lib/action_dispatch/http/request.rb:91:in 'ActionDispatch::Request#controller_class'
actionpack (8.0.2) lib/action_dispatch/routing/route_set.rb:61:in 'ActionDispatch::Routing::RouteSet::Dispatcher#controller'
actionpack (8.0.2) lib/action_dispatch/routing/route_set.rb:48:in 'ActionDispatch::Routing::RouteSet::Dispatcher#serve'
actionpack (8.0.2) lib/action_dispatch/journey/router.rb:53:in 'block in ActionDispatch::Journey::Router#serve'
actionpack (8.0.2) lib/action_dispatch/journey/router.rb:133:in 'block in ActionDispatch::Journey::Router#find_routes'
actionpack (8.0.2) lib/action_dispatch/journey/router.rb:126:in 'Array#each'
actionpack (8.0.2) lib/action_dispatch/journey/router.rb:126:in 'ActionDispatch::Journey::Router#find_routes'
actionpack (8.0.2) lib/action_dispatch/journey/router.rb:34:in 'ActionDispatch::Journey::Router#serve'
actionpack (8.0.2) lib/action_dispatch/routing/route_set.rb:908:in 'ActionDispatch::Routing::RouteSet#call'
railties (8.0.2) lib/rails/engine/lazy_route_set.rb:68:in 'Rails::Engine::LazyRouteSet#call'
rack (3.1.15) lib/rack/tempfile_reaper.rb:20:in 'Rack::TempfileReaper#call'
rack (3.1.15) lib/rack/etag.rb:29:in 'Rack::ETag#call'
rack (3.1.15) lib/rack/conditional_get.rb:43:in 'Rack::ConditionalGet#call'
rack (3.1.15) lib/rack/head.rb:15:in 'Rack::Head#call'
actionpack (8.0.2) lib/action_dispatch/http/permissions_policy.rb:38:in 'ActionDispatch::PermissionsPolicy::Middleware#call'
actionpack (8.0.2) lib/action_dispatch/http/content_security_policy.rb:38:in 'ActionDispatch::ContentSecurityPolicy::Middleware#call'
rack-session (2.1.1) lib/rack/session/abstract/id.rb:274:in 'Rack::Session::Abstract::Persisted#context'
rack-session (2.1.1) lib/rack/session/abstract/id.rb:268:in 'Rack::Session::Abstract::Persisted#call'
actionpack (8.0.2) lib/action_dispatch/middleware/cookies.rb:706:in 'ActionDispatch::Cookies#call'
activerecord (8.0.2) lib/active_record/migration.rb:671:in 'ActiveRecord::Migration::CheckPending#call'
actionpack (8.0.2) lib/action_dispatch/middleware/callbacks.rb:31:in 'block in ActionDispatch::Callbacks#call'
activesupport (8.0.2) lib/active_support/callbacks.rb:100:in 'ActiveSupport::Callbacks#run_callbacks'
actionpack (8.0.2) lib/action_dispatch/middleware/callbacks.rb:30:in 'ActionDispatch::Callbacks#call'
actionpack (8.0.2) lib/action_dispatch/middleware/executor.rb:16:in 'ActionDispatch::Executor#call'
actionpack (8.0.2) lib/action_dispatch/middleware/actionable_exceptions.rb:18:in 'ActionDispatch::ActionableExceptions#call'
actionpack (8.0.2) lib/action_dispatch/middleware/debug_exceptions.rb:31:in 'ActionDispatch::DebugExceptions#call'
web-console (4.2.1) lib/web_console/middleware.rb:132:in 'WebConsole::Middleware#call_app'
web-console (4.2.1) lib/web_console/middleware.rb:28:in 'block in WebConsole::Middleware#call'
web-console (4.2.1) lib/web_console/middleware.rb:17:in 'Kernel#catch'
web-console (4.2.1) lib/web_console/middleware.rb:17:in 'WebConsole::Middleware#call'
actionpack (8.0.2) lib/action_dispatch/middleware/show_exceptions.rb:32:in 'ActionDispatch::ShowExceptions#call'
railties (8.0.2) lib/rails/rack/logger.rb:41:in 'Rails::Rack::Logger#call_app'
railties (8.0.2) lib/rails/rack/logger.rb:29:in 'Rails::Rack::Logger#call'
actionpack (8.0.2) lib/action_dispatch/middleware/remote_ip.rb:96:in 'ActionDispatch::RemoteIp#call'
actionpack (8.0.2) lib/action_dispatch/middleware/request_id.rb:34:in 'ActionDispatch::RequestId#call'
rack (3.1.15) lib/rack/method_override.rb:28:in 'Rack::MethodOverride#call'
rack (3.1.15) lib/rack/runtime.rb:24:in 'Rack::Runtime#call'
actionpack (8.0.2) lib/action_dispatch/middleware/server_timing.rb:61:in 'block in ActionDispatch::ServerTiming#call'
actionpack (8.0.2) lib/action_dispatch/middleware/server_timing.rb:26:in 'ActionDispatch::ServerTiming::Subscriber#collect_events'
actionpack (8.0.2) lib/action_dispatch/middleware/server_timing.rb:60:in 'ActionDispatch::ServerTiming#call'
actionpack (8.0.2) lib/action_dispatch/middleware/executor.rb:16:in 'ActionDispatch::Executor#call'
actionpack (8.0.2) lib/action_dispatch/middleware/static.rb:27:in 'ActionDispatch::Static#call'
rack (3.1.15) lib/rack/sendfile.rb:114:in 'Rack::Sendfile#call'
actionpack (8.0.2) lib/action_dispatch/middleware/host_authorization.rb:143:in 'ActionDispatch::HostAuthorization#call'
railties (8.0.2) lib/rails/engine.rb:535:in 'Rails::Engine#call'
puma (6.6.0) lib/puma/configuration.rb:279:in 'Puma::Configuration::ConfigMiddleware#call'
puma (6.6.0) lib/puma/request.rb:99:in 'block in Puma::Request#handle_request'
puma (6.6.0) lib/puma/thread_pool.rb:390:in 'Puma::ThreadPool#with_force_shutdown'
puma (6.6.0) lib/puma/request.rb:98:in 'Puma::Request#handle_request'
puma (6.6.0) lib/puma/server.rb:472:in 'Puma::Server#process_client'
puma (6.6.0) lib/puma/server.rb:254:in 'block in Puma::Server#run'
puma (6.6.0) lib/puma/thread_pool.rb:167:in 'block in Puma::ThreadPool#spawn_thread'

Information for cause: NameError (uninitialized constant UsersController):
  
activesupport (8.0.2) lib/active_support/inflector/methods.rb:290:in 'ActiveSupport::Inflector#constantize'
activesupport (8.0.2) lib/active_support/core_ext/string/inflections.rb:74:in 'String#constantize'
actionpack (8.0.2) lib/action_dispatch/http/request.rb:99:in 'ActionDispatch::Request#controller_class_for'
actionpack (8.0.2) lib/action_dispatch/http/request.rb:91:in 'ActionDispatch::Request#controller_class'
actionpack (8.0.2) lib/action_dispatch/routing/route_set.rb:61:in 'ActionDispatch::Routing::RouteSet::Dispatcher#controller'
actionpack (8.0.2) lib/action_dispatch/routing/route_set.rb:48:in 'ActionDispatch::Routing::RouteSet::Dispatcher#serve'
actionpack (8.0.2) lib/action_dispatch/journey/router.rb:53:in 'block in ActionDispatch::Journey::Router#serve'
actionpack (8.0.2) lib/action_dispatch/journey/router.rb:133:in 'block in ActionDispatch::Journey::Router#find_routes'
actionpack (8.0.2) lib/action_dispatch/journey/router.rb:126:in 'Array#each'
actionpack (8.0.2) lib/action_dispatch/journey/router.rb:126:in 'ActionDispatch::Journey::Router#find_routes'
actionpack (8.0.2) lib/action_dispatch/journey/router.rb:34:in 'ActionDispatch::Journey::Router#serve'
actionpack (8.0.2) lib/action_dispatch/routing/route_set.rb:908:in 'ActionDispatch::Routing::RouteSet#call'
railties (8.0.2) lib/rails/engine/lazy_route_set.rb:68:in 'Rails::Engine::LazyRouteSet#call'
rack (3.1.15) lib/rack/tempfile_reaper.rb:20:in 'Rack::TempfileReaper#call'
rack (3.1.15) lib/rack/etag.rb:29:in 'Rack::ETag#call'
rack (3.1.15) lib/rack/conditional_get.rb:43:in 'Rack::ConditionalGet#call'
rack (3.1.15) lib/rack/head.rb:15:in 'Rack::Head#call'
actionpack (8.0.2) lib/action_dispatch/http/permissions_policy.rb:38:in 'ActionDispatch::PermissionsPolicy::Middleware#call'
actionpack (8.0.2) lib/action_dispatch/http/content_security_policy.rb:38:in 'ActionDispatch::ContentSecurityPolicy::Middleware#call'
rack-session (2.1.1) lib/rack/session/abstract/id.rb:274:in 'Rack::Session::Abstract::Persisted#context'
rack-session (2.1.1) lib/rack/session/abstract/id.rb:268:in 'Rack::Session::Abstract::Persisted#call'
actionpack (8.0.2) lib/action_dispatch/middleware/cookies.rb:706:in 'ActionDispatch::Cookies#call'
activerecord (8.0.2) lib/active_record/migration.rb:671:in 'ActiveRecord::Migration::CheckPending#call'
actionpack (8.0.2) lib/action_dispatch/middleware/callbacks.rb:31:in 'block in ActionDispatch::Callbacks#call'
activesupport (8.0.2) lib/active_support/callbacks.rb:100:in 'ActiveSupport::Callbacks#run_callbacks'
actionpack (8.0.2) lib/action_dispatch/middleware/callbacks.rb:30:in 'ActionDispatch::Callbacks#call'
actionpack (8.0.2) lib/action_dispatch/middleware/executor.rb:16:in 'ActionDispatch::Executor#call'
actionpack (8.0.2) lib/action_dispatch/middleware/actionable_exceptions.rb:18:in 'ActionDispatch::ActionableExceptions#call'
actionpack (8.0.2) lib/action_dispatch/middleware/debug_exceptions.rb:31:in 'ActionDispatch::DebugExceptions#call'
web-console (4.2.1) lib/web_console/middleware.rb:132:in 'WebConsole::Middleware#call_app'
web-console (4.2.1) lib/web_console/middleware.rb:28:in 'block in WebConsole::Middleware#call'
web-console (4.2.1) lib/web_console/middleware.rb:17:in 'Kernel#catch'
web-console (4.2.1) lib/web_console/middleware.rb:17:in 'WebConsole::Middleware#call'
actionpack (8.0.2) lib/action_dispatch/middleware/show_exceptions.rb:32:in 'ActionDispatch::ShowExceptions#call'
railties (8.0.2) lib/rails/rack/logger.rb:41:in 'Rails::Rack::Logger#call_app'
railties (8.0.2) lib/rails/rack/logger.rb:29:in 'Rails::Rack::Logger#call'
actionpack (8.0.2) lib/action_dispatch/middleware/remote_ip.rb:96:in 'ActionDispatch::RemoteIp#call'
actionpack (8.0.2) lib/action_dispatch/middleware/request_id.rb:34:in 'ActionDispatch::RequestId#call'
rack (3.1.15) lib/rack/method_override.rb:28:in 'Rack::MethodOverride#call'
rack (3.1.15) lib/rack/runtime.rb:24:in 'Rack::Runtime#call'
actionpack (8.0.2) lib/action_dispatch/middleware/server_timing.rb:61:in 'block in ActionDispatch::ServerTiming#call'
actionpack (8.0.2) lib/action_dispatch/middleware/server_timing.rb:26:in 'ActionDispatch::ServerTiming::Subscriber#collect_events'
actionpack (8.0.2) lib/action_dispatch/middleware/server_timing.rb:60:in 'ActionDispatch::ServerTiming#call'
actionpack (8.0.2) lib/action_dispatch/middleware/executor.rb:16:in 'ActionDispatch::Executor#call'
actionpack (8.0.2) lib/action_dispatch/middleware/static.rb:27:in 'ActionDispatch::Static#call'
rack (3.1.15) lib/rack/sendfile.rb:114:in 'Rack::Sendfile#call'
actionpack (8.0.2) lib/action_dispatch/middleware/host_authorization.rb:143:in 'ActionDispatch::HostAuthorization#call'
railties (8.0.2) lib/rails/engine.rb:535:in 'Rails::Engine#call'
puma (6.6.0) lib/puma/configuration.rb:279:in 'Puma::Configuration::ConfigMiddleware#call'
puma (6.6.0) lib/puma/request.rb:99:in 'block in Puma::Request#handle_request'
puma (6.6.0) lib/puma/thread_pool.rb:390:in 'Puma::ThreadPool#with_force_shutdown'
puma (6.6.0) lib/puma/request.rb:98:in 'Puma::Request#handle_request'
puma (6.6.0) lib/puma/server.rb:472:in 'Puma::Server#process_client'
puma (6.6.0) lib/puma/server.rb:254:in 'block in Puma::Server#run'
puma (6.6.0) lib/puma/thread_pool.rb:167:in 'block in Puma::ThreadPool#spawn_thread'
Started POST "/user" for ::1 at 2025-05-29 10:11:56 +0530
  [1m[36mActiveRecord::SchemaMigration Load (0.9ms)[0m  [1m[34mSELECT "schema_migrations"."version" FROM "schema_migrations" ORDER BY "schema_migrations"."version" ASC /*application='UserManagement'*/[0m
Processing by UserController#create as */*
  Parameters: {"name" => "venkat", "email" => "[FILTERED]", "password" => "[FILTERED]", "user" => {"name" => "venkat", "email" => "[FILTERED]"}}
Can't verify CSRF token authenticity.
Completed 422 Unprocessable Content in 0ms (ActiveRecord: 19.0ms (0 queries, 0 cached) | GC: 0.0ms)


  
ActionController::InvalidAuthenticityToken (Can't verify CSRF token authenticity.):
  
actionpack (8.0.2) lib/action_controller/metal/request_forgery_protection.rb:314:in 'ActionController::RequestForgeryProtection::ProtectionMethods::Exception#handle_unverified_request'
actionpack (8.0.2) lib/action_controller/metal/request_forgery_protection.rb:408:in 'ActionController::RequestForgeryProtection#handle_unverified_request'
actionpack (8.0.2) lib/action_controller/metal/request_forgery_protection.rb:397:in 'ActionController::RequestForgeryProtection#verify_authenticity_token'
activesupport (8.0.2) lib/active_support/callbacks.rb:361:in 'block in ActiveSupport::Callbacks::CallTemplate::MethodCall#make_lambda'
activesupport (8.0.2) lib/active_support/callbacks.rb:178:in 'block in ActiveSupport::Callbacks::Filters::Before#call'
actionpack (8.0.2) lib/abstract_controller/callbacks.rb:34:in 'block (2 levels) in <module:Callbacks>'
activesupport (8.0.2) lib/active_support/callbacks.rb:179:in 'ActiveSupport::Callbacks::Filters::Before#call'
activesupport (8.0.2) lib/active_support/callbacks.rb:559:in 'block in ActiveSupport::Callbacks::CallbackSequence#invoke_before'
activesupport (8.0.2) lib/active_support/callbacks.rb:559:in 'Array#each'
activesupport (8.0.2) lib/active_support/callbacks.rb:559:in 'ActiveSupport::Callbacks::CallbackSequence#invoke_before'
activesupport (8.0.2) lib/active_support/callbacks.rb:118:in 'block in ActiveSupport::Callbacks#run_callbacks'
activesupport (8.0.2) lib/active_support/callbacks.rb:140:in 'ActiveSupport::Callbacks#run_callbacks'
actionpack (8.0.2) lib/abstract_controller/callbacks.rb:260:in 'AbstractController::Callbacks#process_action'
actionpack (8.0.2) lib/action_controller/metal/rescue.rb:27:in 'ActionController::Rescue#process_action'
actionpack (8.0.2) lib/action_controller/metal/instrumentation.rb:76:in 'block in ActionController::Instrumentation#process_action'
activesupport (8.0.2) lib/active_support/notifications.rb:210:in 'block in ActiveSupport::Notifications.instrument'
activesupport (8.0.2) lib/active_support/notifications/instrumenter.rb:58:in 'ActiveSupport::Notifications::Instrumenter#instrument'
activesupport (8.0.2) lib/active_support/notifications.rb:210:in 'ActiveSupport::Notifications.instrument'
actionpack (8.0.2) lib/action_controller/metal/instrumentation.rb:75:in 'ActionController::Instrumentation#process_action'
actionpack (8.0.2) lib/action_controller/metal/params_wrapper.rb:259:in 'ActionController::ParamsWrapper#process_action'
activerecord (8.0.2) lib/active_record/railties/controller_runtime.rb:39:in 'ActiveRecord::Railties::ControllerRuntime#process_action'
actionpack (8.0.2) lib/abstract_controller/base.rb:163:in 'AbstractController::Base#process'
actionview (8.0.2) lib/action_view/rendering.rb:40:in 'ActionView::Rendering#process'
actionpack (8.0.2) lib/action_controller/metal.rb:252:in 'ActionController::Metal#dispatch'
actionpack (8.0.2) lib/action_controller/metal.rb:335:in 'ActionController::Metal.dispatch'
actionpack (8.0.2) lib/action_dispatch/routing/route_set.rb:67:in 'ActionDispatch::Routing::RouteSet::Dispatcher#dispatch'
actionpack (8.0.2) lib/action_dispatch/routing/route_set.rb:50:in 'ActionDispatch::Routing::RouteSet::Dispatcher#serve'
actionpack (8.0.2) lib/action_dispatch/journey/router.rb:53:in 'block in ActionDispatch::Journey::Router#serve'
actionpack (8.0.2) lib/action_dispatch/journey/router.rb:133:in 'block in ActionDispatch::Journey::Router#find_routes'
actionpack (8.0.2) lib/action_dispatch/journey/router.rb:126:in 'Array#each'
actionpack (8.0.2) lib/action_dispatch/journey/router.rb:126:in 'ActionDispatch::Journey::Router#find_routes'
actionpack (8.0.2) lib/action_dispatch/journey/router.rb:34:in 'ActionDispatch::Journey::Router#serve'
actionpack (8.0.2) lib/action_dispatch/routing/route_set.rb:908:in 'ActionDispatch::Routing::RouteSet#call'
railties (8.0.2) lib/rails/engine/lazy_route_set.rb:68:in 'Rails::Engine::LazyRouteSet#call'
rack (3.1.15) lib/rack/tempfile_reaper.rb:20:in 'Rack::TempfileReaper#call'
rack (3.1.15) lib/rack/etag.rb:29:in 'Rack::ETag#call'
rack (3.1.15) lib/rack/conditional_get.rb:43:in 'Rack::ConditionalGet#call'
rack (3.1.15) lib/rack/head.rb:15:in 'Rack::Head#call'
actionpack (8.0.2) lib/action_dispatch/http/permissions_policy.rb:38:in 'ActionDispatch::PermissionsPolicy::Middleware#call'
actionpack (8.0.2) lib/action_dispatch/http/content_security_policy.rb:38:in 'ActionDispatch::ContentSecurityPolicy::Middleware#call'
rack-session (2.1.1) lib/rack/session/abstract/id.rb:274:in 'Rack::Session::Abstract::Persisted#context'
rack-session (2.1.1) lib/rack/session/abstract/id.rb:268:in 'Rack::Session::Abstract::Persisted#call'
actionpack (8.0.2) lib/action_dispatch/middleware/cookies.rb:706:in 'ActionDispatch::Cookies#call'
activerecord (8.0.2) lib/active_record/migration.rb:671:in 'ActiveRecord::Migration::CheckPending#call'
actionpack (8.0.2) lib/action_dispatch/middleware/callbacks.rb:31:in 'block in ActionDispatch::Callbacks#call'
activesupport (8.0.2) lib/active_support/callbacks.rb:100:in 'ActiveSupport::Callbacks#run_callbacks'
actionpack (8.0.2) lib/action_dispatch/middleware/callbacks.rb:30:in 'ActionDispatch::Callbacks#call'
actionpack (8.0.2) lib/action_dispatch/middleware/executor.rb:16:in 'ActionDispatch::Executor#call'
actionpack (8.0.2) lib/action_dispatch/middleware/actionable_exceptions.rb:18:in 'ActionDispatch::ActionableExceptions#call'
actionpack (8.0.2) lib/action_dispatch/middleware/debug_exceptions.rb:31:in 'ActionDispatch::DebugExceptions#call'
web-console (4.2.1) lib/web_console/middleware.rb:132:in 'WebConsole::Middleware#call_app'
web-console (4.2.1) lib/web_console/middleware.rb:28:in 'block in WebConsole::Middleware#call'
web-console (4.2.1) lib/web_console/middleware.rb:17:in 'Kernel#catch'
web-console (4.2.1) lib/web_console/middleware.rb:17:in 'WebConsole::Middleware#call'
actionpack (8.0.2) lib/action_dispatch/middleware/show_exceptions.rb:32:in 'ActionDispatch::ShowExceptions#call'
railties (8.0.2) lib/rails/rack/logger.rb:41:in 'Rails::Rack::Logger#call_app'
railties (8.0.2) lib/rails/rack/logger.rb:29:in 'Rails::Rack::Logger#call'
actionpack (8.0.2) lib/action_dispatch/middleware/remote_ip.rb:96:in 'ActionDispatch::RemoteIp#call'
actionpack (8.0.2) lib/action_dispatch/middleware/request_id.rb:34:in 'ActionDispatch::RequestId#call'
rack (3.1.15) lib/rack/method_override.rb:28:in 'Rack::MethodOverride#call'
rack (3.1.15) lib/rack/runtime.rb:24:in 'Rack::Runtime#call'
actionpack (8.0.2) lib/action_dispatch/middleware/server_timing.rb:61:in 'block in ActionDispatch::ServerTiming#call'
actionpack (8.0.2) lib/action_dispatch/middleware/server_timing.rb:26:in 'ActionDispatch::ServerTiming::Subscriber#collect_events'
actionpack (8.0.2) lib/action_dispatch/middleware/server_timing.rb:60:in 'ActionDispatch::ServerTiming#call'
actionpack (8.0.2) lib/action_dispatch/middleware/executor.rb:16:in 'ActionDispatch::Executor#call'
actionpack (8.0.2) lib/action_dispatch/middleware/static.rb:27:in 'ActionDispatch::Static#call'
rack (3.1.15) lib/rack/sendfile.rb:114:in 'Rack::Sendfile#call'
actionpack (8.0.2) lib/action_dispatch/middleware/host_authorization.rb:143:in 'ActionDispatch::HostAuthorization#call'
railties (8.0.2) lib/rails/engine.rb:535:in 'Rails::Engine#call'
puma (6.6.0) lib/puma/configuration.rb:279:in 'Puma::Configuration::ConfigMiddleware#call'
puma (6.6.0) lib/puma/request.rb:99:in 'block in Puma::Request#handle_request'
puma (6.6.0) lib/puma/thread_pool.rb:390:in 'Puma::ThreadPool#with_force_shutdown'
puma (6.6.0) lib/puma/request.rb:98:in 'Puma::Request#handle_request'
puma (6.6.0) lib/puma/server.rb:472:in 'Puma::Server#process_client'
puma (6.6.0) lib/puma/server.rb:254:in 'block in Puma::Server#run'
puma (6.6.0) lib/puma/thread_pool.rb:167:in 'block in Puma::ThreadPool#spawn_thread'
Started POST "/user" for ::1 at 2025-05-29 10:13:13 +0530
Processing by UserController#create as */*
  Parameters: {"name" => "venkat", "email" => "[FILTERED]", "password" => "[FILTERED]", "user" => {"name" => "venkat", "email" => "[FILTERED]"}}
[31mUnpermitted parameter: :user. Context: { controller: UserController, action: create, request: #<ActionDispatch::Request:0x000000011fc33488>, params: {"name" => "venkat", "email" => "[FILTERED]", "password" => "[FILTERED]", "controller" => "user", "action" => "create", "user" => {"name" => "venkat", "email" => "[FILTERED]"}} }[0m
[31mUnpermitted parameter: :user. Context: { controller: UserController, action: create, request: #<ActionDispatch::Request:0x000000011fc33488>, params: {"name" => "venkat", "email" => "[FILTERED]", "password" => "[FILTERED]", "controller" => "user", "action" => "create", "user" => {"name" => "venkat", "email" => "[FILTERED]"}} }[0m
  [1m[36mTRANSACTION (0.4ms)[0m  [1m[35mBEGIN /*action='create',application='UserManagement',controller='user'*/[0m
  ↳ app/controllers/user_controller.rb:11:in 'UserController#create'
  [1m[36mUser Create (6.2ms)[0m  [1m[32mINSERT INTO "users" ("name", "email", "password_digest", "created_at", "updated_at") VALUES ('venkat', 'venkatoffi@gmail.com', '$2a$12$QNr6CzISiaXWFH2yjgRwye7e9MWsADbmFQIbLAiEJcp7ovGQ3rjFW', '2025-05-29 04:43:24.501873', '2025-05-29 04:43:24.501873') RETURNING "id" /*action='create',application='UserManagement',controller='user'*/[0m
  ↳ app/controllers/user_controller.rb:11:in 'UserController#create'
  [1m[36mTRANSACTION (0.4ms)[0m  [1m[35mCOMMIT /*action='create',application='UserManagement',controller='user'*/[0m
  ↳ app/controllers/user_controller.rb:11:in 'UserController#create'
Completed 201 Created in 10973ms (Views: 0.2ms | ActiveRecord: 17.4ms (1 query, 0 cached) | GC: 30.3ms)


Started POST "/user" for ::1 at 2025-05-29 10:14:49 +0530
Processing by UserController#create as */*
  Parameters: {"name" => "venkat", "email" => "[FILTERED]", "password" => "[FILTERED]", "user" => {"name" => "venkat", "email" => "[FILTERED]"}}
[31mUnpermitted parameter: :user. Context: { controller: UserController, action: create, request: #<ActionDispatch::Request:0x000000011ee7e2e8>, params: {"name" => "venkat", "email" => "[FILTERED]", "password" => "[FILTERED]", "controller" => "user", "action" => "create", "user" => {"name" => "venkat", "email" => "[FILTERED]"}} }[0m
[31mUnpermitted parameter: :user. Context: { controller: UserController, action: create, request: #<ActionDispatch::Request:0x000000011ee7e2e8>, params: {"name" => "venkat", "email" => "[FILTERED]", "password" => "[FILTERED]", "controller" => "user", "action" => "create", "user" => {"name" => "venkat", "email" => "[FILTERED]"}} }[0m
  [1m[36mTRANSACTION (0.5ms)[0m  [1m[35mBEGIN /*action='create',application='UserManagement',controller='user'*/[0m
  ↳ app/controllers/user_controller.rb:11:in 'UserController#create'
  [1m[36mUser Create (5.0ms)[0m  [1m[32mINSERT INTO "users" ("name", "email", "password_digest", "created_at", "updated_at") VALUES ('venkat', 'venkatoffi@gmail.com', '$2a$12$liUunUpUlO6b/Pin88epfONXjO9skmty4lTGHzNMG1aHzu.ldultW', '2025-05-29 04:45:02.685866', '2025-05-29 04:45:02.685866') RETURNING "id" /*action='create',application='UserManagement',controller='user'*/[0m
  ↳ app/controllers/user_controller.rb:11:in 'UserController#create'
  [1m[36mTRANSACTION (0.2ms)[0m  [1m[31mROLLBACK /*action='create',application='UserManagement',controller='user'*/[0m
  ↳ app/controllers/user_controller.rb:11:in 'UserController#create'
Completed 500 Internal Server Error in 12968ms (ActiveRecord: 5.7ms (1 query, 0 cached) | GC: 4.2ms)


  
ActiveRecord::RecordNotUnique (PG::UniqueViolation: ERROR:  duplicate key value violates unique constraint "index_users_on_email"
DETAIL:  Key (email)=(venkatoffi@gmail.com) already exists.
)
Caused by: PG::UniqueViolation (ERROR:  duplicate key value violates unique constraint "index_users_on_email"
DETAIL:  Key (email)=(venkatoffi@gmail.com) already exists.
)

Information for: ActiveRecord::RecordNotUnique (PG::UniqueViolation: ERROR:  duplicate key value violates unique constraint "index_users_on_email"
DETAIL:  Key (email)=(venkatoffi@gmail.com) already exists.
):
  

Information for cause: PG::UniqueViolation (ERROR:  duplicate key value violates unique constraint "index_users_on_email"
DETAIL:  Key (email)=(venkatoffi@gmail.com) already exists.
):
  
app/controllers/user_controller.rb:11:in 'UserController#create'
Started POST "/user" for ::1 at 2025-05-29 10:17:41 +0530
Processing by UserController#create as */*
  Parameters: {"name" => "venkat", "email" => "[FILTERED]", "password" => "[FILTERED]", "user" => {"name" => "venkat", "email" => "[FILTERED]"}}
[31mUnpermitted parameter: :user. Context: { controller: UserController, action: create, request: #<ActionDispatch::Request:0x000000011febd2a8>, params: {"name" => "venkat", "email" => "[FILTERED]", "password" => "[FILTERED]", "controller" => "user", "action" => "create", "user" => {"name" => "venkat", "email" => "[FILTERED]"}} }[0m
Completed 409 Conflict in 267ms (Views: 0.3ms | ActiveRecord: 7.0ms (0 queries, 0 cached) | GC: 0.0ms)


Started GET "/" for ::1 at 2025-05-29 10:18:29 +0530
Processing by UserController#index as */*
  Rendering layout layouts/application.html.erb
  Rendering user/index.html.erb within layouts/application
  Rendered user/index.html.erb within layouts/application (Duration: 0.2ms | GC: 0.0ms)
  Rendered layout layouts/application.html.erb (Duration: 9.0ms | GC: 0.0ms)
Completed 200 OK in 47ms (Views: 10.2ms | ActiveRecord: 0.0ms (0 queries, 0 cached) | GC: 0.0ms)


Started POST "/" for ::1 at 2025-05-29 10:19:00 +0530
  
ActionController::RoutingError (No route matches [POST] "/"):
  
Started GET "/" for ::1 at 2025-05-29 10:19:32 +0530
Processing by UserController#index as HTML
  Rendering layout layouts/application.html.erb
  Rendering user/index.html.erb within layouts/application
  Rendered user/index.html.erb within layouts/application (Duration: 0.1ms | GC: 0.0ms)
  Rendered layout layouts/application.html.erb (Duration: 1.4ms | GC: 0.3ms)
Completed 200 OK in 27ms (Views: 2.1ms | ActiveRecord: 0.0ms (0 queries, 0 cached) | GC: 0.3ms)


Started POST "/login" for ::1 at 2025-05-29 10:20:03 +0530
  
ActionController::RoutingError (uninitialized constant SessionsController)
Caused by: ActionDispatch::MissingController (uninitialized constant SessionsController)
Caused by: NameError (uninitialized constant SessionsController)

Information for: ActionController::RoutingError (uninitialized constant SessionsController):
  

Information for cause: ActionDispatch::MissingController (uninitialized constant SessionsController):
  
actionpack (8.0.2) lib/action_dispatch/http/request.rb:102:in 'ActionDispatch::Request#controller_class_for'
actionpack (8.0.2) lib/action_dispatch/http/request.rb:91:in 'ActionDispatch::Request#controller_class'
actionpack (8.0.2) lib/action_dispatch/routing/route_set.rb:61:in 'ActionDispatch::Routing::RouteSet::Dispatcher#controller'
actionpack (8.0.2) lib/action_dispatch/routing/route_set.rb:48:in 'ActionDispatch::Routing::RouteSet::Dispatcher#serve'
actionpack (8.0.2) lib/action_dispatch/journey/router.rb:53:in 'block in ActionDispatch::Journey::Router#serve'
actionpack (8.0.2) lib/action_dispatch/journey/router.rb:133:in 'block in ActionDispatch::Journey::Router#find_routes'
actionpack (8.0.2) lib/action_dispatch/journey/router.rb:126:in 'Array#each'
actionpack (8.0.2) lib/action_dispatch/journey/router.rb:126:in 'ActionDispatch::Journey::Router#find_routes'
actionpack (8.0.2) lib/action_dispatch/journey/router.rb:34:in 'ActionDispatch::Journey::Router#serve'
actionpack (8.0.2) lib/action_dispatch/routing/route_set.rb:908:in 'ActionDispatch::Routing::RouteSet#call'
railties (8.0.2) lib/rails/engine/lazy_route_set.rb:68:in 'Rails::Engine::LazyRouteSet#call'
rack (3.1.15) lib/rack/tempfile_reaper.rb:20:in 'Rack::TempfileReaper#call'
rack (3.1.15) lib/rack/etag.rb:29:in 'Rack::ETag#call'
rack (3.1.15) lib/rack/conditional_get.rb:43:in 'Rack::ConditionalGet#call'
rack (3.1.15) lib/rack/head.rb:15:in 'Rack::Head#call'
actionpack (8.0.2) lib/action_dispatch/http/permissions_policy.rb:38:in 'ActionDispatch::PermissionsPolicy::Middleware#call'
actionpack (8.0.2) lib/action_dispatch/http/content_security_policy.rb:38:in 'ActionDispatch::ContentSecurityPolicy::Middleware#call'
rack-session (2.1.1) lib/rack/session/abstract/id.rb:274:in 'Rack::Session::Abstract::Persisted#context'
rack-session (2.1.1) lib/rack/session/abstract/id.rb:268:in 'Rack::Session::Abstract::Persisted#call'
actionpack (8.0.2) lib/action_dispatch/middleware/cookies.rb:706:in 'ActionDispatch::Cookies#call'
activerecord (8.0.2) lib/active_record/migration.rb:671:in 'ActiveRecord::Migration::CheckPending#call'
actionpack (8.0.2) lib/action_dispatch/middleware/callbacks.rb:31:in 'block in ActionDispatch::Callbacks#call'
activesupport (8.0.2) lib/active_support/callbacks.rb:100:in 'ActiveSupport::Callbacks#run_callbacks'
actionpack (8.0.2) lib/action_dispatch/middleware/callbacks.rb:30:in 'ActionDispatch::Callbacks#call'
actionpack (8.0.2) lib/action_dispatch/middleware/executor.rb:16:in 'ActionDispatch::Executor#call'
actionpack (8.0.2) lib/action_dispatch/middleware/actionable_exceptions.rb:18:in 'ActionDispatch::ActionableExceptions#call'
actionpack (8.0.2) lib/action_dispatch/middleware/debug_exceptions.rb:31:in 'ActionDispatch::DebugExceptions#call'
web-console (4.2.1) lib/web_console/middleware.rb:132:in 'WebConsole::Middleware#call_app'
web-console (4.2.1) lib/web_console/middleware.rb:28:in 'block in WebConsole::Middleware#call'
web-console (4.2.1) lib/web_console/middleware.rb:17:in 'Kernel#catch'
web-console (4.2.1) lib/web_console/middleware.rb:17:in 'WebConsole::Middleware#call'
actionpack (8.0.2) lib/action_dispatch/middleware/show_exceptions.rb:32:in 'ActionDispatch::ShowExceptions#call'
railties (8.0.2) lib/rails/rack/logger.rb:41:in 'Rails::Rack::Logger#call_app'
railties (8.0.2) lib/rails/rack/logger.rb:29:in 'Rails::Rack::Logger#call'
actionpack (8.0.2) lib/action_dispatch/middleware/remote_ip.rb:96:in 'ActionDispatch::RemoteIp#call'
actionpack (8.0.2) lib/action_dispatch/middleware/request_id.rb:34:in 'ActionDispatch::RequestId#call'
rack (3.1.15) lib/rack/method_override.rb:28:in 'Rack::MethodOverride#call'
rack (3.1.15) lib/rack/runtime.rb:24:in 'Rack::Runtime#call'
actionpack (8.0.2) lib/action_dispatch/middleware/server_timing.rb:61:in 'block in ActionDispatch::ServerTiming#call'
actionpack (8.0.2) lib/action_dispatch/middleware/server_timing.rb:26:in 'ActionDispatch::ServerTiming::Subscriber#collect_events'
actionpack (8.0.2) lib/action_dispatch/middleware/server_timing.rb:60:in 'ActionDispatch::ServerTiming#call'
actionpack (8.0.2) lib/action_dispatch/middleware/executor.rb:16:in 'ActionDispatch::Executor#call'
actionpack (8.0.2) lib/action_dispatch/middleware/static.rb:27:in 'ActionDispatch::Static#call'
rack (3.1.15) lib/rack/sendfile.rb:114:in 'Rack::Sendfile#call'
actionpack (8.0.2) lib/action_dispatch/middleware/host_authorization.rb:143:in 'ActionDispatch::HostAuthorization#call'
railties (8.0.2) lib/rails/engine.rb:535:in 'Rails::Engine#call'
puma (6.6.0) lib/puma/configuration.rb:279:in 'Puma::Configuration::ConfigMiddleware#call'
puma (6.6.0) lib/puma/request.rb:99:in 'block in Puma::Request#handle_request'
puma (6.6.0) lib/puma/thread_pool.rb:390:in 'Puma::ThreadPool#with_force_shutdown'
puma (6.6.0) lib/puma/request.rb:98:in 'Puma::Request#handle_request'
puma (6.6.0) lib/puma/server.rb:472:in 'Puma::Server#process_client'
puma (6.6.0) lib/puma/server.rb:254:in 'block in Puma::Server#run'
puma (6.6.0) lib/puma/thread_pool.rb:167:in 'block in Puma::ThreadPool#spawn_thread'

Information for cause: NameError (uninitialized constant SessionsController):
  
activesupport (8.0.2) lib/active_support/inflector/methods.rb:290:in 'ActiveSupport::Inflector#constantize'
activesupport (8.0.2) lib/active_support/core_ext/string/inflections.rb:74:in 'String#constantize'
actionpack (8.0.2) lib/action_dispatch/http/request.rb:99:in 'ActionDispatch::Request#controller_class_for'
actionpack (8.0.2) lib/action_dispatch/http/request.rb:91:in 'ActionDispatch::Request#controller_class'
actionpack (8.0.2) lib/action_dispatch/routing/route_set.rb:61:in 'ActionDispatch::Routing::RouteSet::Dispatcher#controller'
actionpack (8.0.2) lib/action_dispatch/routing/route_set.rb:48:in 'ActionDispatch::Routing::RouteSet::Dispatcher#serve'
actionpack (8.0.2) lib/action_dispatch/journey/router.rb:53:in 'block in ActionDispatch::Journey::Router#serve'
actionpack (8.0.2) lib/action_dispatch/journey/router.rb:133:in 'block in ActionDispatch::Journey::Router#find_routes'
actionpack (8.0.2) lib/action_dispatch/journey/router.rb:126:in 'Array#each'
actionpack (8.0.2) lib/action_dispatch/journey/router.rb:126:in 'ActionDispatch::Journey::Router#find_routes'
actionpack (8.0.2) lib/action_dispatch/journey/router.rb:34:in 'ActionDispatch::Journey::Router#serve'
actionpack (8.0.2) lib/action_dispatch/routing/route_set.rb:908:in 'ActionDispatch::Routing::RouteSet#call'
railties (8.0.2) lib/rails/engine/lazy_route_set.rb:68:in 'Rails::Engine::LazyRouteSet#call'
rack (3.1.15) lib/rack/tempfile_reaper.rb:20:in 'Rack::TempfileReaper#call'
rack (3.1.15) lib/rack/etag.rb:29:in 'Rack::ETag#call'
rack (3.1.15) lib/rack/conditional_get.rb:43:in 'Rack::ConditionalGet#call'
rack (3.1.15) lib/rack/head.rb:15:in 'Rack::Head#call'
actionpack (8.0.2) lib/action_dispatch/http/permissions_policy.rb:38:in 'ActionDispatch::PermissionsPolicy::Middleware#call'
actionpack (8.0.2) lib/action_dispatch/http/content_security_policy.rb:38:in 'ActionDispatch::ContentSecurityPolicy::Middleware#call'
rack-session (2.1.1) lib/rack/session/abstract/id.rb:274:in 'Rack::Session::Abstract::Persisted#context'
rack-session (2.1.1) lib/rack/session/abstract/id.rb:268:in 'Rack::Session::Abstract::Persisted#call'
actionpack (8.0.2) lib/action_dispatch/middleware/cookies.rb:706:in 'ActionDispatch::Cookies#call'
activerecord (8.0.2) lib/active_record/migration.rb:671:in 'ActiveRecord::Migration::CheckPending#call'
actionpack (8.0.2) lib/action_dispatch/middleware/callbacks.rb:31:in 'block in ActionDispatch::Callbacks#call'
activesupport (8.0.2) lib/active_support/callbacks.rb:100:in 'ActiveSupport::Callbacks#run_callbacks'
actionpack (8.0.2) lib/action_dispatch/middleware/callbacks.rb:30:in 'ActionDispatch::Callbacks#call'
actionpack (8.0.2) lib/action_dispatch/middleware/executor.rb:16:in 'ActionDispatch::Executor#call'
actionpack (8.0.2) lib/action_dispatch/middleware/actionable_exceptions.rb:18:in 'ActionDispatch::ActionableExceptions#call'
actionpack (8.0.2) lib/action_dispatch/middleware/debug_exceptions.rb:31:in 'ActionDispatch::DebugExceptions#call'
web-console (4.2.1) lib/web_console/middleware.rb:132:in 'WebConsole::Middleware#call_app'
web-console (4.2.1) lib/web_console/middleware.rb:28:in 'block in WebConsole::Middleware#call'
web-console (4.2.1) lib/web_console/middleware.rb:17:in 'Kernel#catch'
web-console (4.2.1) lib/web_console/middleware.rb:17:in 'WebConsole::Middleware#call'
actionpack (8.0.2) lib/action_dispatch/middleware/show_exceptions.rb:32:in 'ActionDispatch::ShowExceptions#call'
railties (8.0.2) lib/rails/rack/logger.rb:41:in 'Rails::Rack::Logger#call_app'
railties (8.0.2) lib/rails/rack/logger.rb:29:in 'Rails::Rack::Logger#call'
actionpack (8.0.2) lib/action_dispatch/middleware/remote_ip.rb:96:in 'ActionDispatch::RemoteIp#call'
actionpack (8.0.2) lib/action_dispatch/middleware/request_id.rb:34:in 'ActionDispatch::RequestId#call'
rack (3.1.15) lib/rack/method_override.rb:28:in 'Rack::MethodOverride#call'
rack (3.1.15) lib/rack/runtime.rb:24:in 'Rack::Runtime#call'
actionpack (8.0.2) lib/action_dispatch/middleware/server_timing.rb:61:in 'block in ActionDispatch::ServerTiming#call'
actionpack (8.0.2) lib/action_dispatch/middleware/server_timing.rb:26:in 'ActionDispatch::ServerTiming::Subscriber#collect_events'
actionpack (8.0.2) lib/action_dispatch/middleware/server_timing.rb:60:in 'ActionDispatch::ServerTiming#call'
actionpack (8.0.2) lib/action_dispatch/middleware/executor.rb:16:in 'ActionDispatch::Executor#call'
actionpack (8.0.2) lib/action_dispatch/middleware/static.rb:27:in 'ActionDispatch::Static#call'
rack (3.1.15) lib/rack/sendfile.rb:114:in 'Rack::Sendfile#call'
actionpack (8.0.2) lib/action_dispatch/middleware/host_authorization.rb:143:in 'ActionDispatch::HostAuthorization#call'
railties (8.0.2) lib/rails/engine.rb:535:in 'Rails::Engine#call'
puma (6.6.0) lib/puma/configuration.rb:279:in 'Puma::Configuration::ConfigMiddleware#call'
puma (6.6.0) lib/puma/request.rb:99:in 'block in Puma::Request#handle_request'
puma (6.6.0) lib/puma/thread_pool.rb:390:in 'Puma::ThreadPool#with_force_shutdown'
puma (6.6.0) lib/puma/request.rb:98:in 'Puma::Request#handle_request'
puma (6.6.0) lib/puma/server.rb:472:in 'Puma::Server#process_client'
puma (6.6.0) lib/puma/server.rb:254:in 'block in Puma::Server#run'
puma (6.6.0) lib/puma/thread_pool.rb:167:in 'block in Puma::ThreadPool#spawn_thread'
Started POST "/login" for ::1 at 2025-05-29 10:20:27 +0530
  
ActionController::RoutingError (uninitialized constant SessionsController)
Caused by: ActionDispatch::MissingController (uninitialized constant SessionsController)
Caused by: NameError (uninitialized constant SessionsController)

Information for: ActionController::RoutingError (uninitialized constant SessionsController):
  

Information for cause: ActionDispatch::MissingController (uninitialized constant SessionsController):
  
actionpack (8.0.2) lib/action_dispatch/http/request.rb:102:in 'ActionDispatch::Request#controller_class_for'
actionpack (8.0.2) lib/action_dispatch/http/request.rb:91:in 'ActionDispatch::Request#controller_class'
actionpack (8.0.2) lib/action_dispatch/routing/route_set.rb:61:in 'ActionDispatch::Routing::RouteSet::Dispatcher#controller'
actionpack (8.0.2) lib/action_dispatch/routing/route_set.rb:48:in 'ActionDispatch::Routing::RouteSet::Dispatcher#serve'
actionpack (8.0.2) lib/action_dispatch/journey/router.rb:53:in 'block in ActionDispatch::Journey::Router#serve'
actionpack (8.0.2) lib/action_dispatch/journey/router.rb:133:in 'block in ActionDispatch::Journey::Router#find_routes'
actionpack (8.0.2) lib/action_dispatch/journey/router.rb:126:in 'Array#each'
actionpack (8.0.2) lib/action_dispatch/journey/router.rb:126:in 'ActionDispatch::Journey::Router#find_routes'
actionpack (8.0.2) lib/action_dispatch/journey/router.rb:34:in 'ActionDispatch::Journey::Router#serve'
actionpack (8.0.2) lib/action_dispatch/routing/route_set.rb:908:in 'ActionDispatch::Routing::RouteSet#call'
railties (8.0.2) lib/rails/engine/lazy_route_set.rb:68:in 'Rails::Engine::LazyRouteSet#call'
rack (3.1.15) lib/rack/tempfile_reaper.rb:20:in 'Rack::TempfileReaper#call'
rack (3.1.15) lib/rack/etag.rb:29:in 'Rack::ETag#call'
rack (3.1.15) lib/rack/conditional_get.rb:43:in 'Rack::ConditionalGet#call'
rack (3.1.15) lib/rack/head.rb:15:in 'Rack::Head#call'
actionpack (8.0.2) lib/action_dispatch/http/permissions_policy.rb:38:in 'ActionDispatch::PermissionsPolicy::Middleware#call'
actionpack (8.0.2) lib/action_dispatch/http/content_security_policy.rb:38:in 'ActionDispatch::ContentSecurityPolicy::Middleware#call'
rack-session (2.1.1) lib/rack/session/abstract/id.rb:274:in 'Rack::Session::Abstract::Persisted#context'
rack-session (2.1.1) lib/rack/session/abstract/id.rb:268:in 'Rack::Session::Abstract::Persisted#call'
actionpack (8.0.2) lib/action_dispatch/middleware/cookies.rb:706:in 'ActionDispatch::Cookies#call'
activerecord (8.0.2) lib/active_record/migration.rb:671:in 'ActiveRecord::Migration::CheckPending#call'
actionpack (8.0.2) lib/action_dispatch/middleware/callbacks.rb:31:in 'block in ActionDispatch::Callbacks#call'
activesupport (8.0.2) lib/active_support/callbacks.rb:100:in 'ActiveSupport::Callbacks#run_callbacks'
actionpack (8.0.2) lib/action_dispatch/middleware/callbacks.rb:30:in 'ActionDispatch::Callbacks#call'
actionpack (8.0.2) lib/action_dispatch/middleware/executor.rb:16:in 'ActionDispatch::Executor#call'
actionpack (8.0.2) lib/action_dispatch/middleware/actionable_exceptions.rb:18:in 'ActionDispatch::ActionableExceptions#call'
actionpack (8.0.2) lib/action_dispatch/middleware/debug_exceptions.rb:31:in 'ActionDispatch::DebugExceptions#call'
web-console (4.2.1) lib/web_console/middleware.rb:132:in 'WebConsole::Middleware#call_app'
web-console (4.2.1) lib/web_console/middleware.rb:28:in 'block in WebConsole::Middleware#call'
web-console (4.2.1) lib/web_console/middleware.rb:17:in 'Kernel#catch'
web-console (4.2.1) lib/web_console/middleware.rb:17:in 'WebConsole::Middleware#call'
actionpack (8.0.2) lib/action_dispatch/middleware/show_exceptions.rb:32:in 'ActionDispatch::ShowExceptions#call'
railties (8.0.2) lib/rails/rack/logger.rb:41:in 'Rails::Rack::Logger#call_app'
railties (8.0.2) lib/rails/rack/logger.rb:29:in 'Rails::Rack::Logger#call'
actionpack (8.0.2) lib/action_dispatch/middleware/remote_ip.rb:96:in 'ActionDispatch::RemoteIp#call'
actionpack (8.0.2) lib/action_dispatch/middleware/request_id.rb:34:in 'ActionDispatch::RequestId#call'
rack (3.1.15) lib/rack/method_override.rb:28:in 'Rack::MethodOverride#call'
rack (3.1.15) lib/rack/runtime.rb:24:in 'Rack::Runtime#call'
actionpack (8.0.2) lib/action_dispatch/middleware/server_timing.rb:61:in 'block in ActionDispatch::ServerTiming#call'
actionpack (8.0.2) lib/action_dispatch/middleware/server_timing.rb:26:in 'ActionDispatch::ServerTiming::Subscriber#collect_events'
actionpack (8.0.2) lib/action_dispatch/middleware/server_timing.rb:60:in 'ActionDispatch::ServerTiming#call'
actionpack (8.0.2) lib/action_dispatch/middleware/executor.rb:16:in 'ActionDispatch::Executor#call'
actionpack (8.0.2) lib/action_dispatch/middleware/static.rb:27:in 'ActionDispatch::Static#call'
rack (3.1.15) lib/rack/sendfile.rb:114:in 'Rack::Sendfile#call'
actionpack (8.0.2) lib/action_dispatch/middleware/host_authorization.rb:143:in 'ActionDispatch::HostAuthorization#call'
railties (8.0.2) lib/rails/engine.rb:535:in 'Rails::Engine#call'
puma (6.6.0) lib/puma/configuration.rb:279:in 'Puma::Configuration::ConfigMiddleware#call'
puma (6.6.0) lib/puma/request.rb:99:in 'block in Puma::Request#handle_request'
puma (6.6.0) lib/puma/thread_pool.rb:390:in 'Puma::ThreadPool#with_force_shutdown'
puma (6.6.0) lib/puma/request.rb:98:in 'Puma::Request#handle_request'
puma (6.6.0) lib/puma/server.rb:472:in 'Puma::Server#process_client'
puma (6.6.0) lib/puma/server.rb:254:in 'block in Puma::Server#run'
puma (6.6.0) lib/puma/thread_pool.rb:167:in 'block in Puma::ThreadPool#spawn_thread'

Information for cause: NameError (uninitialized constant SessionsController):
  
activesupport (8.0.2) lib/active_support/inflector/methods.rb:290:in 'ActiveSupport::Inflector#constantize'
activesupport (8.0.2) lib/active_support/core_ext/string/inflections.rb:74:in 'String#constantize'
actionpack (8.0.2) lib/action_dispatch/http/request.rb:99:in 'ActionDispatch::Request#controller_class_for'
actionpack (8.0.2) lib/action_dispatch/http/request.rb:91:in 'ActionDispatch::Request#controller_class'
actionpack (8.0.2) lib/action_dispatch/routing/route_set.rb:61:in 'ActionDispatch::Routing::RouteSet::Dispatcher#controller'
actionpack (8.0.2) lib/action_dispatch/routing/route_set.rb:48:in 'ActionDispatch::Routing::RouteSet::Dispatcher#serve'
actionpack (8.0.2) lib/action_dispatch/journey/router.rb:53:in 'block in ActionDispatch::Journey::Router#serve'
actionpack (8.0.2) lib/action_dispatch/journey/router.rb:133:in 'block in ActionDispatch::Journey::Router#find_routes'
actionpack (8.0.2) lib/action_dispatch/journey/router.rb:126:in 'Array#each'
actionpack (8.0.2) lib/action_dispatch/journey/router.rb:126:in 'ActionDispatch::Journey::Router#find_routes'
actionpack (8.0.2) lib/action_dispatch/journey/router.rb:34:in 'ActionDispatch::Journey::Router#serve'
actionpack (8.0.2) lib/action_dispatch/routing/route_set.rb:908:in 'ActionDispatch::Routing::RouteSet#call'
railties (8.0.2) lib/rails/engine/lazy_route_set.rb:68:in 'Rails::Engine::LazyRouteSet#call'
rack (3.1.15) lib/rack/tempfile_reaper.rb:20:in 'Rack::TempfileReaper#call'
rack (3.1.15) lib/rack/etag.rb:29:in 'Rack::ETag#call'
rack (3.1.15) lib/rack/conditional_get.rb:43:in 'Rack::ConditionalGet#call'
rack (3.1.15) lib/rack/head.rb:15:in 'Rack::Head#call'
actionpack (8.0.2) lib/action_dispatch/http/permissions_policy.rb:38:in 'ActionDispatch::PermissionsPolicy::Middleware#call'
actionpack (8.0.2) lib/action_dispatch/http/content_security_policy.rb:38:in 'ActionDispatch::ContentSecurityPolicy::Middleware#call'
rack-session (2.1.1) lib/rack/session/abstract/id.rb:274:in 'Rack::Session::Abstract::Persisted#context'
rack-session (2.1.1) lib/rack/session/abstract/id.rb:268:in 'Rack::Session::Abstract::Persisted#call'
actionpack (8.0.2) lib/action_dispatch/middleware/cookies.rb:706:in 'ActionDispatch::Cookies#call'
activerecord (8.0.2) lib/active_record/migration.rb:671:in 'ActiveRecord::Migration::CheckPending#call'
actionpack (8.0.2) lib/action_dispatch/middleware/callbacks.rb:31:in 'block in ActionDispatch::Callbacks#call'
activesupport (8.0.2) lib/active_support/callbacks.rb:100:in 'ActiveSupport::Callbacks#run_callbacks'
actionpack (8.0.2) lib/action_dispatch/middleware/callbacks.rb:30:in 'ActionDispatch::Callbacks#call'
actionpack (8.0.2) lib/action_dispatch/middleware/executor.rb:16:in 'ActionDispatch::Executor#call'
actionpack (8.0.2) lib/action_dispatch/middleware/actionable_exceptions.rb:18:in 'ActionDispatch::ActionableExceptions#call'
actionpack (8.0.2) lib/action_dispatch/middleware/debug_exceptions.rb:31:in 'ActionDispatch::DebugExceptions#call'
web-console (4.2.1) lib/web_console/middleware.rb:132:in 'WebConsole::Middleware#call_app'
web-console (4.2.1) lib/web_console/middleware.rb:28:in 'block in WebConsole::Middleware#call'
web-console (4.2.1) lib/web_console/middleware.rb:17:in 'Kernel#catch'
web-console (4.2.1) lib/web_console/middleware.rb:17:in 'WebConsole::Middleware#call'
actionpack (8.0.2) lib/action_dispatch/middleware/show_exceptions.rb:32:in 'ActionDispatch::ShowExceptions#call'
railties (8.0.2) lib/rails/rack/logger.rb:41:in 'Rails::Rack::Logger#call_app'
railties (8.0.2) lib/rails/rack/logger.rb:29:in 'Rails::Rack::Logger#call'
actionpack (8.0.2) lib/action_dispatch/middleware/remote_ip.rb:96:in 'ActionDispatch::RemoteIp#call'
actionpack (8.0.2) lib/action_dispatch/middleware/request_id.rb:34:in 'ActionDispatch::RequestId#call'
rack (3.1.15) lib/rack/method_override.rb:28:in 'Rack::MethodOverride#call'
rack (3.1.15) lib/rack/runtime.rb:24:in 'Rack::Runtime#call'
actionpack (8.0.2) lib/action_dispatch/middleware/server_timing.rb:61:in 'block in ActionDispatch::ServerTiming#call'
actionpack (8.0.2) lib/action_dispatch/middleware/server_timing.rb:26:in 'ActionDispatch::ServerTiming::Subscriber#collect_events'
actionpack (8.0.2) lib/action_dispatch/middleware/server_timing.rb:60:in 'ActionDispatch::ServerTiming#call'
actionpack (8.0.2) lib/action_dispatch/middleware/executor.rb:16:in 'ActionDispatch::Executor#call'
actionpack (8.0.2) lib/action_dispatch/middleware/static.rb:27:in 'ActionDispatch::Static#call'
rack (3.1.15) lib/rack/sendfile.rb:114:in 'Rack::Sendfile#call'
actionpack (8.0.2) lib/action_dispatch/middleware/host_authorization.rb:143:in 'ActionDispatch::HostAuthorization#call'
railties (8.0.2) lib/rails/engine.rb:535:in 'Rails::Engine#call'
puma (6.6.0) lib/puma/configuration.rb:279:in 'Puma::Configuration::ConfigMiddleware#call'
puma (6.6.0) lib/puma/request.rb:99:in 'block in Puma::Request#handle_request'
puma (6.6.0) lib/puma/thread_pool.rb:390:in 'Puma::ThreadPool#with_force_shutdown'
puma (6.6.0) lib/puma/request.rb:98:in 'Puma::Request#handle_request'
puma (6.6.0) lib/puma/server.rb:472:in 'Puma::Server#process_client'
puma (6.6.0) lib/puma/server.rb:254:in 'block in Puma::Server#run'
puma (6.6.0) lib/puma/thread_pool.rb:167:in 'block in Puma::ThreadPool#spawn_thread'
Started POST "/login" for ::1 at 2025-05-29 10:22:11 +0530
  
ActionController::RoutingError (uninitialized constant SessionsController)
Caused by: ActionDispatch::MissingController (uninitialized constant SessionsController)
Caused by: NameError (uninitialized constant SessionsController)

Information for: ActionController::RoutingError (uninitialized constant SessionsController):
  

Information for cause: ActionDispatch::MissingController (uninitialized constant SessionsController):
  
actionpack (8.0.2) lib/action_dispatch/http/request.rb:102:in 'ActionDispatch::Request#controller_class_for'
actionpack (8.0.2) lib/action_dispatch/http/request.rb:91:in 'ActionDispatch::Request#controller_class'
actionpack (8.0.2) lib/action_dispatch/routing/route_set.rb:61:in 'ActionDispatch::Routing::RouteSet::Dispatcher#controller'
actionpack (8.0.2) lib/action_dispatch/routing/route_set.rb:48:in 'ActionDispatch::Routing::RouteSet::Dispatcher#serve'
actionpack (8.0.2) lib/action_dispatch/journey/router.rb:53:in 'block in ActionDispatch::Journey::Router#serve'
actionpack (8.0.2) lib/action_dispatch/journey/router.rb:133:in 'block in ActionDispatch::Journey::Router#find_routes'
actionpack (8.0.2) lib/action_dispatch/journey/router.rb:126:in 'Array#each'
actionpack (8.0.2) lib/action_dispatch/journey/router.rb:126:in 'ActionDispatch::Journey::Router#find_routes'
actionpack (8.0.2) lib/action_dispatch/journey/router.rb:34:in 'ActionDispatch::Journey::Router#serve'
actionpack (8.0.2) lib/action_dispatch/routing/route_set.rb:908:in 'ActionDispatch::Routing::RouteSet#call'
railties (8.0.2) lib/rails/engine/lazy_route_set.rb:68:in 'Rails::Engine::LazyRouteSet#call'
rack (3.1.15) lib/rack/tempfile_reaper.rb:20:in 'Rack::TempfileReaper#call'
rack (3.1.15) lib/rack/etag.rb:29:in 'Rack::ETag#call'
rack (3.1.15) lib/rack/conditional_get.rb:43:in 'Rack::ConditionalGet#call'
rack (3.1.15) lib/rack/head.rb:15:in 'Rack::Head#call'
actionpack (8.0.2) lib/action_dispatch/http/permissions_policy.rb:38:in 'ActionDispatch::PermissionsPolicy::Middleware#call'
actionpack (8.0.2) lib/action_dispatch/http/content_security_policy.rb:38:in 'ActionDispatch::ContentSecurityPolicy::Middleware#call'
rack-session (2.1.1) lib/rack/session/abstract/id.rb:274:in 'Rack::Session::Abstract::Persisted#context'
rack-session (2.1.1) lib/rack/session/abstract/id.rb:268:in 'Rack::Session::Abstract::Persisted#call'
actionpack (8.0.2) lib/action_dispatch/middleware/cookies.rb:706:in 'ActionDispatch::Cookies#call'
activerecord (8.0.2) lib/active_record/migration.rb:671:in 'ActiveRecord::Migration::CheckPending#call'
actionpack (8.0.2) lib/action_dispatch/middleware/callbacks.rb:31:in 'block in ActionDispatch::Callbacks#call'
activesupport (8.0.2) lib/active_support/callbacks.rb:100:in 'ActiveSupport::Callbacks#run_callbacks'
actionpack (8.0.2) lib/action_dispatch/middleware/callbacks.rb:30:in 'ActionDispatch::Callbacks#call'
actionpack (8.0.2) lib/action_dispatch/middleware/executor.rb:16:in 'ActionDispatch::Executor#call'
actionpack (8.0.2) lib/action_dispatch/middleware/actionable_exceptions.rb:18:in 'ActionDispatch::ActionableExceptions#call'
actionpack (8.0.2) lib/action_dispatch/middleware/debug_exceptions.rb:31:in 'ActionDispatch::DebugExceptions#call'
web-console (4.2.1) lib/web_console/middleware.rb:132:in 'WebConsole::Middleware#call_app'
web-console (4.2.1) lib/web_console/middleware.rb:28:in 'block in WebConsole::Middleware#call'
web-console (4.2.1) lib/web_console/middleware.rb:17:in 'Kernel#catch'
web-console (4.2.1) lib/web_console/middleware.rb:17:in 'WebConsole::Middleware#call'
actionpack (8.0.2) lib/action_dispatch/middleware/show_exceptions.rb:32:in 'ActionDispatch::ShowExceptions#call'
railties (8.0.2) lib/rails/rack/logger.rb:41:in 'Rails::Rack::Logger#call_app'
railties (8.0.2) lib/rails/rack/logger.rb:29:in 'Rails::Rack::Logger#call'
actionpack (8.0.2) lib/action_dispatch/middleware/remote_ip.rb:96:in 'ActionDispatch::RemoteIp#call'
actionpack (8.0.2) lib/action_dispatch/middleware/request_id.rb:34:in 'ActionDispatch::RequestId#call'
rack (3.1.15) lib/rack/method_override.rb:28:in 'Rack::MethodOverride#call'
rack (3.1.15) lib/rack/runtime.rb:24:in 'Rack::Runtime#call'
actionpack (8.0.2) lib/action_dispatch/middleware/server_timing.rb:61:in 'block in ActionDispatch::ServerTiming#call'
actionpack (8.0.2) lib/action_dispatch/middleware/server_timing.rb:26:in 'ActionDispatch::ServerTiming::Subscriber#collect_events'
actionpack (8.0.2) lib/action_dispatch/middleware/server_timing.rb:60:in 'ActionDispatch::ServerTiming#call'
actionpack (8.0.2) lib/action_dispatch/middleware/executor.rb:16:in 'ActionDispatch::Executor#call'
actionpack (8.0.2) lib/action_dispatch/middleware/static.rb:27:in 'ActionDispatch::Static#call'
rack (3.1.15) lib/rack/sendfile.rb:114:in 'Rack::Sendfile#call'
actionpack (8.0.2) lib/action_dispatch/middleware/host_authorization.rb:143:in 'ActionDispatch::HostAuthorization#call'
railties (8.0.2) lib/rails/engine.rb:535:in 'Rails::Engine#call'
puma (6.6.0) lib/puma/configuration.rb:279:in 'Puma::Configuration::ConfigMiddleware#call'
puma (6.6.0) lib/puma/request.rb:99:in 'block in Puma::Request#handle_request'
puma (6.6.0) lib/puma/thread_pool.rb:390:in 'Puma::ThreadPool#with_force_shutdown'
puma (6.6.0) lib/puma/request.rb:98:in 'Puma::Request#handle_request'
puma (6.6.0) lib/puma/server.rb:472:in 'Puma::Server#process_client'
puma (6.6.0) lib/puma/server.rb:254:in 'block in Puma::Server#run'
puma (6.6.0) lib/puma/thread_pool.rb:167:in 'block in Puma::ThreadPool#spawn_thread'

Information for cause: NameError (uninitialized constant SessionsController):
  
activesupport (8.0.2) lib/active_support/inflector/methods.rb:290:in 'ActiveSupport::Inflector#constantize'
activesupport (8.0.2) lib/active_support/core_ext/string/inflections.rb:74:in 'String#constantize'
actionpack (8.0.2) lib/action_dispatch/http/request.rb:99:in 'ActionDispatch::Request#controller_class_for'
actionpack (8.0.2) lib/action_dispatch/http/request.rb:91:in 'ActionDispatch::Request#controller_class'
actionpack (8.0.2) lib/action_dispatch/routing/route_set.rb:61:in 'ActionDispatch::Routing::RouteSet::Dispatcher#controller'
actionpack (8.0.2) lib/action_dispatch/routing/route_set.rb:48:in 'ActionDispatch::Routing::RouteSet::Dispatcher#serve'
actionpack (8.0.2) lib/action_dispatch/journey/router.rb:53:in 'block in ActionDispatch::Journey::Router#serve'
actionpack (8.0.2) lib/action_dispatch/journey/router.rb:133:in 'block in ActionDispatch::Journey::Router#find_routes'
actionpack (8.0.2) lib/action_dispatch/journey/router.rb:126:in 'Array#each'
actionpack (8.0.2) lib/action_dispatch/journey/router.rb:126:in 'ActionDispatch::Journey::Router#find_routes'
actionpack (8.0.2) lib/action_dispatch/journey/router.rb:34:in 'ActionDispatch::Journey::Router#serve'
actionpack (8.0.2) lib/action_dispatch/routing/route_set.rb:908:in 'ActionDispatch::Routing::RouteSet#call'
railties (8.0.2) lib/rails/engine/lazy_route_set.rb:68:in 'Rails::Engine::LazyRouteSet#call'
rack (3.1.15) lib/rack/tempfile_reaper.rb:20:in 'Rack::TempfileReaper#call'
rack (3.1.15) lib/rack/etag.rb:29:in 'Rack::ETag#call'
rack (3.1.15) lib/rack/conditional_get.rb:43:in 'Rack::ConditionalGet#call'
rack (3.1.15) lib/rack/head.rb:15:in 'Rack::Head#call'
actionpack (8.0.2) lib/action_dispatch/http/permissions_policy.rb:38:in 'ActionDispatch::PermissionsPolicy::Middleware#call'
actionpack (8.0.2) lib/action_dispatch/http/content_security_policy.rb:38:in 'ActionDispatch::ContentSecurityPolicy::Middleware#call'
rack-session (2.1.1) lib/rack/session/abstract/id.rb:274:in 'Rack::Session::Abstract::Persisted#context'
rack-session (2.1.1) lib/rack/session/abstract/id.rb:268:in 'Rack::Session::Abstract::Persisted#call'
actionpack (8.0.2) lib/action_dispatch/middleware/cookies.rb:706:in 'ActionDispatch::Cookies#call'
activerecord (8.0.2) lib/active_record/migration.rb:671:in 'ActiveRecord::Migration::CheckPending#call'
actionpack (8.0.2) lib/action_dispatch/middleware/callbacks.rb:31:in 'block in ActionDispatch::Callbacks#call'
activesupport (8.0.2) lib/active_support/callbacks.rb:100:in 'ActiveSupport::Callbacks#run_callbacks'
actionpack (8.0.2) lib/action_dispatch/middleware/callbacks.rb:30:in 'ActionDispatch::Callbacks#call'
actionpack (8.0.2) lib/action_dispatch/middleware/executor.rb:16:in 'ActionDispatch::Executor#call'
actionpack (8.0.2) lib/action_dispatch/middleware/actionable_exceptions.rb:18:in 'ActionDispatch::ActionableExceptions#call'
actionpack (8.0.2) lib/action_dispatch/middleware/debug_exceptions.rb:31:in 'ActionDispatch::DebugExceptions#call'
web-console (4.2.1) lib/web_console/middleware.rb:132:in 'WebConsole::Middleware#call_app'
web-console (4.2.1) lib/web_console/middleware.rb:28:in 'block in WebConsole::Middleware#call'
web-console (4.2.1) lib/web_console/middleware.rb:17:in 'Kernel#catch'
web-console (4.2.1) lib/web_console/middleware.rb:17:in 'WebConsole::Middleware#call'
actionpack (8.0.2) lib/action_dispatch/middleware/show_exceptions.rb:32:in 'ActionDispatch::ShowExceptions#call'
railties (8.0.2) lib/rails/rack/logger.rb:41:in 'Rails::Rack::Logger#call_app'
railties (8.0.2) lib/rails/rack/logger.rb:29:in 'Rails::Rack::Logger#call'
actionpack (8.0.2) lib/action_dispatch/middleware/remote_ip.rb:96:in 'ActionDispatch::RemoteIp#call'
actionpack (8.0.2) lib/action_dispatch/middleware/request_id.rb:34:in 'ActionDispatch::RequestId#call'
rack (3.1.15) lib/rack/method_override.rb:28:in 'Rack::MethodOverride#call'
rack (3.1.15) lib/rack/runtime.rb:24:in 'Rack::Runtime#call'
actionpack (8.0.2) lib/action_dispatch/middleware/server_timing.rb:61:in 'block in ActionDispatch::ServerTiming#call'
actionpack (8.0.2) lib/action_dispatch/middleware/server_timing.rb:26:in 'ActionDispatch::ServerTiming::Subscriber#collect_events'
actionpack (8.0.2) lib/action_dispatch/middleware/server_timing.rb:60:in 'ActionDispatch::ServerTiming#call'
actionpack (8.0.2) lib/action_dispatch/middleware/executor.rb:16:in 'ActionDispatch::Executor#call'
actionpack (8.0.2) lib/action_dispatch/middleware/static.rb:27:in 'ActionDispatch::Static#call'
rack (3.1.15) lib/rack/sendfile.rb:114:in 'Rack::Sendfile#call'
actionpack (8.0.2) lib/action_dispatch/middleware/host_authorization.rb:143:in 'ActionDispatch::HostAuthorization#call'
railties (8.0.2) lib/rails/engine.rb:535:in 'Rails::Engine#call'
puma (6.6.0) lib/puma/configuration.rb:279:in 'Puma::Configuration::ConfigMiddleware#call'
puma (6.6.0) lib/puma/request.rb:99:in 'block in Puma::Request#handle_request'
puma (6.6.0) lib/puma/thread_pool.rb:390:in 'Puma::ThreadPool#with_force_shutdown'
puma (6.6.0) lib/puma/request.rb:98:in 'Puma::Request#handle_request'
puma (6.6.0) lib/puma/server.rb:472:in 'Puma::Server#process_client'
puma (6.6.0) lib/puma/server.rb:254:in 'block in Puma::Server#run'
puma (6.6.0) lib/puma/thread_pool.rb:167:in 'block in Puma::ThreadPool#spawn_thread'
Started POST "/login" for ::1 at 2025-05-29 10:22:31 +0530
  
ActionController::RoutingError (uninitialized constant SessionsController)
Caused by: ActionDispatch::MissingController (uninitialized constant SessionsController)
Caused by: NameError (uninitialized constant SessionsController)

Information for: ActionController::RoutingError (uninitialized constant SessionsController):
  

Information for cause: ActionDispatch::MissingController (uninitialized constant SessionsController):
  
actionpack (8.0.2) lib/action_dispatch/http/request.rb:102:in 'ActionDispatch::Request#controller_class_for'
actionpack (8.0.2) lib/action_dispatch/http/request.rb:91:in 'ActionDispatch::Request#controller_class'
actionpack (8.0.2) lib/action_dispatch/routing/route_set.rb:61:in 'ActionDispatch::Routing::RouteSet::Dispatcher#controller'
actionpack (8.0.2) lib/action_dispatch/routing/route_set.rb:48:in 'ActionDispatch::Routing::RouteSet::Dispatcher#serve'
actionpack (8.0.2) lib/action_dispatch/journey/router.rb:53:in 'block in ActionDispatch::Journey::Router#serve'
actionpack (8.0.2) lib/action_dispatch/journey/router.rb:133:in 'block in ActionDispatch::Journey::Router#find_routes'
actionpack (8.0.2) lib/action_dispatch/journey/router.rb:126:in 'Array#each'
actionpack (8.0.2) lib/action_dispatch/journey/router.rb:126:in 'ActionDispatch::Journey::Router#find_routes'
actionpack (8.0.2) lib/action_dispatch/journey/router.rb:34:in 'ActionDispatch::Journey::Router#serve'
actionpack (8.0.2) lib/action_dispatch/routing/route_set.rb:908:in 'ActionDispatch::Routing::RouteSet#call'
railties (8.0.2) lib/rails/engine/lazy_route_set.rb:68:in 'Rails::Engine::LazyRouteSet#call'
rack (3.1.15) lib/rack/tempfile_reaper.rb:20:in 'Rack::TempfileReaper#call'
rack (3.1.15) lib/rack/etag.rb:29:in 'Rack::ETag#call'
rack (3.1.15) lib/rack/conditional_get.rb:43:in 'Rack::ConditionalGet#call'
rack (3.1.15) lib/rack/head.rb:15:in 'Rack::Head#call'
actionpack (8.0.2) lib/action_dispatch/http/permissions_policy.rb:38:in 'ActionDispatch::PermissionsPolicy::Middleware#call'
actionpack (8.0.2) lib/action_dispatch/http/content_security_policy.rb:38:in 'ActionDispatch::ContentSecurityPolicy::Middleware#call'
rack-session (2.1.1) lib/rack/session/abstract/id.rb:274:in 'Rack::Session::Abstract::Persisted#context'
rack-session (2.1.1) lib/rack/session/abstract/id.rb:268:in 'Rack::Session::Abstract::Persisted#call'
actionpack (8.0.2) lib/action_dispatch/middleware/cookies.rb:706:in 'ActionDispatch::Cookies#call'
activerecord (8.0.2) lib/active_record/migration.rb:671:in 'ActiveRecord::Migration::CheckPending#call'
actionpack (8.0.2) lib/action_dispatch/middleware/callbacks.rb:31:in 'block in ActionDispatch::Callbacks#call'
activesupport (8.0.2) lib/active_support/callbacks.rb:100:in 'ActiveSupport::Callbacks#run_callbacks'
actionpack (8.0.2) lib/action_dispatch/middleware/callbacks.rb:30:in 'ActionDispatch::Callbacks#call'
actionpack (8.0.2) lib/action_dispatch/middleware/executor.rb:16:in 'ActionDispatch::Executor#call'
actionpack (8.0.2) lib/action_dispatch/middleware/actionable_exceptions.rb:18:in 'ActionDispatch::ActionableExceptions#call'
actionpack (8.0.2) lib/action_dispatch/middleware/debug_exceptions.rb:31:in 'ActionDispatch::DebugExceptions#call'
web-console (4.2.1) lib/web_console/middleware.rb:132:in 'WebConsole::Middleware#call_app'
web-console (4.2.1) lib/web_console/middleware.rb:28:in 'block in WebConsole::Middleware#call'
web-console (4.2.1) lib/web_console/middleware.rb:17:in 'Kernel#catch'
web-console (4.2.1) lib/web_console/middleware.rb:17:in 'WebConsole::Middleware#call'
actionpack (8.0.2) lib/action_dispatch/middleware/show_exceptions.rb:32:in 'ActionDispatch::ShowExceptions#call'
railties (8.0.2) lib/rails/rack/logger.rb:41:in 'Rails::Rack::Logger#call_app'
railties (8.0.2) lib/rails/rack/logger.rb:29:in 'Rails::Rack::Logger#call'
actionpack (8.0.2) lib/action_dispatch/middleware/remote_ip.rb:96:in 'ActionDispatch::RemoteIp#call'
actionpack (8.0.2) lib/action_dispatch/middleware/request_id.rb:34:in 'ActionDispatch::RequestId#call'
rack (3.1.15) lib/rack/method_override.rb:28:in 'Rack::MethodOverride#call'
rack (3.1.15) lib/rack/runtime.rb:24:in 'Rack::Runtime#call'
actionpack (8.0.2) lib/action_dispatch/middleware/server_timing.rb:61:in 'block in ActionDispatch::ServerTiming#call'
actionpack (8.0.2) lib/action_dispatch/middleware/server_timing.rb:26:in 'ActionDispatch::ServerTiming::Subscriber#collect_events'
actionpack (8.0.2) lib/action_dispatch/middleware/server_timing.rb:60:in 'ActionDispatch::ServerTiming#call'
actionpack (8.0.2) lib/action_dispatch/middleware/executor.rb:16:in 'ActionDispatch::Executor#call'
actionpack (8.0.2) lib/action_dispatch/middleware/static.rb:27:in 'ActionDispatch::Static#call'
rack (3.1.15) lib/rack/sendfile.rb:114:in 'Rack::Sendfile#call'
actionpack (8.0.2) lib/action_dispatch/middleware/host_authorization.rb:143:in 'ActionDispatch::HostAuthorization#call'
railties (8.0.2) lib/rails/engine.rb:535:in 'Rails::Engine#call'
puma (6.6.0) lib/puma/configuration.rb:279:in 'Puma::Configuration::ConfigMiddleware#call'
puma (6.6.0) lib/puma/request.rb:99:in 'block in Puma::Request#handle_request'
puma (6.6.0) lib/puma/thread_pool.rb:390:in 'Puma::ThreadPool#with_force_shutdown'
puma (6.6.0) lib/puma/request.rb:98:in 'Puma::Request#handle_request'
puma (6.6.0) lib/puma/server.rb:472:in 'Puma::Server#process_client'
puma (6.6.0) lib/puma/server.rb:254:in 'block in Puma::Server#run'
puma (6.6.0) lib/puma/thread_pool.rb:167:in 'block in Puma::ThreadPool#spawn_thread'

Information for cause: NameError (uninitialized constant SessionsController):
  
activesupport (8.0.2) lib/active_support/inflector/methods.rb:290:in 'ActiveSupport::Inflector#constantize'
activesupport (8.0.2) lib/active_support/core_ext/string/inflections.rb:74:in 'String#constantize'
actionpack (8.0.2) lib/action_dispatch/http/request.rb:99:in 'ActionDispatch::Request#controller_class_for'
actionpack (8.0.2) lib/action_dispatch/http/request.rb:91:in 'ActionDispatch::Request#controller_class'
actionpack (8.0.2) lib/action_dispatch/routing/route_set.rb:61:in 'ActionDispatch::Routing::RouteSet::Dispatcher#controller'
actionpack (8.0.2) lib/action_dispatch/routing/route_set.rb:48:in 'ActionDispatch::Routing::RouteSet::Dispatcher#serve'
actionpack (8.0.2) lib/action_dispatch/journey/router.rb:53:in 'block in ActionDispatch::Journey::Router#serve'
actionpack (8.0.2) lib/action_dispatch/journey/router.rb:133:in 'block in ActionDispatch::Journey::Router#find_routes'
actionpack (8.0.2) lib/action_dispatch/journey/router.rb:126:in 'Array#each'
actionpack (8.0.2) lib/action_dispatch/journey/router.rb:126:in 'ActionDispatch::Journey::Router#find_routes'
actionpack (8.0.2) lib/action_dispatch/journey/router.rb:34:in 'ActionDispatch::Journey::Router#serve'
actionpack (8.0.2) lib/action_dispatch/routing/route_set.rb:908:in 'ActionDispatch::Routing::RouteSet#call'
railties (8.0.2) lib/rails/engine/lazy_route_set.rb:68:in 'Rails::Engine::LazyRouteSet#call'
rack (3.1.15) lib/rack/tempfile_reaper.rb:20:in 'Rack::TempfileReaper#call'
rack (3.1.15) lib/rack/etag.rb:29:in 'Rack::ETag#call'
rack (3.1.15) lib/rack/conditional_get.rb:43:in 'Rack::ConditionalGet#call'
rack (3.1.15) lib/rack/head.rb:15:in 'Rack::Head#call'
actionpack (8.0.2) lib/action_dispatch/http/permissions_policy.rb:38:in 'ActionDispatch::PermissionsPolicy::Middleware#call'
actionpack (8.0.2) lib/action_dispatch/http/content_security_policy.rb:38:in 'ActionDispatch::ContentSecurityPolicy::Middleware#call'
rack-session (2.1.1) lib/rack/session/abstract/id.rb:274:in 'Rack::Session::Abstract::Persisted#context'
rack-session (2.1.1) lib/rack/session/abstract/id.rb:268:in 'Rack::Session::Abstract::Persisted#call'
actionpack (8.0.2) lib/action_dispatch/middleware/cookies.rb:706:in 'ActionDispatch::Cookies#call'
activerecord (8.0.2) lib/active_record/migration.rb:671:in 'ActiveRecord::Migration::CheckPending#call'
actionpack (8.0.2) lib/action_dispatch/middleware/callbacks.rb:31:in 'block in ActionDispatch::Callbacks#call'
activesupport (8.0.2) lib/active_support/callbacks.rb:100:in 'ActiveSupport::Callbacks#run_callbacks'
actionpack (8.0.2) lib/action_dispatch/middleware/callbacks.rb:30:in 'ActionDispatch::Callbacks#call'
actionpack (8.0.2) lib/action_dispatch/middleware/executor.rb:16:in 'ActionDispatch::Executor#call'
actionpack (8.0.2) lib/action_dispatch/middleware/actionable_exceptions.rb:18:in 'ActionDispatch::ActionableExceptions#call'
actionpack (8.0.2) lib/action_dispatch/middleware/debug_exceptions.rb:31:in 'ActionDispatch::DebugExceptions#call'
web-console (4.2.1) lib/web_console/middleware.rb:132:in 'WebConsole::Middleware#call_app'
web-console (4.2.1) lib/web_console/middleware.rb:28:in 'block in WebConsole::Middleware#call'
web-console (4.2.1) lib/web_console/middleware.rb:17:in 'Kernel#catch'
web-console (4.2.1) lib/web_console/middleware.rb:17:in 'WebConsole::Middleware#call'
actionpack (8.0.2) lib/action_dispatch/middleware/show_exceptions.rb:32:in 'ActionDispatch::ShowExceptions#call'
railties (8.0.2) lib/rails/rack/logger.rb:41:in 'Rails::Rack::Logger#call_app'
railties (8.0.2) lib/rails/rack/logger.rb:29:in 'Rails::Rack::Logger#call'
actionpack (8.0.2) lib/action_dispatch/middleware/remote_ip.rb:96:in 'ActionDispatch::RemoteIp#call'
actionpack (8.0.2) lib/action_dispatch/middleware/request_id.rb:34:in 'ActionDispatch::RequestId#call'
rack (3.1.15) lib/rack/method_override.rb:28:in 'Rack::MethodOverride#call'
rack (3.1.15) lib/rack/runtime.rb:24:in 'Rack::Runtime#call'
actionpack (8.0.2) lib/action_dispatch/middleware/server_timing.rb:61:in 'block in ActionDispatch::ServerTiming#call'
actionpack (8.0.2) lib/action_dispatch/middleware/server_timing.rb:26:in 'ActionDispatch::ServerTiming::Subscriber#collect_events'
actionpack (8.0.2) lib/action_dispatch/middleware/server_timing.rb:60:in 'ActionDispatch::ServerTiming#call'
actionpack (8.0.2) lib/action_dispatch/middleware/executor.rb:16:in 'ActionDispatch::Executor#call'
actionpack (8.0.2) lib/action_dispatch/middleware/static.rb:27:in 'ActionDispatch::Static#call'
rack (3.1.15) lib/rack/sendfile.rb:114:in 'Rack::Sendfile#call'
actionpack (8.0.2) lib/action_dispatch/middleware/host_authorization.rb:143:in 'ActionDispatch::HostAuthorization#call'
railties (8.0.2) lib/rails/engine.rb:535:in 'Rails::Engine#call'
puma (6.6.0) lib/puma/configuration.rb:279:in 'Puma::Configuration::ConfigMiddleware#call'
puma (6.6.0) lib/puma/request.rb:99:in 'block in Puma::Request#handle_request'
puma (6.6.0) lib/puma/thread_pool.rb:390:in 'Puma::ThreadPool#with_force_shutdown'
puma (6.6.0) lib/puma/request.rb:98:in 'Puma::Request#handle_request'
puma (6.6.0) lib/puma/server.rb:472:in 'Puma::Server#process_client'
puma (6.6.0) lib/puma/server.rb:254:in 'block in Puma::Server#run'
puma (6.6.0) lib/puma/thread_pool.rb:167:in 'block in Puma::ThreadPool#spawn_thread'
Started POST "/login" for ::1 at 2025-05-29 10:23:13 +0530
  [1m[36mActiveRecord::SchemaMigration Load (1.9ms)[0m  [1m[34mSELECT "schema_migrations"."version" FROM "schema_migrations" ORDER BY "schema_migrations"."version" ASC /*application='UserManagement'*/[0m
  
ActionController::RoutingError (uninitialized constant SessionController)
Caused by: ActionDispatch::MissingController (uninitialized constant SessionController)
Caused by: NameError (uninitialized constant SessionController)

Information for: ActionController::RoutingError (uninitialized constant SessionController):
  

Information for cause: ActionDispatch::MissingController (uninitialized constant SessionController):
  
actionpack (8.0.2) lib/action_dispatch/http/request.rb:102:in 'ActionDispatch::Request#controller_class_for'
actionpack (8.0.2) lib/action_dispatch/http/request.rb:91:in 'ActionDispatch::Request#controller_class'
actionpack (8.0.2) lib/action_dispatch/routing/route_set.rb:61:in 'ActionDispatch::Routing::RouteSet::Dispatcher#controller'
actionpack (8.0.2) lib/action_dispatch/routing/route_set.rb:48:in 'ActionDispatch::Routing::RouteSet::Dispatcher#serve'
actionpack (8.0.2) lib/action_dispatch/journey/router.rb:53:in 'block in ActionDispatch::Journey::Router#serve'
actionpack (8.0.2) lib/action_dispatch/journey/router.rb:133:in 'block in ActionDispatch::Journey::Router#find_routes'
actionpack (8.0.2) lib/action_dispatch/journey/router.rb:126:in 'Array#each'
actionpack (8.0.2) lib/action_dispatch/journey/router.rb:126:in 'ActionDispatch::Journey::Router#find_routes'
actionpack (8.0.2) lib/action_dispatch/journey/router.rb:34:in 'ActionDispatch::Journey::Router#serve'
actionpack (8.0.2) lib/action_dispatch/routing/route_set.rb:908:in 'ActionDispatch::Routing::RouteSet#call'
railties (8.0.2) lib/rails/engine/lazy_route_set.rb:68:in 'Rails::Engine::LazyRouteSet#call'
rack (3.1.15) lib/rack/tempfile_reaper.rb:20:in 'Rack::TempfileReaper#call'
rack (3.1.15) lib/rack/etag.rb:29:in 'Rack::ETag#call'
rack (3.1.15) lib/rack/conditional_get.rb:43:in 'Rack::ConditionalGet#call'
rack (3.1.15) lib/rack/head.rb:15:in 'Rack::Head#call'
actionpack (8.0.2) lib/action_dispatch/http/permissions_policy.rb:38:in 'ActionDispatch::PermissionsPolicy::Middleware#call'
actionpack (8.0.2) lib/action_dispatch/http/content_security_policy.rb:38:in 'ActionDispatch::ContentSecurityPolicy::Middleware#call'
rack-session (2.1.1) lib/rack/session/abstract/id.rb:274:in 'Rack::Session::Abstract::Persisted#context'
rack-session (2.1.1) lib/rack/session/abstract/id.rb:268:in 'Rack::Session::Abstract::Persisted#call'
actionpack (8.0.2) lib/action_dispatch/middleware/cookies.rb:706:in 'ActionDispatch::Cookies#call'
activerecord (8.0.2) lib/active_record/migration.rb:671:in 'ActiveRecord::Migration::CheckPending#call'
actionpack (8.0.2) lib/action_dispatch/middleware/callbacks.rb:31:in 'block in ActionDispatch::Callbacks#call'
activesupport (8.0.2) lib/active_support/callbacks.rb:100:in 'ActiveSupport::Callbacks#run_callbacks'
actionpack (8.0.2) lib/action_dispatch/middleware/callbacks.rb:30:in 'ActionDispatch::Callbacks#call'
actionpack (8.0.2) lib/action_dispatch/middleware/executor.rb:16:in 'ActionDispatch::Executor#call'
actionpack (8.0.2) lib/action_dispatch/middleware/actionable_exceptions.rb:18:in 'ActionDispatch::ActionableExceptions#call'
actionpack (8.0.2) lib/action_dispatch/middleware/debug_exceptions.rb:31:in 'ActionDispatch::DebugExceptions#call'
web-console (4.2.1) lib/web_console/middleware.rb:132:in 'WebConsole::Middleware#call_app'
web-console (4.2.1) lib/web_console/middleware.rb:28:in 'block in WebConsole::Middleware#call'
web-console (4.2.1) lib/web_console/middleware.rb:17:in 'Kernel#catch'
web-console (4.2.1) lib/web_console/middleware.rb:17:in 'WebConsole::Middleware#call'
actionpack (8.0.2) lib/action_dispatch/middleware/show_exceptions.rb:32:in 'ActionDispatch::ShowExceptions#call'
railties (8.0.2) lib/rails/rack/logger.rb:41:in 'Rails::Rack::Logger#call_app'
railties (8.0.2) lib/rails/rack/logger.rb:29:in 'Rails::Rack::Logger#call'
actionpack (8.0.2) lib/action_dispatch/middleware/remote_ip.rb:96:in 'ActionDispatch::RemoteIp#call'
actionpack (8.0.2) lib/action_dispatch/middleware/request_id.rb:34:in 'ActionDispatch::RequestId#call'
rack (3.1.15) lib/rack/method_override.rb:28:in 'Rack::MethodOverride#call'
rack (3.1.15) lib/rack/runtime.rb:24:in 'Rack::Runtime#call'
actionpack (8.0.2) lib/action_dispatch/middleware/server_timing.rb:61:in 'block in ActionDispatch::ServerTiming#call'
actionpack (8.0.2) lib/action_dispatch/middleware/server_timing.rb:26:in 'ActionDispatch::ServerTiming::Subscriber#collect_events'
actionpack (8.0.2) lib/action_dispatch/middleware/server_timing.rb:60:in 'ActionDispatch::ServerTiming#call'
actionpack (8.0.2) lib/action_dispatch/middleware/executor.rb:16:in 'ActionDispatch::Executor#call'
actionpack (8.0.2) lib/action_dispatch/middleware/static.rb:27:in 'ActionDispatch::Static#call'
rack (3.1.15) lib/rack/sendfile.rb:114:in 'Rack::Sendfile#call'
actionpack (8.0.2) lib/action_dispatch/middleware/host_authorization.rb:143:in 'ActionDispatch::HostAuthorization#call'
railties (8.0.2) lib/rails/engine.rb:535:in 'Rails::Engine#call'
puma (6.6.0) lib/puma/configuration.rb:279:in 'Puma::Configuration::ConfigMiddleware#call'
puma (6.6.0) lib/puma/request.rb:99:in 'block in Puma::Request#handle_request'
puma (6.6.0) lib/puma/thread_pool.rb:390:in 'Puma::ThreadPool#with_force_shutdown'
puma (6.6.0) lib/puma/request.rb:98:in 'Puma::Request#handle_request'
puma (6.6.0) lib/puma/server.rb:472:in 'Puma::Server#process_client'
puma (6.6.0) lib/puma/server.rb:254:in 'block in Puma::Server#run'
puma (6.6.0) lib/puma/thread_pool.rb:167:in 'block in Puma::ThreadPool#spawn_thread'

Information for cause: NameError (uninitialized constant SessionController):
  
activesupport (8.0.2) lib/active_support/inflector/methods.rb:290:in 'ActiveSupport::Inflector#constantize'
activesupport (8.0.2) lib/active_support/core_ext/string/inflections.rb:74:in 'String#constantize'
actionpack (8.0.2) lib/action_dispatch/http/request.rb:99:in 'ActionDispatch::Request#controller_class_for'
actionpack (8.0.2) lib/action_dispatch/http/request.rb:91:in 'ActionDispatch::Request#controller_class'
actionpack (8.0.2) lib/action_dispatch/routing/route_set.rb:61:in 'ActionDispatch::Routing::RouteSet::Dispatcher#controller'
actionpack (8.0.2) lib/action_dispatch/routing/route_set.rb:48:in 'ActionDispatch::Routing::RouteSet::Dispatcher#serve'
actionpack (8.0.2) lib/action_dispatch/journey/router.rb:53:in 'block in ActionDispatch::Journey::Router#serve'
actionpack (8.0.2) lib/action_dispatch/journey/router.rb:133:in 'block in ActionDispatch::Journey::Router#find_routes'
actionpack (8.0.2) lib/action_dispatch/journey/router.rb:126:in 'Array#each'
actionpack (8.0.2) lib/action_dispatch/journey/router.rb:126:in 'ActionDispatch::Journey::Router#find_routes'
actionpack (8.0.2) lib/action_dispatch/journey/router.rb:34:in 'ActionDispatch::Journey::Router#serve'
actionpack (8.0.2) lib/action_dispatch/routing/route_set.rb:908:in 'ActionDispatch::Routing::RouteSet#call'
railties (8.0.2) lib/rails/engine/lazy_route_set.rb:68:in 'Rails::Engine::LazyRouteSet#call'
rack (3.1.15) lib/rack/tempfile_reaper.rb:20:in 'Rack::TempfileReaper#call'
rack (3.1.15) lib/rack/etag.rb:29:in 'Rack::ETag#call'
rack (3.1.15) lib/rack/conditional_get.rb:43:in 'Rack::ConditionalGet#call'
rack (3.1.15) lib/rack/head.rb:15:in 'Rack::Head#call'
actionpack (8.0.2) lib/action_dispatch/http/permissions_policy.rb:38:in 'ActionDispatch::PermissionsPolicy::Middleware#call'
actionpack (8.0.2) lib/action_dispatch/http/content_security_policy.rb:38:in 'ActionDispatch::ContentSecurityPolicy::Middleware#call'
rack-session (2.1.1) lib/rack/session/abstract/id.rb:274:in 'Rack::Session::Abstract::Persisted#context'
rack-session (2.1.1) lib/rack/session/abstract/id.rb:268:in 'Rack::Session::Abstract::Persisted#call'
actionpack (8.0.2) lib/action_dispatch/middleware/cookies.rb:706:in 'ActionDispatch::Cookies#call'
activerecord (8.0.2) lib/active_record/migration.rb:671:in 'ActiveRecord::Migration::CheckPending#call'
actionpack (8.0.2) lib/action_dispatch/middleware/callbacks.rb:31:in 'block in ActionDispatch::Callbacks#call'
activesupport (8.0.2) lib/active_support/callbacks.rb:100:in 'ActiveSupport::Callbacks#run_callbacks'
actionpack (8.0.2) lib/action_dispatch/middleware/callbacks.rb:30:in 'ActionDispatch::Callbacks#call'
actionpack (8.0.2) lib/action_dispatch/middleware/executor.rb:16:in 'ActionDispatch::Executor#call'
actionpack (8.0.2) lib/action_dispatch/middleware/actionable_exceptions.rb:18:in 'ActionDispatch::ActionableExceptions#call'
actionpack (8.0.2) lib/action_dispatch/middleware/debug_exceptions.rb:31:in 'ActionDispatch::DebugExceptions#call'
web-console (4.2.1) lib/web_console/middleware.rb:132:in 'WebConsole::Middleware#call_app'
web-console (4.2.1) lib/web_console/middleware.rb:28:in 'block in WebConsole::Middleware#call'
web-console (4.2.1) lib/web_console/middleware.rb:17:in 'Kernel#catch'
web-console (4.2.1) lib/web_console/middleware.rb:17:in 'WebConsole::Middleware#call'
actionpack (8.0.2) lib/action_dispatch/middleware/show_exceptions.rb:32:in 'ActionDispatch::ShowExceptions#call'
railties (8.0.2) lib/rails/rack/logger.rb:41:in 'Rails::Rack::Logger#call_app'
railties (8.0.2) lib/rails/rack/logger.rb:29:in 'Rails::Rack::Logger#call'
actionpack (8.0.2) lib/action_dispatch/middleware/remote_ip.rb:96:in 'ActionDispatch::RemoteIp#call'
actionpack (8.0.2) lib/action_dispatch/middleware/request_id.rb:34:in 'ActionDispatch::RequestId#call'
rack (3.1.15) lib/rack/method_override.rb:28:in 'Rack::MethodOverride#call'
rack (3.1.15) lib/rack/runtime.rb:24:in 'Rack::Runtime#call'
actionpack (8.0.2) lib/action_dispatch/middleware/server_timing.rb:61:in 'block in ActionDispatch::ServerTiming#call'
actionpack (8.0.2) lib/action_dispatch/middleware/server_timing.rb:26:in 'ActionDispatch::ServerTiming::Subscriber#collect_events'
actionpack (8.0.2) lib/action_dispatch/middleware/server_timing.rb:60:in 'ActionDispatch::ServerTiming#call'
actionpack (8.0.2) lib/action_dispatch/middleware/executor.rb:16:in 'ActionDispatch::Executor#call'
actionpack (8.0.2) lib/action_dispatch/middleware/static.rb:27:in 'ActionDispatch::Static#call'
rack (3.1.15) lib/rack/sendfile.rb:114:in 'Rack::Sendfile#call'
actionpack (8.0.2) lib/action_dispatch/middleware/host_authorization.rb:143:in 'ActionDispatch::HostAuthorization#call'
railties (8.0.2) lib/rails/engine.rb:535:in 'Rails::Engine#call'
puma (6.6.0) lib/puma/configuration.rb:279:in 'Puma::Configuration::ConfigMiddleware#call'
puma (6.6.0) lib/puma/request.rb:99:in 'block in Puma::Request#handle_request'
puma (6.6.0) lib/puma/thread_pool.rb:390:in 'Puma::ThreadPool#with_force_shutdown'
puma (6.6.0) lib/puma/request.rb:98:in 'Puma::Request#handle_request'
puma (6.6.0) lib/puma/server.rb:472:in 'Puma::Server#process_client'
puma (6.6.0) lib/puma/server.rb:254:in 'block in Puma::Server#run'
puma (6.6.0) lib/puma/thread_pool.rb:167:in 'block in Puma::ThreadPool#spawn_thread'
Started GET "/" for ::1 at 2025-05-29 10:25:59 +0530
Processing by UserController#index as HTML
  Rendering layout layouts/application.html.erb
  Rendering user/index.html.erb within layouts/application
  Rendered user/index.html.erb within layouts/application (Duration: 0.3ms | GC: 0.0ms)
  Rendered layout layouts/application.html.erb (Duration: 18.6ms | GC: 10.9ms)
Completed 200 OK in 65ms (Views: 19.9ms | ActiveRecord: 0.0ms (0 queries, 0 cached) | GC: 11.7ms)


Started GET "/health" for ::1 at 2025-05-29 10:25:59 +0530
  
ActionController::RoutingError (No route matches [GET] "/health"):
  
Started GET "/health" for ::1 at 2025-05-29 10:26:05 +0530
  
ActionController::RoutingError (No route matches [GET] "/health"):
  
Started GET "/health" for ::1 at 2025-05-29 10:26:10 +0530
  
ActionController::RoutingError (No route matches [GET] "/health"):
  
Started GET "/health" for ::1 at 2025-05-29 10:26:15 +0530
  
ActionController::RoutingError (No route matches [GET] "/health"):
  
Started GET "/health" for ::1 at 2025-05-29 10:26:20 +0530
  
ActionController::RoutingError (No route matches [GET] "/health"):
  
Started GET "/health" for ::1 at 2025-05-29 10:26:25 +0530
  
ActionController::RoutingError (No route matches [GET] "/health"):
  
Started GET "/health" for ::1 at 2025-05-29 10:26:30 +0530
  
ActionController::RoutingError (No route matches [GET] "/health"):
  
Started GET "/health" for ::1 at 2025-05-29 10:26:35 +0530
  
ActionController::RoutingError (No route matches [GET] "/health"):
  
Started GET "/health" for ::1 at 2025-05-29 10:26:40 +0530
  
ActionController::RoutingError (No route matches [GET] "/health"):
  
Started GET "/health" for ::1 at 2025-05-29 10:26:45 +0530
  
ActionController::RoutingError (No route matches [GET] "/health"):
  
Started GET "/health" for ::1 at 2025-05-29 10:26:50 +0530
  
ActionController::RoutingError (No route matches [GET] "/health"):
  
Started GET "/health" for ::1 at 2025-05-29 10:26:54 +0530
  
ActionController::RoutingError (No route matches [GET] "/health"):
  
Started GET "/health" for ::1 at 2025-05-29 10:27:00 +0530
  
ActionController::RoutingError (No route matches [GET] "/health"):
  
Started GET "/health" for ::1 at 2025-05-29 10:27:05 +0530
  
ActionController::RoutingError (No route matches [GET] "/health"):
  
Started GET "/health" for ::1 at 2025-05-29 10:27:09 +0530
Started GET "/" for ::1 at 2025-05-29 10:27:10 +0530
Processing by UserController#index as HTML
  Rendering layout layouts/application.html.erb
  Rendering user/index.html.erb within layouts/application
  Rendered user/index.html.erb within layouts/application (Duration: 0.3ms | GC: 0.0ms)
  Rendered layout layouts/application.html.erb (Duration: 2.5ms | GC: 0.8ms)
Completed 200 OK in 34ms (Views: 3.5ms | ActiveRecord: 0.0ms (0 queries, 0 cached) | GC: 0.8ms)


Started GET "/health" for ::1 at 2025-05-29 10:27:10 +0530
Started GET "/" for ::1 at 2025-05-29 10:27:12 +0530
Processing by UserController#index as HTML
  Rendering layout layouts/application.html.erb
  Rendering user/index.html.erb within layouts/application
  Rendered user/index.html.erb within layouts/application (Duration: 0.1ms | GC: 0.0ms)
  Rendered layout layouts/application.html.erb (Duration: 0.8ms | GC: 0.0ms)
Completed 200 OK in 50ms (Views: 1.1ms | ActiveRecord: 0.0ms (0 queries, 0 cached) | GC: 0.0ms)


Started GET "/health" for ::1 at 2025-05-29 10:27:12 +0530
Started GET "/health" for ::1 at 2025-05-29 10:27:17 +0530
Started GET "/health" for ::1 at 2025-05-29 10:27:22 +0530
Started GET "/health" for ::1 at 2025-05-29 10:27:28 +0530
Started GET "/" for ::1 at 2025-05-29 10:27:31 +0530
Processing by UserController#index as HTML
  Rendering layout layouts/application.html.erb
  Rendering user/index.html.erb within layouts/application
  Rendered user/index.html.erb within layouts/application (Duration: 0.1ms | GC: 0.0ms)
  Rendered layout layouts/application.html.erb (Duration: 1.5ms | GC: 0.7ms)
Completed 200 OK in 53ms (Views: 1.8ms | ActiveRecord: 0.0ms (0 queries, 0 cached) | GC: 0.7ms)


Started GET "/health" for ::1 at 2025-05-29 10:27:31 +0530
Started GET "/health" for ::1 at 2025-05-29 10:27:37 +0530
Started GET "/health" for ::1 at 2025-05-29 10:27:41 +0530
Started GET "/health" for ::1 at 2025-05-29 10:27:46 +0530
Started GET "/health" for ::1 at 2025-05-29 10:27:51 +0530
Started GET "/health" for ::1 at 2025-05-29 10:27:56 +0530
Started GET "/health" for ::1 at 2025-05-29 10:28:01 +0530
Started GET "/health" for ::1 at 2025-05-29 10:28:06 +0530
Started GET "/health" for ::1 at 2025-05-29 10:28:11 +0530
Started GET "/health" for ::1 at 2025-05-29 10:28:16 +0530
Started GET "/health" for ::1 at 2025-05-29 10:28:21 +0530
Started GET "/health" for ::1 at 2025-05-29 10:28:26 +0530
Started GET "/health" for ::1 at 2025-05-29 10:28:31 +0530
Started GET "/health" for ::1 at 2025-05-29 10:28:36 +0530
Started GET "/health" for ::1 at 2025-05-29 10:28:41 +0530
Started GET "/health" for ::1 at 2025-05-29 10:28:46 +0530
Started GET "/health" for ::1 at 2025-05-29 10:28:51 +0530
Started GET "/health" for ::1 at 2025-05-29 10:28:56 +0530
Started GET "/health" for ::1 at 2025-05-29 10:29:01 +0530
Started GET "/health" for ::1 at 2025-05-29 10:29:06 +0530
Started GET "/health" for ::1 at 2025-05-29 10:29:11 +0530
Started GET "/health" for ::1 at 2025-05-29 10:29:16 +0530
Started GET "/health" for ::1 at 2025-05-29 10:29:22 +0530
Started GET "/health" for ::1 at 2025-05-29 10:29:27 +0530
Started GET "/health" for ::1 at 2025-05-29 10:29:32 +0530
Started GET "/health" for ::1 at 2025-05-29 10:29:37 +0530
Started GET "/health" for ::1 at 2025-05-29 10:29:42 +0530
Started GET "/health" for ::1 at 2025-05-29 10:29:47 +0530
Started GET "/health" for ::1 at 2025-05-29 10:29:52 +0530
Started GET "/health" for ::1 at 2025-05-29 10:29:57 +0530
Started GET "/health" for ::1 at 2025-05-29 10:30:02 +0530
Started GET "/health" for ::1 at 2025-05-29 10:30:07 +0530
Started GET "/health" for ::1 at 2025-05-29 10:30:12 +0530
Started GET "/health" for ::1 at 2025-05-29 10:30:17 +0530
Started POST "/login" for ::1 at 2025-05-29 10:30:56 +0530
  
ActionController::RoutingError (uninitialized constant SessionController)
Caused by: ActionDispatch::MissingController (uninitialized constant SessionController)
Caused by: NameError (uninitialized constant SessionController)

Information for: ActionController::RoutingError (uninitialized constant SessionController):
  

Information for cause: ActionDispatch::MissingController (uninitialized constant SessionController):
  
actionpack (8.0.2) lib/action_dispatch/http/request.rb:102:in 'ActionDispatch::Request#controller_class_for'
actionpack (8.0.2) lib/action_dispatch/http/request.rb:91:in 'ActionDispatch::Request#controller_class'
actionpack (8.0.2) lib/action_dispatch/routing/route_set.rb:61:in 'ActionDispatch::Routing::RouteSet::Dispatcher#controller'
actionpack (8.0.2) lib/action_dispatch/routing/route_set.rb:48:in 'ActionDispatch::Routing::RouteSet::Dispatcher#serve'
actionpack (8.0.2) lib/action_dispatch/journey/router.rb:53:in 'block in ActionDispatch::Journey::Router#serve'
actionpack (8.0.2) lib/action_dispatch/journey/router.rb:133:in 'block in ActionDispatch::Journey::Router#find_routes'
actionpack (8.0.2) lib/action_dispatch/journey/router.rb:126:in 'Array#each'
actionpack (8.0.2) lib/action_dispatch/journey/router.rb:126:in 'ActionDispatch::Journey::Router#find_routes'
actionpack (8.0.2) lib/action_dispatch/journey/router.rb:34:in 'ActionDispatch::Journey::Router#serve'
actionpack (8.0.2) lib/action_dispatch/routing/route_set.rb:908:in 'ActionDispatch::Routing::RouteSet#call'
railties (8.0.2) lib/rails/engine/lazy_route_set.rb:68:in 'Rails::Engine::LazyRouteSet#call'
rack (3.1.15) lib/rack/tempfile_reaper.rb:20:in 'Rack::TempfileReaper#call'
rack (3.1.15) lib/rack/etag.rb:29:in 'Rack::ETag#call'
rack (3.1.15) lib/rack/conditional_get.rb:43:in 'Rack::ConditionalGet#call'
rack (3.1.15) lib/rack/head.rb:15:in 'Rack::Head#call'
actionpack (8.0.2) lib/action_dispatch/http/permissions_policy.rb:38:in 'ActionDispatch::PermissionsPolicy::Middleware#call'
actionpack (8.0.2) lib/action_dispatch/http/content_security_policy.rb:38:in 'ActionDispatch::ContentSecurityPolicy::Middleware#call'
rack-session (2.1.1) lib/rack/session/abstract/id.rb:274:in 'Rack::Session::Abstract::Persisted#context'
rack-session (2.1.1) lib/rack/session/abstract/id.rb:268:in 'Rack::Session::Abstract::Persisted#call'
actionpack (8.0.2) lib/action_dispatch/middleware/cookies.rb:706:in 'ActionDispatch::Cookies#call'
activerecord (8.0.2) lib/active_record/migration.rb:671:in 'ActiveRecord::Migration::CheckPending#call'
actionpack (8.0.2) lib/action_dispatch/middleware/callbacks.rb:31:in 'block in ActionDispatch::Callbacks#call'
activesupport (8.0.2) lib/active_support/callbacks.rb:100:in 'ActiveSupport::Callbacks#run_callbacks'
actionpack (8.0.2) lib/action_dispatch/middleware/callbacks.rb:30:in 'ActionDispatch::Callbacks#call'
actionpack (8.0.2) lib/action_dispatch/middleware/executor.rb:16:in 'ActionDispatch::Executor#call'
actionpack (8.0.2) lib/action_dispatch/middleware/actionable_exceptions.rb:18:in 'ActionDispatch::ActionableExceptions#call'
actionpack (8.0.2) lib/action_dispatch/middleware/debug_exceptions.rb:31:in 'ActionDispatch::DebugExceptions#call'
web-console (4.2.1) lib/web_console/middleware.rb:132:in 'WebConsole::Middleware#call_app'
web-console (4.2.1) lib/web_console/middleware.rb:28:in 'block in WebConsole::Middleware#call'
web-console (4.2.1) lib/web_console/middleware.rb:17:in 'Kernel#catch'
web-console (4.2.1) lib/web_console/middleware.rb:17:in 'WebConsole::Middleware#call'
actionpack (8.0.2) lib/action_dispatch/middleware/show_exceptions.rb:32:in 'ActionDispatch::ShowExceptions#call'
railties (8.0.2) lib/rails/rack/logger.rb:41:in 'Rails::Rack::Logger#call_app'
railties (8.0.2) lib/rails/rack/logger.rb:29:in 'Rails::Rack::Logger#call'
actionpack (8.0.2) lib/action_dispatch/middleware/remote_ip.rb:96:in 'ActionDispatch::RemoteIp#call'
actionpack (8.0.2) lib/action_dispatch/middleware/request_id.rb:34:in 'ActionDispatch::RequestId#call'
rack (3.1.15) lib/rack/method_override.rb:28:in 'Rack::MethodOverride#call'
rack (3.1.15) lib/rack/runtime.rb:24:in 'Rack::Runtime#call'
actionpack (8.0.2) lib/action_dispatch/middleware/server_timing.rb:61:in 'block in ActionDispatch::ServerTiming#call'
actionpack (8.0.2) lib/action_dispatch/middleware/server_timing.rb:26:in 'ActionDispatch::ServerTiming::Subscriber#collect_events'
actionpack (8.0.2) lib/action_dispatch/middleware/server_timing.rb:60:in 'ActionDispatch::ServerTiming#call'
actionpack (8.0.2) lib/action_dispatch/middleware/executor.rb:16:in 'ActionDispatch::Executor#call'
actionpack (8.0.2) lib/action_dispatch/middleware/static.rb:27:in 'ActionDispatch::Static#call'
rack (3.1.15) lib/rack/sendfile.rb:114:in 'Rack::Sendfile#call'
actionpack (8.0.2) lib/action_dispatch/middleware/host_authorization.rb:143:in 'ActionDispatch::HostAuthorization#call'
railties (8.0.2) lib/rails/engine.rb:535:in 'Rails::Engine#call'
puma (6.6.0) lib/puma/configuration.rb:279:in 'Puma::Configuration::ConfigMiddleware#call'
puma (6.6.0) lib/puma/request.rb:99:in 'block in Puma::Request#handle_request'
puma (6.6.0) lib/puma/thread_pool.rb:390:in 'Puma::ThreadPool#with_force_shutdown'
puma (6.6.0) lib/puma/request.rb:98:in 'Puma::Request#handle_request'
puma (6.6.0) lib/puma/server.rb:472:in 'Puma::Server#process_client'
puma (6.6.0) lib/puma/server.rb:254:in 'block in Puma::Server#run'
puma (6.6.0) lib/puma/thread_pool.rb:167:in 'block in Puma::ThreadPool#spawn_thread'

Information for cause: NameError (uninitialized constant SessionController):
  
activesupport (8.0.2) lib/active_support/inflector/methods.rb:290:in 'ActiveSupport::Inflector#constantize'
activesupport (8.0.2) lib/active_support/core_ext/string/inflections.rb:74:in 'String#constantize'
actionpack (8.0.2) lib/action_dispatch/http/request.rb:99:in 'ActionDispatch::Request#controller_class_for'
actionpack (8.0.2) lib/action_dispatch/http/request.rb:91:in 'ActionDispatch::Request#controller_class'
actionpack (8.0.2) lib/action_dispatch/routing/route_set.rb:61:in 'ActionDispatch::Routing::RouteSet::Dispatcher#controller'
actionpack (8.0.2) lib/action_dispatch/routing/route_set.rb:48:in 'ActionDispatch::Routing::RouteSet::Dispatcher#serve'
actionpack (8.0.2) lib/action_dispatch/journey/router.rb:53:in 'block in ActionDispatch::Journey::Router#serve'
actionpack (8.0.2) lib/action_dispatch/journey/router.rb:133:in 'block in ActionDispatch::Journey::Router#find_routes'
actionpack (8.0.2) lib/action_dispatch/journey/router.rb:126:in 'Array#each'
actionpack (8.0.2) lib/action_dispatch/journey/router.rb:126:in 'ActionDispatch::Journey::Router#find_routes'
actionpack (8.0.2) lib/action_dispatch/journey/router.rb:34:in 'ActionDispatch::Journey::Router#serve'
actionpack (8.0.2) lib/action_dispatch/routing/route_set.rb:908:in 'ActionDispatch::Routing::RouteSet#call'
railties (8.0.2) lib/rails/engine/lazy_route_set.rb:68:in 'Rails::Engine::LazyRouteSet#call'
rack (3.1.15) lib/rack/tempfile_reaper.rb:20:in 'Rack::TempfileReaper#call'
rack (3.1.15) lib/rack/etag.rb:29:in 'Rack::ETag#call'
rack (3.1.15) lib/rack/conditional_get.rb:43:in 'Rack::ConditionalGet#call'
rack (3.1.15) lib/rack/head.rb:15:in 'Rack::Head#call'
actionpack (8.0.2) lib/action_dispatch/http/permissions_policy.rb:38:in 'ActionDispatch::PermissionsPolicy::Middleware#call'
actionpack (8.0.2) lib/action_dispatch/http/content_security_policy.rb:38:in 'ActionDispatch::ContentSecurityPolicy::Middleware#call'
rack-session (2.1.1) lib/rack/session/abstract/id.rb:274:in 'Rack::Session::Abstract::Persisted#context'
rack-session (2.1.1) lib/rack/session/abstract/id.rb:268:in 'Rack::Session::Abstract::Persisted#call'
actionpack (8.0.2) lib/action_dispatch/middleware/cookies.rb:706:in 'ActionDispatch::Cookies#call'
activerecord (8.0.2) lib/active_record/migration.rb:671:in 'ActiveRecord::Migration::CheckPending#call'
actionpack (8.0.2) lib/action_dispatch/middleware/callbacks.rb:31:in 'block in ActionDispatch::Callbacks#call'
activesupport (8.0.2) lib/active_support/callbacks.rb:100:in 'ActiveSupport::Callbacks#run_callbacks'
actionpack (8.0.2) lib/action_dispatch/middleware/callbacks.rb:30:in 'ActionDispatch::Callbacks#call'
actionpack (8.0.2) lib/action_dispatch/middleware/executor.rb:16:in 'ActionDispatch::Executor#call'
actionpack (8.0.2) lib/action_dispatch/middleware/actionable_exceptions.rb:18:in 'ActionDispatch::ActionableExceptions#call'
actionpack (8.0.2) lib/action_dispatch/middleware/debug_exceptions.rb:31:in 'ActionDispatch::DebugExceptions#call'
web-console (4.2.1) lib/web_console/middleware.rb:132:in 'WebConsole::Middleware#call_app'
web-console (4.2.1) lib/web_console/middleware.rb:28:in 'block in WebConsole::Middleware#call'
web-console (4.2.1) lib/web_console/middleware.rb:17:in 'Kernel#catch'
web-console (4.2.1) lib/web_console/middleware.rb:17:in 'WebConsole::Middleware#call'
actionpack (8.0.2) lib/action_dispatch/middleware/show_exceptions.rb:32:in 'ActionDispatch::ShowExceptions#call'
railties (8.0.2) lib/rails/rack/logger.rb:41:in 'Rails::Rack::Logger#call_app'
railties (8.0.2) lib/rails/rack/logger.rb:29:in 'Rails::Rack::Logger#call'
actionpack (8.0.2) lib/action_dispatch/middleware/remote_ip.rb:96:in 'ActionDispatch::RemoteIp#call'
actionpack (8.0.2) lib/action_dispatch/middleware/request_id.rb:34:in 'ActionDispatch::RequestId#call'
rack (3.1.15) lib/rack/method_override.rb:28:in 'Rack::MethodOverride#call'
rack (3.1.15) lib/rack/runtime.rb:24:in 'Rack::Runtime#call'
actionpack (8.0.2) lib/action_dispatch/middleware/server_timing.rb:61:in 'block in ActionDispatch::ServerTiming#call'
actionpack (8.0.2) lib/action_dispatch/middleware/server_timing.rb:26:in 'ActionDispatch::ServerTiming::Subscriber#collect_events'
actionpack (8.0.2) lib/action_dispatch/middleware/server_timing.rb:60:in 'ActionDispatch::ServerTiming#call'
actionpack (8.0.2) lib/action_dispatch/middleware/executor.rb:16:in 'ActionDispatch::Executor#call'
actionpack (8.0.2) lib/action_dispatch/middleware/static.rb:27:in 'ActionDispatch::Static#call'
rack (3.1.15) lib/rack/sendfile.rb:114:in 'Rack::Sendfile#call'
actionpack (8.0.2) lib/action_dispatch/middleware/host_authorization.rb:143:in 'ActionDispatch::HostAuthorization#call'
railties (8.0.2) lib/rails/engine.rb:535:in 'Rails::Engine#call'
puma (6.6.0) lib/puma/configuration.rb:279:in 'Puma::Configuration::ConfigMiddleware#call'
puma (6.6.0) lib/puma/request.rb:99:in 'block in Puma::Request#handle_request'
puma (6.6.0) lib/puma/thread_pool.rb:390:in 'Puma::ThreadPool#with_force_shutdown'
puma (6.6.0) lib/puma/request.rb:98:in 'Puma::Request#handle_request'
puma (6.6.0) lib/puma/server.rb:472:in 'Puma::Server#process_client'
puma (6.6.0) lib/puma/server.rb:254:in 'block in Puma::Server#run'
puma (6.6.0) lib/puma/thread_pool.rb:167:in 'block in Puma::ThreadPool#spawn_thread'
Started POST "/login" for ::1 at 2025-05-29 10:30:57 +0530
  
ActionController::RoutingError (uninitialized constant SessionController)
Caused by: ActionDispatch::MissingController (uninitialized constant SessionController)
Caused by: NameError (uninitialized constant SessionController)

Information for: ActionController::RoutingError (uninitialized constant SessionController):
  

Information for cause: ActionDispatch::MissingController (uninitialized constant SessionController):
  
actionpack (8.0.2) lib/action_dispatch/http/request.rb:102:in 'ActionDispatch::Request#controller_class_for'
actionpack (8.0.2) lib/action_dispatch/http/request.rb:91:in 'ActionDispatch::Request#controller_class'
actionpack (8.0.2) lib/action_dispatch/routing/route_set.rb:61:in 'ActionDispatch::Routing::RouteSet::Dispatcher#controller'
actionpack (8.0.2) lib/action_dispatch/routing/route_set.rb:48:in 'ActionDispatch::Routing::RouteSet::Dispatcher#serve'
actionpack (8.0.2) lib/action_dispatch/journey/router.rb:53:in 'block in ActionDispatch::Journey::Router#serve'
actionpack (8.0.2) lib/action_dispatch/journey/router.rb:133:in 'block in ActionDispatch::Journey::Router#find_routes'
actionpack (8.0.2) lib/action_dispatch/journey/router.rb:126:in 'Array#each'
actionpack (8.0.2) lib/action_dispatch/journey/router.rb:126:in 'ActionDispatch::Journey::Router#find_routes'
actionpack (8.0.2) lib/action_dispatch/journey/router.rb:34:in 'ActionDispatch::Journey::Router#serve'
actionpack (8.0.2) lib/action_dispatch/routing/route_set.rb:908:in 'ActionDispatch::Routing::RouteSet#call'
railties (8.0.2) lib/rails/engine/lazy_route_set.rb:68:in 'Rails::Engine::LazyRouteSet#call'
rack (3.1.15) lib/rack/tempfile_reaper.rb:20:in 'Rack::TempfileReaper#call'
rack (3.1.15) lib/rack/etag.rb:29:in 'Rack::ETag#call'
rack (3.1.15) lib/rack/conditional_get.rb:43:in 'Rack::ConditionalGet#call'
rack (3.1.15) lib/rack/head.rb:15:in 'Rack::Head#call'
actionpack (8.0.2) lib/action_dispatch/http/permissions_policy.rb:38:in 'ActionDispatch::PermissionsPolicy::Middleware#call'
actionpack (8.0.2) lib/action_dispatch/http/content_security_policy.rb:38:in 'ActionDispatch::ContentSecurityPolicy::Middleware#call'
rack-session (2.1.1) lib/rack/session/abstract/id.rb:274:in 'Rack::Session::Abstract::Persisted#context'
rack-session (2.1.1) lib/rack/session/abstract/id.rb:268:in 'Rack::Session::Abstract::Persisted#call'
actionpack (8.0.2) lib/action_dispatch/middleware/cookies.rb:706:in 'ActionDispatch::Cookies#call'
activerecord (8.0.2) lib/active_record/migration.rb:671:in 'ActiveRecord::Migration::CheckPending#call'
actionpack (8.0.2) lib/action_dispatch/middleware/callbacks.rb:31:in 'block in ActionDispatch::Callbacks#call'
activesupport (8.0.2) lib/active_support/callbacks.rb:100:in 'ActiveSupport::Callbacks#run_callbacks'
actionpack (8.0.2) lib/action_dispatch/middleware/callbacks.rb:30:in 'ActionDispatch::Callbacks#call'
actionpack (8.0.2) lib/action_dispatch/middleware/executor.rb:16:in 'ActionDispatch::Executor#call'
actionpack (8.0.2) lib/action_dispatch/middleware/actionable_exceptions.rb:18:in 'ActionDispatch::ActionableExceptions#call'
actionpack (8.0.2) lib/action_dispatch/middleware/debug_exceptions.rb:31:in 'ActionDispatch::DebugExceptions#call'
web-console (4.2.1) lib/web_console/middleware.rb:132:in 'WebConsole::Middleware#call_app'
web-console (4.2.1) lib/web_console/middleware.rb:28:in 'block in WebConsole::Middleware#call'
web-console (4.2.1) lib/web_console/middleware.rb:17:in 'Kernel#catch'
web-console (4.2.1) lib/web_console/middleware.rb:17:in 'WebConsole::Middleware#call'
actionpack (8.0.2) lib/action_dispatch/middleware/show_exceptions.rb:32:in 'ActionDispatch::ShowExceptions#call'
railties (8.0.2) lib/rails/rack/logger.rb:41:in 'Rails::Rack::Logger#call_app'
railties (8.0.2) lib/rails/rack/logger.rb:29:in 'Rails::Rack::Logger#call'
actionpack (8.0.2) lib/action_dispatch/middleware/remote_ip.rb:96:in 'ActionDispatch::RemoteIp#call'
actionpack (8.0.2) lib/action_dispatch/middleware/request_id.rb:34:in 'ActionDispatch::RequestId#call'
rack (3.1.15) lib/rack/method_override.rb:28:in 'Rack::MethodOverride#call'
rack (3.1.15) lib/rack/runtime.rb:24:in 'Rack::Runtime#call'
actionpack (8.0.2) lib/action_dispatch/middleware/server_timing.rb:61:in 'block in ActionDispatch::ServerTiming#call'
actionpack (8.0.2) lib/action_dispatch/middleware/server_timing.rb:26:in 'ActionDispatch::ServerTiming::Subscriber#collect_events'
actionpack (8.0.2) lib/action_dispatch/middleware/server_timing.rb:60:in 'ActionDispatch::ServerTiming#call'
actionpack (8.0.2) lib/action_dispatch/middleware/executor.rb:16:in 'ActionDispatch::Executor#call'
actionpack (8.0.2) lib/action_dispatch/middleware/static.rb:27:in 'ActionDispatch::Static#call'
rack (3.1.15) lib/rack/sendfile.rb:114:in 'Rack::Sendfile#call'
actionpack (8.0.2) lib/action_dispatch/middleware/host_authorization.rb:143:in 'ActionDispatch::HostAuthorization#call'
railties (8.0.2) lib/rails/engine.rb:535:in 'Rails::Engine#call'
puma (6.6.0) lib/puma/configuration.rb:279:in 'Puma::Configuration::ConfigMiddleware#call'
puma (6.6.0) lib/puma/request.rb:99:in 'block in Puma::Request#handle_request'
puma (6.6.0) lib/puma/thread_pool.rb:390:in 'Puma::ThreadPool#with_force_shutdown'
puma (6.6.0) lib/puma/request.rb:98:in 'Puma::Request#handle_request'
puma (6.6.0) lib/puma/server.rb:472:in 'Puma::Server#process_client'
puma (6.6.0) lib/puma/server.rb:254:in 'block in Puma::Server#run'
puma (6.6.0) lib/puma/thread_pool.rb:167:in 'block in Puma::ThreadPool#spawn_thread'

Information for cause: NameError (uninitialized constant SessionController):
  
activesupport (8.0.2) lib/active_support/inflector/methods.rb:290:in 'ActiveSupport::Inflector#constantize'
activesupport (8.0.2) lib/active_support/core_ext/string/inflections.rb:74:in 'String#constantize'
actionpack (8.0.2) lib/action_dispatch/http/request.rb:99:in 'ActionDispatch::Request#controller_class_for'
actionpack (8.0.2) lib/action_dispatch/http/request.rb:91:in 'ActionDispatch::Request#controller_class'
actionpack (8.0.2) lib/action_dispatch/routing/route_set.rb:61:in 'ActionDispatch::Routing::RouteSet::Dispatcher#controller'
actionpack (8.0.2) lib/action_dispatch/routing/route_set.rb:48:in 'ActionDispatch::Routing::RouteSet::Dispatcher#serve'
actionpack (8.0.2) lib/action_dispatch/journey/router.rb:53:in 'block in ActionDispatch::Journey::Router#serve'
actionpack (8.0.2) lib/action_dispatch/journey/router.rb:133:in 'block in ActionDispatch::Journey::Router#find_routes'
actionpack (8.0.2) lib/action_dispatch/journey/router.rb:126:in 'Array#each'
actionpack (8.0.2) lib/action_dispatch/journey/router.rb:126:in 'ActionDispatch::Journey::Router#find_routes'
actionpack (8.0.2) lib/action_dispatch/journey/router.rb:34:in 'ActionDispatch::Journey::Router#serve'
actionpack (8.0.2) lib/action_dispatch/routing/route_set.rb:908:in 'ActionDispatch::Routing::RouteSet#call'
railties (8.0.2) lib/rails/engine/lazy_route_set.rb:68:in 'Rails::Engine::LazyRouteSet#call'
rack (3.1.15) lib/rack/tempfile_reaper.rb:20:in 'Rack::TempfileReaper#call'
rack (3.1.15) lib/rack/etag.rb:29:in 'Rack::ETag#call'
rack (3.1.15) lib/rack/conditional_get.rb:43:in 'Rack::ConditionalGet#call'
rack (3.1.15) lib/rack/head.rb:15:in 'Rack::Head#call'
actionpack (8.0.2) lib/action_dispatch/http/permissions_policy.rb:38:in 'ActionDispatch::PermissionsPolicy::Middleware#call'
actionpack (8.0.2) lib/action_dispatch/http/content_security_policy.rb:38:in 'ActionDispatch::ContentSecurityPolicy::Middleware#call'
rack-session (2.1.1) lib/rack/session/abstract/id.rb:274:in 'Rack::Session::Abstract::Persisted#context'
rack-session (2.1.1) lib/rack/session/abstract/id.rb:268:in 'Rack::Session::Abstract::Persisted#call'
actionpack (8.0.2) lib/action_dispatch/middleware/cookies.rb:706:in 'ActionDispatch::Cookies#call'
activerecord (8.0.2) lib/active_record/migration.rb:671:in 'ActiveRecord::Migration::CheckPending#call'
actionpack (8.0.2) lib/action_dispatch/middleware/callbacks.rb:31:in 'block in ActionDispatch::Callbacks#call'
activesupport (8.0.2) lib/active_support/callbacks.rb:100:in 'ActiveSupport::Callbacks#run_callbacks'
actionpack (8.0.2) lib/action_dispatch/middleware/callbacks.rb:30:in 'ActionDispatch::Callbacks#call'
actionpack (8.0.2) lib/action_dispatch/middleware/executor.rb:16:in 'ActionDispatch::Executor#call'
actionpack (8.0.2) lib/action_dispatch/middleware/actionable_exceptions.rb:18:in 'ActionDispatch::ActionableExceptions#call'
actionpack (8.0.2) lib/action_dispatch/middleware/debug_exceptions.rb:31:in 'ActionDispatch::DebugExceptions#call'
web-console (4.2.1) lib/web_console/middleware.rb:132:in 'WebConsole::Middleware#call_app'
web-console (4.2.1) lib/web_console/middleware.rb:28:in 'block in WebConsole::Middleware#call'
web-console (4.2.1) lib/web_console/middleware.rb:17:in 'Kernel#catch'
web-console (4.2.1) lib/web_console/middleware.rb:17:in 'WebConsole::Middleware#call'
actionpack (8.0.2) lib/action_dispatch/middleware/show_exceptions.rb:32:in 'ActionDispatch::ShowExceptions#call'
railties (8.0.2) lib/rails/rack/logger.rb:41:in 'Rails::Rack::Logger#call_app'
railties (8.0.2) lib/rails/rack/logger.rb:29:in 'Rails::Rack::Logger#call'
actionpack (8.0.2) lib/action_dispatch/middleware/remote_ip.rb:96:in 'ActionDispatch::RemoteIp#call'
actionpack (8.0.2) lib/action_dispatch/middleware/request_id.rb:34:in 'ActionDispatch::RequestId#call'
rack (3.1.15) lib/rack/method_override.rb:28:in 'Rack::MethodOverride#call'
rack (3.1.15) lib/rack/runtime.rb:24:in 'Rack::Runtime#call'
actionpack (8.0.2) lib/action_dispatch/middleware/server_timing.rb:61:in 'block in ActionDispatch::ServerTiming#call'
actionpack (8.0.2) lib/action_dispatch/middleware/server_timing.rb:26:in 'ActionDispatch::ServerTiming::Subscriber#collect_events'
actionpack (8.0.2) lib/action_dispatch/middleware/server_timing.rb:60:in 'ActionDispatch::ServerTiming#call'
actionpack (8.0.2) lib/action_dispatch/middleware/executor.rb:16:in 'ActionDispatch::Executor#call'
actionpack (8.0.2) lib/action_dispatch/middleware/static.rb:27:in 'ActionDispatch::Static#call'
rack (3.1.15) lib/rack/sendfile.rb:114:in 'Rack::Sendfile#call'
actionpack (8.0.2) lib/action_dispatch/middleware/host_authorization.rb:143:in 'ActionDispatch::HostAuthorization#call'
railties (8.0.2) lib/rails/engine.rb:535:in 'Rails::Engine#call'
puma (6.6.0) lib/puma/configuration.rb:279:in 'Puma::Configuration::ConfigMiddleware#call'
puma (6.6.0) lib/puma/request.rb:99:in 'block in Puma::Request#handle_request'
puma (6.6.0) lib/puma/thread_pool.rb:390:in 'Puma::ThreadPool#with_force_shutdown'
puma (6.6.0) lib/puma/request.rb:98:in 'Puma::Request#handle_request'
puma (6.6.0) lib/puma/server.rb:472:in 'Puma::Server#process_client'
puma (6.6.0) lib/puma/server.rb:254:in 'block in Puma::Server#run'
puma (6.6.0) lib/puma/thread_pool.rb:167:in 'block in Puma::ThreadPool#spawn_thread'
Started GET "/health" for ::1 at 2025-05-29 10:31:03 +0530
Started POST "/login" for ::1 at 2025-05-29 10:31:10 +0530
  [1m[36mActiveRecord::SchemaMigration Load (0.9ms)[0m  [1m[34mSELECT "schema_migrations"."version" FROM "schema_migrations" ORDER BY "schema_migrations"."version" ASC /*application='UserManagement'*/[0m
  
ActionController::RoutingError (uninitialized constant SessionController)
Caused by: ActionDispatch::MissingController (uninitialized constant SessionController)
Caused by: NameError (uninitialized constant SessionController)

Information for: ActionController::RoutingError (uninitialized constant SessionController):
  

Information for cause: ActionDispatch::MissingController (uninitialized constant SessionController):
  
actionpack (8.0.2) lib/action_dispatch/http/request.rb:102:in 'ActionDispatch::Request#controller_class_for'
actionpack (8.0.2) lib/action_dispatch/http/request.rb:91:in 'ActionDispatch::Request#controller_class'
actionpack (8.0.2) lib/action_dispatch/routing/route_set.rb:61:in 'ActionDispatch::Routing::RouteSet::Dispatcher#controller'
actionpack (8.0.2) lib/action_dispatch/routing/route_set.rb:48:in 'ActionDispatch::Routing::RouteSet::Dispatcher#serve'
actionpack (8.0.2) lib/action_dispatch/journey/router.rb:53:in 'block in ActionDispatch::Journey::Router#serve'
actionpack (8.0.2) lib/action_dispatch/journey/router.rb:133:in 'block in ActionDispatch::Journey::Router#find_routes'
actionpack (8.0.2) lib/action_dispatch/journey/router.rb:126:in 'Array#each'
actionpack (8.0.2) lib/action_dispatch/journey/router.rb:126:in 'ActionDispatch::Journey::Router#find_routes'
actionpack (8.0.2) lib/action_dispatch/journey/router.rb:34:in 'ActionDispatch::Journey::Router#serve'
actionpack (8.0.2) lib/action_dispatch/routing/route_set.rb:908:in 'ActionDispatch::Routing::RouteSet#call'
railties (8.0.2) lib/rails/engine/lazy_route_set.rb:68:in 'Rails::Engine::LazyRouteSet#call'
rack (3.1.15) lib/rack/tempfile_reaper.rb:20:in 'Rack::TempfileReaper#call'
rack (3.1.15) lib/rack/etag.rb:29:in 'Rack::ETag#call'
rack (3.1.15) lib/rack/conditional_get.rb:43:in 'Rack::ConditionalGet#call'
rack (3.1.15) lib/rack/head.rb:15:in 'Rack::Head#call'
actionpack (8.0.2) lib/action_dispatch/http/permissions_policy.rb:38:in 'ActionDispatch::PermissionsPolicy::Middleware#call'
actionpack (8.0.2) lib/action_dispatch/http/content_security_policy.rb:38:in 'ActionDispatch::ContentSecurityPolicy::Middleware#call'
rack-session (2.1.1) lib/rack/session/abstract/id.rb:274:in 'Rack::Session::Abstract::Persisted#context'
rack-session (2.1.1) lib/rack/session/abstract/id.rb:268:in 'Rack::Session::Abstract::Persisted#call'
actionpack (8.0.2) lib/action_dispatch/middleware/cookies.rb:706:in 'ActionDispatch::Cookies#call'
activerecord (8.0.2) lib/active_record/migration.rb:671:in 'ActiveRecord::Migration::CheckPending#call'
actionpack (8.0.2) lib/action_dispatch/middleware/callbacks.rb:31:in 'block in ActionDispatch::Callbacks#call'
activesupport (8.0.2) lib/active_support/callbacks.rb:100:in 'ActiveSupport::Callbacks#run_callbacks'
actionpack (8.0.2) lib/action_dispatch/middleware/callbacks.rb:30:in 'ActionDispatch::Callbacks#call'
actionpack (8.0.2) lib/action_dispatch/middleware/executor.rb:16:in 'ActionDispatch::Executor#call'
actionpack (8.0.2) lib/action_dispatch/middleware/actionable_exceptions.rb:18:in 'ActionDispatch::ActionableExceptions#call'
actionpack (8.0.2) lib/action_dispatch/middleware/debug_exceptions.rb:31:in 'ActionDispatch::DebugExceptions#call'
web-console (4.2.1) lib/web_console/middleware.rb:132:in 'WebConsole::Middleware#call_app'
web-console (4.2.1) lib/web_console/middleware.rb:28:in 'block in WebConsole::Middleware#call'
web-console (4.2.1) lib/web_console/middleware.rb:17:in 'Kernel#catch'
web-console (4.2.1) lib/web_console/middleware.rb:17:in 'WebConsole::Middleware#call'
actionpack (8.0.2) lib/action_dispatch/middleware/show_exceptions.rb:32:in 'ActionDispatch::ShowExceptions#call'
railties (8.0.2) lib/rails/rack/logger.rb:41:in 'Rails::Rack::Logger#call_app'
railties (8.0.2) lib/rails/rack/logger.rb:29:in 'Rails::Rack::Logger#call'
actionpack (8.0.2) lib/action_dispatch/middleware/remote_ip.rb:96:in 'ActionDispatch::RemoteIp#call'
actionpack (8.0.2) lib/action_dispatch/middleware/request_id.rb:34:in 'ActionDispatch::RequestId#call'
rack (3.1.15) lib/rack/method_override.rb:28:in 'Rack::MethodOverride#call'
rack (3.1.15) lib/rack/runtime.rb:24:in 'Rack::Runtime#call'
actionpack (8.0.2) lib/action_dispatch/middleware/server_timing.rb:61:in 'block in ActionDispatch::ServerTiming#call'
actionpack (8.0.2) lib/action_dispatch/middleware/server_timing.rb:26:in 'ActionDispatch::ServerTiming::Subscriber#collect_events'
actionpack (8.0.2) lib/action_dispatch/middleware/server_timing.rb:60:in 'ActionDispatch::ServerTiming#call'
actionpack (8.0.2) lib/action_dispatch/middleware/executor.rb:16:in 'ActionDispatch::Executor#call'
actionpack (8.0.2) lib/action_dispatch/middleware/static.rb:27:in 'ActionDispatch::Static#call'
rack (3.1.15) lib/rack/sendfile.rb:114:in 'Rack::Sendfile#call'
actionpack (8.0.2) lib/action_dispatch/middleware/host_authorization.rb:143:in 'ActionDispatch::HostAuthorization#call'
railties (8.0.2) lib/rails/engine.rb:535:in 'Rails::Engine#call'
puma (6.6.0) lib/puma/configuration.rb:279:in 'Puma::Configuration::ConfigMiddleware#call'
puma (6.6.0) lib/puma/request.rb:99:in 'block in Puma::Request#handle_request'
puma (6.6.0) lib/puma/thread_pool.rb:390:in 'Puma::ThreadPool#with_force_shutdown'
puma (6.6.0) lib/puma/request.rb:98:in 'Puma::Request#handle_request'
puma (6.6.0) lib/puma/server.rb:472:in 'Puma::Server#process_client'
puma (6.6.0) lib/puma/server.rb:254:in 'block in Puma::Server#run'
puma (6.6.0) lib/puma/thread_pool.rb:167:in 'block in Puma::ThreadPool#spawn_thread'

Information for cause: NameError (uninitialized constant SessionController):
  
activesupport (8.0.2) lib/active_support/inflector/methods.rb:290:in 'ActiveSupport::Inflector#constantize'
activesupport (8.0.2) lib/active_support/core_ext/string/inflections.rb:74:in 'String#constantize'
actionpack (8.0.2) lib/action_dispatch/http/request.rb:99:in 'ActionDispatch::Request#controller_class_for'
actionpack (8.0.2) lib/action_dispatch/http/request.rb:91:in 'ActionDispatch::Request#controller_class'
actionpack (8.0.2) lib/action_dispatch/routing/route_set.rb:61:in 'ActionDispatch::Routing::RouteSet::Dispatcher#controller'
actionpack (8.0.2) lib/action_dispatch/routing/route_set.rb:48:in 'ActionDispatch::Routing::RouteSet::Dispatcher#serve'
actionpack (8.0.2) lib/action_dispatch/journey/router.rb:53:in 'block in ActionDispatch::Journey::Router#serve'
actionpack (8.0.2) lib/action_dispatch/journey/router.rb:133:in 'block in ActionDispatch::Journey::Router#find_routes'
actionpack (8.0.2) lib/action_dispatch/journey/router.rb:126:in 'Array#each'
actionpack (8.0.2) lib/action_dispatch/journey/router.rb:126:in 'ActionDispatch::Journey::Router#find_routes'
actionpack (8.0.2) lib/action_dispatch/journey/router.rb:34:in 'ActionDispatch::Journey::Router#serve'
actionpack (8.0.2) lib/action_dispatch/routing/route_set.rb:908:in 'ActionDispatch::Routing::RouteSet#call'
railties (8.0.2) lib/rails/engine/lazy_route_set.rb:68:in 'Rails::Engine::LazyRouteSet#call'
rack (3.1.15) lib/rack/tempfile_reaper.rb:20:in 'Rack::TempfileReaper#call'
rack (3.1.15) lib/rack/etag.rb:29:in 'Rack::ETag#call'
rack (3.1.15) lib/rack/conditional_get.rb:43:in 'Rack::ConditionalGet#call'
rack (3.1.15) lib/rack/head.rb:15:in 'Rack::Head#call'
actionpack (8.0.2) lib/action_dispatch/http/permissions_policy.rb:38:in 'ActionDispatch::PermissionsPolicy::Middleware#call'
actionpack (8.0.2) lib/action_dispatch/http/content_security_policy.rb:38:in 'ActionDispatch::ContentSecurityPolicy::Middleware#call'
rack-session (2.1.1) lib/rack/session/abstract/id.rb:274:in 'Rack::Session::Abstract::Persisted#context'
rack-session (2.1.1) lib/rack/session/abstract/id.rb:268:in 'Rack::Session::Abstract::Persisted#call'
actionpack (8.0.2) lib/action_dispatch/middleware/cookies.rb:706:in 'ActionDispatch::Cookies#call'
activerecord (8.0.2) lib/active_record/migration.rb:671:in 'ActiveRecord::Migration::CheckPending#call'
actionpack (8.0.2) lib/action_dispatch/middleware/callbacks.rb:31:in 'block in ActionDispatch::Callbacks#call'
activesupport (8.0.2) lib/active_support/callbacks.rb:100:in 'ActiveSupport::Callbacks#run_callbacks'
actionpack (8.0.2) lib/action_dispatch/middleware/callbacks.rb:30:in 'ActionDispatch::Callbacks#call'
actionpack (8.0.2) lib/action_dispatch/middleware/executor.rb:16:in 'ActionDispatch::Executor#call'
actionpack (8.0.2) lib/action_dispatch/middleware/actionable_exceptions.rb:18:in 'ActionDispatch::ActionableExceptions#call'
actionpack (8.0.2) lib/action_dispatch/middleware/debug_exceptions.rb:31:in 'ActionDispatch::DebugExceptions#call'
web-console (4.2.1) lib/web_console/middleware.rb:132:in 'WebConsole::Middleware#call_app'
web-console (4.2.1) lib/web_console/middleware.rb:28:in 'block in WebConsole::Middleware#call'
web-console (4.2.1) lib/web_console/middleware.rb:17:in 'Kernel#catch'
web-console (4.2.1) lib/web_console/middleware.rb:17:in 'WebConsole::Middleware#call'
actionpack (8.0.2) lib/action_dispatch/middleware/show_exceptions.rb:32:in 'ActionDispatch::ShowExceptions#call'
railties (8.0.2) lib/rails/rack/logger.rb:41:in 'Rails::Rack::Logger#call_app'
railties (8.0.2) lib/rails/rack/logger.rb:29:in 'Rails::Rack::Logger#call'
actionpack (8.0.2) lib/action_dispatch/middleware/remote_ip.rb:96:in 'ActionDispatch::RemoteIp#call'
actionpack (8.0.2) lib/action_dispatch/middleware/request_id.rb:34:in 'ActionDispatch::RequestId#call'
rack (3.1.15) lib/rack/method_override.rb:28:in 'Rack::MethodOverride#call'
rack (3.1.15) lib/rack/runtime.rb:24:in 'Rack::Runtime#call'
actionpack (8.0.2) lib/action_dispatch/middleware/server_timing.rb:61:in 'block in ActionDispatch::ServerTiming#call'
actionpack (8.0.2) lib/action_dispatch/middleware/server_timing.rb:26:in 'ActionDispatch::ServerTiming::Subscriber#collect_events'
actionpack (8.0.2) lib/action_dispatch/middleware/server_timing.rb:60:in 'ActionDispatch::ServerTiming#call'
actionpack (8.0.2) lib/action_dispatch/middleware/executor.rb:16:in 'ActionDispatch::Executor#call'
actionpack (8.0.2) lib/action_dispatch/middleware/static.rb:27:in 'ActionDispatch::Static#call'
rack (3.1.15) lib/rack/sendfile.rb:114:in 'Rack::Sendfile#call'
actionpack (8.0.2) lib/action_dispatch/middleware/host_authorization.rb:143:in 'ActionDispatch::HostAuthorization#call'
railties (8.0.2) lib/rails/engine.rb:535:in 'Rails::Engine#call'
puma (6.6.0) lib/puma/configuration.rb:279:in 'Puma::Configuration::ConfigMiddleware#call'
puma (6.6.0) lib/puma/request.rb:99:in 'block in Puma::Request#handle_request'
puma (6.6.0) lib/puma/thread_pool.rb:390:in 'Puma::ThreadPool#with_force_shutdown'
puma (6.6.0) lib/puma/request.rb:98:in 'Puma::Request#handle_request'
puma (6.6.0) lib/puma/server.rb:472:in 'Puma::Server#process_client'
puma (6.6.0) lib/puma/server.rb:254:in 'block in Puma::Server#run'
puma (6.6.0) lib/puma/thread_pool.rb:167:in 'block in Puma::ThreadPool#spawn_thread'
Started GET "/health" for ::1 at 2025-05-29 10:32:03 +0530
Started POST "/login" for ::1 at 2025-05-29 10:32:30 +0530
  
ActionController::RoutingError (uninitialized constant SessionController)
Caused by: ActionDispatch::MissingController (uninitialized constant SessionController)
Caused by: NameError (uninitialized constant SessionController)

Information for: ActionController::RoutingError (uninitialized constant SessionController):
  

Information for cause: ActionDispatch::MissingController (uninitialized constant SessionController):
  
actionpack (8.0.2) lib/action_dispatch/http/request.rb:102:in 'ActionDispatch::Request#controller_class_for'
actionpack (8.0.2) lib/action_dispatch/http/request.rb:91:in 'ActionDispatch::Request#controller_class'
actionpack (8.0.2) lib/action_dispatch/routing/route_set.rb:61:in 'ActionDispatch::Routing::RouteSet::Dispatcher#controller'
actionpack (8.0.2) lib/action_dispatch/routing/route_set.rb:48:in 'ActionDispatch::Routing::RouteSet::Dispatcher#serve'
actionpack (8.0.2) lib/action_dispatch/journey/router.rb:53:in 'block in ActionDispatch::Journey::Router#serve'
actionpack (8.0.2) lib/action_dispatch/journey/router.rb:133:in 'block in ActionDispatch::Journey::Router#find_routes'
actionpack (8.0.2) lib/action_dispatch/journey/router.rb:126:in 'Array#each'
actionpack (8.0.2) lib/action_dispatch/journey/router.rb:126:in 'ActionDispatch::Journey::Router#find_routes'
actionpack (8.0.2) lib/action_dispatch/journey/router.rb:34:in 'ActionDispatch::Journey::Router#serve'
actionpack (8.0.2) lib/action_dispatch/routing/route_set.rb:908:in 'ActionDispatch::Routing::RouteSet#call'
railties (8.0.2) lib/rails/engine/lazy_route_set.rb:68:in 'Rails::Engine::LazyRouteSet#call'
rack (3.1.15) lib/rack/tempfile_reaper.rb:20:in 'Rack::TempfileReaper#call'
rack (3.1.15) lib/rack/etag.rb:29:in 'Rack::ETag#call'
rack (3.1.15) lib/rack/conditional_get.rb:43:in 'Rack::ConditionalGet#call'
rack (3.1.15) lib/rack/head.rb:15:in 'Rack::Head#call'
actionpack (8.0.2) lib/action_dispatch/http/permissions_policy.rb:38:in 'ActionDispatch::PermissionsPolicy::Middleware#call'
actionpack (8.0.2) lib/action_dispatch/http/content_security_policy.rb:38:in 'ActionDispatch::ContentSecurityPolicy::Middleware#call'
rack-session (2.1.1) lib/rack/session/abstract/id.rb:274:in 'Rack::Session::Abstract::Persisted#context'
rack-session (2.1.1) lib/rack/session/abstract/id.rb:268:in 'Rack::Session::Abstract::Persisted#call'
actionpack (8.0.2) lib/action_dispatch/middleware/cookies.rb:706:in 'ActionDispatch::Cookies#call'
activerecord (8.0.2) lib/active_record/migration.rb:671:in 'ActiveRecord::Migration::CheckPending#call'
actionpack (8.0.2) lib/action_dispatch/middleware/callbacks.rb:31:in 'block in ActionDispatch::Callbacks#call'
activesupport (8.0.2) lib/active_support/callbacks.rb:100:in 'ActiveSupport::Callbacks#run_callbacks'
actionpack (8.0.2) lib/action_dispatch/middleware/callbacks.rb:30:in 'ActionDispatch::Callbacks#call'
actionpack (8.0.2) lib/action_dispatch/middleware/executor.rb:16:in 'ActionDispatch::Executor#call'
actionpack (8.0.2) lib/action_dispatch/middleware/actionable_exceptions.rb:18:in 'ActionDispatch::ActionableExceptions#call'
actionpack (8.0.2) lib/action_dispatch/middleware/debug_exceptions.rb:31:in 'ActionDispatch::DebugExceptions#call'
web-console (4.2.1) lib/web_console/middleware.rb:132:in 'WebConsole::Middleware#call_app'
web-console (4.2.1) lib/web_console/middleware.rb:28:in 'block in WebConsole::Middleware#call'
web-console (4.2.1) lib/web_console/middleware.rb:17:in 'Kernel#catch'
web-console (4.2.1) lib/web_console/middleware.rb:17:in 'WebConsole::Middleware#call'
actionpack (8.0.2) lib/action_dispatch/middleware/show_exceptions.rb:32:in 'ActionDispatch::ShowExceptions#call'
railties (8.0.2) lib/rails/rack/logger.rb:41:in 'Rails::Rack::Logger#call_app'
railties (8.0.2) lib/rails/rack/logger.rb:29:in 'Rails::Rack::Logger#call'
actionpack (8.0.2) lib/action_dispatch/middleware/remote_ip.rb:96:in 'ActionDispatch::RemoteIp#call'
actionpack (8.0.2) lib/action_dispatch/middleware/request_id.rb:34:in 'ActionDispatch::RequestId#call'
rack (3.1.15) lib/rack/method_override.rb:28:in 'Rack::MethodOverride#call'
rack (3.1.15) lib/rack/runtime.rb:24:in 'Rack::Runtime#call'
actionpack (8.0.2) lib/action_dispatch/middleware/server_timing.rb:61:in 'block in ActionDispatch::ServerTiming#call'
actionpack (8.0.2) lib/action_dispatch/middleware/server_timing.rb:26:in 'ActionDispatch::ServerTiming::Subscriber#collect_events'
actionpack (8.0.2) lib/action_dispatch/middleware/server_timing.rb:60:in 'ActionDispatch::ServerTiming#call'
actionpack (8.0.2) lib/action_dispatch/middleware/executor.rb:16:in 'ActionDispatch::Executor#call'
actionpack (8.0.2) lib/action_dispatch/middleware/static.rb:27:in 'ActionDispatch::Static#call'
rack (3.1.15) lib/rack/sendfile.rb:114:in 'Rack::Sendfile#call'
actionpack (8.0.2) lib/action_dispatch/middleware/host_authorization.rb:143:in 'ActionDispatch::HostAuthorization#call'
railties (8.0.2) lib/rails/engine.rb:535:in 'Rails::Engine#call'
puma (6.6.0) lib/puma/configuration.rb:279:in 'Puma::Configuration::ConfigMiddleware#call'
puma (6.6.0) lib/puma/request.rb:99:in 'block in Puma::Request#handle_request'
puma (6.6.0) lib/puma/thread_pool.rb:390:in 'Puma::ThreadPool#with_force_shutdown'
puma (6.6.0) lib/puma/request.rb:98:in 'Puma::Request#handle_request'
puma (6.6.0) lib/puma/server.rb:472:in 'Puma::Server#process_client'
puma (6.6.0) lib/puma/server.rb:254:in 'block in Puma::Server#run'
puma (6.6.0) lib/puma/thread_pool.rb:167:in 'block in Puma::ThreadPool#spawn_thread'

Information for cause: NameError (uninitialized constant SessionController):
  
activesupport (8.0.2) lib/active_support/inflector/methods.rb:290:in 'ActiveSupport::Inflector#constantize'
activesupport (8.0.2) lib/active_support/core_ext/string/inflections.rb:74:in 'String#constantize'
actionpack (8.0.2) lib/action_dispatch/http/request.rb:99:in 'ActionDispatch::Request#controller_class_for'
actionpack (8.0.2) lib/action_dispatch/http/request.rb:91:in 'ActionDispatch::Request#controller_class'
actionpack (8.0.2) lib/action_dispatch/routing/route_set.rb:61:in 'ActionDispatch::Routing::RouteSet::Dispatcher#controller'
actionpack (8.0.2) lib/action_dispatch/routing/route_set.rb:48:in 'ActionDispatch::Routing::RouteSet::Dispatcher#serve'
actionpack (8.0.2) lib/action_dispatch/journey/router.rb:53:in 'block in ActionDispatch::Journey::Router#serve'
actionpack (8.0.2) lib/action_dispatch/journey/router.rb:133:in 'block in ActionDispatch::Journey::Router#find_routes'
actionpack (8.0.2) lib/action_dispatch/journey/router.rb:126:in 'Array#each'
actionpack (8.0.2) lib/action_dispatch/journey/router.rb:126:in 'ActionDispatch::Journey::Router#find_routes'
actionpack (8.0.2) lib/action_dispatch/journey/router.rb:34:in 'ActionDispatch::Journey::Router#serve'
actionpack (8.0.2) lib/action_dispatch/routing/route_set.rb:908:in 'ActionDispatch::Routing::RouteSet#call'
railties (8.0.2) lib/rails/engine/lazy_route_set.rb:68:in 'Rails::Engine::LazyRouteSet#call'
rack (3.1.15) lib/rack/tempfile_reaper.rb:20:in 'Rack::TempfileReaper#call'
rack (3.1.15) lib/rack/etag.rb:29:in 'Rack::ETag#call'
rack (3.1.15) lib/rack/conditional_get.rb:43:in 'Rack::ConditionalGet#call'
rack (3.1.15) lib/rack/head.rb:15:in 'Rack::Head#call'
actionpack (8.0.2) lib/action_dispatch/http/permissions_policy.rb:38:in 'ActionDispatch::PermissionsPolicy::Middleware#call'
actionpack (8.0.2) lib/action_dispatch/http/content_security_policy.rb:38:in 'ActionDispatch::ContentSecurityPolicy::Middleware#call'
rack-session (2.1.1) lib/rack/session/abstract/id.rb:274:in 'Rack::Session::Abstract::Persisted#context'
rack-session (2.1.1) lib/rack/session/abstract/id.rb:268:in 'Rack::Session::Abstract::Persisted#call'
actionpack (8.0.2) lib/action_dispatch/middleware/cookies.rb:706:in 'ActionDispatch::Cookies#call'
activerecord (8.0.2) lib/active_record/migration.rb:671:in 'ActiveRecord::Migration::CheckPending#call'
actionpack (8.0.2) lib/action_dispatch/middleware/callbacks.rb:31:in 'block in ActionDispatch::Callbacks#call'
activesupport (8.0.2) lib/active_support/callbacks.rb:100:in 'ActiveSupport::Callbacks#run_callbacks'
actionpack (8.0.2) lib/action_dispatch/middleware/callbacks.rb:30:in 'ActionDispatch::Callbacks#call'
actionpack (8.0.2) lib/action_dispatch/middleware/executor.rb:16:in 'ActionDispatch::Executor#call'
actionpack (8.0.2) lib/action_dispatch/middleware/actionable_exceptions.rb:18:in 'ActionDispatch::ActionableExceptions#call'
actionpack (8.0.2) lib/action_dispatch/middleware/debug_exceptions.rb:31:in 'ActionDispatch::DebugExceptions#call'
web-console (4.2.1) lib/web_console/middleware.rb:132:in 'WebConsole::Middleware#call_app'
web-console (4.2.1) lib/web_console/middleware.rb:28:in 'block in WebConsole::Middleware#call'
web-console (4.2.1) lib/web_console/middleware.rb:17:in 'Kernel#catch'
web-console (4.2.1) lib/web_console/middleware.rb:17:in 'WebConsole::Middleware#call'
actionpack (8.0.2) lib/action_dispatch/middleware/show_exceptions.rb:32:in 'ActionDispatch::ShowExceptions#call'
railties (8.0.2) lib/rails/rack/logger.rb:41:in 'Rails::Rack::Logger#call_app'
railties (8.0.2) lib/rails/rack/logger.rb:29:in 'Rails::Rack::Logger#call'
actionpack (8.0.2) lib/action_dispatch/middleware/remote_ip.rb:96:in 'ActionDispatch::RemoteIp#call'
actionpack (8.0.2) lib/action_dispatch/middleware/request_id.rb:34:in 'ActionDispatch::RequestId#call'
rack (3.1.15) lib/rack/method_override.rb:28:in 'Rack::MethodOverride#call'
rack (3.1.15) lib/rack/runtime.rb:24:in 'Rack::Runtime#call'
actionpack (8.0.2) lib/action_dispatch/middleware/server_timing.rb:61:in 'block in ActionDispatch::ServerTiming#call'
actionpack (8.0.2) lib/action_dispatch/middleware/server_timing.rb:26:in 'ActionDispatch::ServerTiming::Subscriber#collect_events'
actionpack (8.0.2) lib/action_dispatch/middleware/server_timing.rb:60:in 'ActionDispatch::ServerTiming#call'
actionpack (8.0.2) lib/action_dispatch/middleware/executor.rb:16:in 'ActionDispatch::Executor#call'
actionpack (8.0.2) lib/action_dispatch/middleware/static.rb:27:in 'ActionDispatch::Static#call'
rack (3.1.15) lib/rack/sendfile.rb:114:in 'Rack::Sendfile#call'
actionpack (8.0.2) lib/action_dispatch/middleware/host_authorization.rb:143:in 'ActionDispatch::HostAuthorization#call'
railties (8.0.2) lib/rails/engine.rb:535:in 'Rails::Engine#call'
puma (6.6.0) lib/puma/configuration.rb:279:in 'Puma::Configuration::ConfigMiddleware#call'
puma (6.6.0) lib/puma/request.rb:99:in 'block in Puma::Request#handle_request'
puma (6.6.0) lib/puma/thread_pool.rb:390:in 'Puma::ThreadPool#with_force_shutdown'
puma (6.6.0) lib/puma/request.rb:98:in 'Puma::Request#handle_request'
puma (6.6.0) lib/puma/server.rb:472:in 'Puma::Server#process_client'
puma (6.6.0) lib/puma/server.rb:254:in 'block in Puma::Server#run'
puma (6.6.0) lib/puma/thread_pool.rb:167:in 'block in Puma::ThreadPool#spawn_thread'
Started POST "/user" for ::1 at 2025-05-29 10:32:34 +0530
  
ActionController::RoutingError (uninitialized constant UserController)
Caused by: ActionDispatch::MissingController (uninitialized constant UserController)
Caused by: NameError (uninitialized constant UserController)

Information for: ActionController::RoutingError (uninitialized constant UserController):
  

Information for cause: ActionDispatch::MissingController (uninitialized constant UserController):
  
actionpack (8.0.2) lib/action_dispatch/http/request.rb:102:in 'ActionDispatch::Request#controller_class_for'
actionpack (8.0.2) lib/action_dispatch/http/request.rb:91:in 'ActionDispatch::Request#controller_class'
actionpack (8.0.2) lib/action_dispatch/routing/route_set.rb:61:in 'ActionDispatch::Routing::RouteSet::Dispatcher#controller'
actionpack (8.0.2) lib/action_dispatch/routing/route_set.rb:48:in 'ActionDispatch::Routing::RouteSet::Dispatcher#serve'
actionpack (8.0.2) lib/action_dispatch/journey/router.rb:53:in 'block in ActionDispatch::Journey::Router#serve'
actionpack (8.0.2) lib/action_dispatch/journey/router.rb:133:in 'block in ActionDispatch::Journey::Router#find_routes'
actionpack (8.0.2) lib/action_dispatch/journey/router.rb:126:in 'Array#each'
actionpack (8.0.2) lib/action_dispatch/journey/router.rb:126:in 'ActionDispatch::Journey::Router#find_routes'
actionpack (8.0.2) lib/action_dispatch/journey/router.rb:34:in 'ActionDispatch::Journey::Router#serve'
actionpack (8.0.2) lib/action_dispatch/routing/route_set.rb:908:in 'ActionDispatch::Routing::RouteSet#call'
railties (8.0.2) lib/rails/engine/lazy_route_set.rb:68:in 'Rails::Engine::LazyRouteSet#call'
rack (3.1.15) lib/rack/tempfile_reaper.rb:20:in 'Rack::TempfileReaper#call'
rack (3.1.15) lib/rack/etag.rb:29:in 'Rack::ETag#call'
rack (3.1.15) lib/rack/conditional_get.rb:43:in 'Rack::ConditionalGet#call'
rack (3.1.15) lib/rack/head.rb:15:in 'Rack::Head#call'
actionpack (8.0.2) lib/action_dispatch/http/permissions_policy.rb:38:in 'ActionDispatch::PermissionsPolicy::Middleware#call'
actionpack (8.0.2) lib/action_dispatch/http/content_security_policy.rb:38:in 'ActionDispatch::ContentSecurityPolicy::Middleware#call'
rack-session (2.1.1) lib/rack/session/abstract/id.rb:274:in 'Rack::Session::Abstract::Persisted#context'
rack-session (2.1.1) lib/rack/session/abstract/id.rb:268:in 'Rack::Session::Abstract::Persisted#call'
actionpack (8.0.2) lib/action_dispatch/middleware/cookies.rb:706:in 'ActionDispatch::Cookies#call'
activerecord (8.0.2) lib/active_record/migration.rb:671:in 'ActiveRecord::Migration::CheckPending#call'
actionpack (8.0.2) lib/action_dispatch/middleware/callbacks.rb:31:in 'block in ActionDispatch::Callbacks#call'
activesupport (8.0.2) lib/active_support/callbacks.rb:100:in 'ActiveSupport::Callbacks#run_callbacks'
actionpack (8.0.2) lib/action_dispatch/middleware/callbacks.rb:30:in 'ActionDispatch::Callbacks#call'
actionpack (8.0.2) lib/action_dispatch/middleware/executor.rb:16:in 'ActionDispatch::Executor#call'
actionpack (8.0.2) lib/action_dispatch/middleware/actionable_exceptions.rb:18:in 'ActionDispatch::ActionableExceptions#call'
actionpack (8.0.2) lib/action_dispatch/middleware/debug_exceptions.rb:31:in 'ActionDispatch::DebugExceptions#call'
web-console (4.2.1) lib/web_console/middleware.rb:132:in 'WebConsole::Middleware#call_app'
web-console (4.2.1) lib/web_console/middleware.rb:28:in 'block in WebConsole::Middleware#call'
web-console (4.2.1) lib/web_console/middleware.rb:17:in 'Kernel#catch'
web-console (4.2.1) lib/web_console/middleware.rb:17:in 'WebConsole::Middleware#call'
actionpack (8.0.2) lib/action_dispatch/middleware/show_exceptions.rb:32:in 'ActionDispatch::ShowExceptions#call'
railties (8.0.2) lib/rails/rack/logger.rb:41:in 'Rails::Rack::Logger#call_app'
railties (8.0.2) lib/rails/rack/logger.rb:29:in 'Rails::Rack::Logger#call'
actionpack (8.0.2) lib/action_dispatch/middleware/remote_ip.rb:96:in 'ActionDispatch::RemoteIp#call'
actionpack (8.0.2) lib/action_dispatch/middleware/request_id.rb:34:in 'ActionDispatch::RequestId#call'
rack (3.1.15) lib/rack/method_override.rb:28:in 'Rack::MethodOverride#call'
rack (3.1.15) lib/rack/runtime.rb:24:in 'Rack::Runtime#call'
actionpack (8.0.2) lib/action_dispatch/middleware/server_timing.rb:61:in 'block in ActionDispatch::ServerTiming#call'
actionpack (8.0.2) lib/action_dispatch/middleware/server_timing.rb:26:in 'ActionDispatch::ServerTiming::Subscriber#collect_events'
actionpack (8.0.2) lib/action_dispatch/middleware/server_timing.rb:60:in 'ActionDispatch::ServerTiming#call'
actionpack (8.0.2) lib/action_dispatch/middleware/executor.rb:16:in 'ActionDispatch::Executor#call'
actionpack (8.0.2) lib/action_dispatch/middleware/static.rb:27:in 'ActionDispatch::Static#call'
rack (3.1.15) lib/rack/sendfile.rb:114:in 'Rack::Sendfile#call'
actionpack (8.0.2) lib/action_dispatch/middleware/host_authorization.rb:143:in 'ActionDispatch::HostAuthorization#call'
railties (8.0.2) lib/rails/engine.rb:535:in 'Rails::Engine#call'
puma (6.6.0) lib/puma/configuration.rb:279:in 'Puma::Configuration::ConfigMiddleware#call'
puma (6.6.0) lib/puma/request.rb:99:in 'block in Puma::Request#handle_request'
puma (6.6.0) lib/puma/thread_pool.rb:390:in 'Puma::ThreadPool#with_force_shutdown'
puma (6.6.0) lib/puma/request.rb:98:in 'Puma::Request#handle_request'
puma (6.6.0) lib/puma/server.rb:472:in 'Puma::Server#process_client'
puma (6.6.0) lib/puma/server.rb:254:in 'block in Puma::Server#run'
puma (6.6.0) lib/puma/thread_pool.rb:167:in 'block in Puma::ThreadPool#spawn_thread'

Information for cause: NameError (uninitialized constant UserController):
  
activesupport (8.0.2) lib/active_support/inflector/methods.rb:290:in 'Module#const_get'
activesupport (8.0.2) lib/active_support/inflector/methods.rb:290:in 'ActiveSupport::Inflector#constantize'
activesupport (8.0.2) lib/active_support/core_ext/string/inflections.rb:74:in 'String#constantize'
actionpack (8.0.2) lib/action_dispatch/http/request.rb:99:in 'ActionDispatch::Request#controller_class_for'
actionpack (8.0.2) lib/action_dispatch/http/request.rb:91:in 'ActionDispatch::Request#controller_class'
actionpack (8.0.2) lib/action_dispatch/routing/route_set.rb:61:in 'ActionDispatch::Routing::RouteSet::Dispatcher#controller'
actionpack (8.0.2) lib/action_dispatch/routing/route_set.rb:48:in 'ActionDispatch::Routing::RouteSet::Dispatcher#serve'
actionpack (8.0.2) lib/action_dispatch/journey/router.rb:53:in 'block in ActionDispatch::Journey::Router#serve'
actionpack (8.0.2) lib/action_dispatch/journey/router.rb:133:in 'block in ActionDispatch::Journey::Router#find_routes'
actionpack (8.0.2) lib/action_dispatch/journey/router.rb:126:in 'Array#each'
actionpack (8.0.2) lib/action_dispatch/journey/router.rb:126:in 'ActionDispatch::Journey::Router#find_routes'
actionpack (8.0.2) lib/action_dispatch/journey/router.rb:34:in 'ActionDispatch::Journey::Router#serve'
actionpack (8.0.2) lib/action_dispatch/routing/route_set.rb:908:in 'ActionDispatch::Routing::RouteSet#call'
railties (8.0.2) lib/rails/engine/lazy_route_set.rb:68:in 'Rails::Engine::LazyRouteSet#call'
rack (3.1.15) lib/rack/tempfile_reaper.rb:20:in 'Rack::TempfileReaper#call'
rack (3.1.15) lib/rack/etag.rb:29:in 'Rack::ETag#call'
rack (3.1.15) lib/rack/conditional_get.rb:43:in 'Rack::ConditionalGet#call'
rack (3.1.15) lib/rack/head.rb:15:in 'Rack::Head#call'
actionpack (8.0.2) lib/action_dispatch/http/permissions_policy.rb:38:in 'ActionDispatch::PermissionsPolicy::Middleware#call'
actionpack (8.0.2) lib/action_dispatch/http/content_security_policy.rb:38:in 'ActionDispatch::ContentSecurityPolicy::Middleware#call'
rack-session (2.1.1) lib/rack/session/abstract/id.rb:274:in 'Rack::Session::Abstract::Persisted#context'
rack-session (2.1.1) lib/rack/session/abstract/id.rb:268:in 'Rack::Session::Abstract::Persisted#call'
actionpack (8.0.2) lib/action_dispatch/middleware/cookies.rb:706:in 'ActionDispatch::Cookies#call'
activerecord (8.0.2) lib/active_record/migration.rb:671:in 'ActiveRecord::Migration::CheckPending#call'
actionpack (8.0.2) lib/action_dispatch/middleware/callbacks.rb:31:in 'block in ActionDispatch::Callbacks#call'
activesupport (8.0.2) lib/active_support/callbacks.rb:100:in 'ActiveSupport::Callbacks#run_callbacks'
actionpack (8.0.2) lib/action_dispatch/middleware/callbacks.rb:30:in 'ActionDispatch::Callbacks#call'
actionpack (8.0.2) lib/action_dispatch/middleware/executor.rb:16:in 'ActionDispatch::Executor#call'
actionpack (8.0.2) lib/action_dispatch/middleware/actionable_exceptions.rb:18:in 'ActionDispatch::ActionableExceptions#call'
actionpack (8.0.2) lib/action_dispatch/middleware/debug_exceptions.rb:31:in 'ActionDispatch::DebugExceptions#call'
web-console (4.2.1) lib/web_console/middleware.rb:132:in 'WebConsole::Middleware#call_app'
web-console (4.2.1) lib/web_console/middleware.rb:28:in 'block in WebConsole::Middleware#call'
web-console (4.2.1) lib/web_console/middleware.rb:17:in 'Kernel#catch'
web-console (4.2.1) lib/web_console/middleware.rb:17:in 'WebConsole::Middleware#call'
actionpack (8.0.2) lib/action_dispatch/middleware/show_exceptions.rb:32:in 'ActionDispatch::ShowExceptions#call'
railties (8.0.2) lib/rails/rack/logger.rb:41:in 'Rails::Rack::Logger#call_app'
railties (8.0.2) lib/rails/rack/logger.rb:29:in 'Rails::Rack::Logger#call'
actionpack (8.0.2) lib/action_dispatch/middleware/remote_ip.rb:96:in 'ActionDispatch::RemoteIp#call'
actionpack (8.0.2) lib/action_dispatch/middleware/request_id.rb:34:in 'ActionDispatch::RequestId#call'
rack (3.1.15) lib/rack/method_override.rb:28:in 'Rack::MethodOverride#call'
rack (3.1.15) lib/rack/runtime.rb:24:in 'Rack::Runtime#call'
actionpack (8.0.2) lib/action_dispatch/middleware/server_timing.rb:61:in 'block in ActionDispatch::ServerTiming#call'
actionpack (8.0.2) lib/action_dispatch/middleware/server_timing.rb:26:in 'ActionDispatch::ServerTiming::Subscriber#collect_events'
actionpack (8.0.2) lib/action_dispatch/middleware/server_timing.rb:60:in 'ActionDispatch::ServerTiming#call'
actionpack (8.0.2) lib/action_dispatch/middleware/executor.rb:16:in 'ActionDispatch::Executor#call'
actionpack (8.0.2) lib/action_dispatch/middleware/static.rb:27:in 'ActionDispatch::Static#call'
rack (3.1.15) lib/rack/sendfile.rb:114:in 'Rack::Sendfile#call'
actionpack (8.0.2) lib/action_dispatch/middleware/host_authorization.rb:143:in 'ActionDispatch::HostAuthorization#call'
railties (8.0.2) lib/rails/engine.rb:535:in 'Rails::Engine#call'
puma (6.6.0) lib/puma/configuration.rb:279:in 'Puma::Configuration::ConfigMiddleware#call'
puma (6.6.0) lib/puma/request.rb:99:in 'block in Puma::Request#handle_request'
puma (6.6.0) lib/puma/thread_pool.rb:390:in 'Puma::ThreadPool#with_force_shutdown'
puma (6.6.0) lib/puma/request.rb:98:in 'Puma::Request#handle_request'
puma (6.6.0) lib/puma/server.rb:472:in 'Puma::Server#process_client'
puma (6.6.0) lib/puma/server.rb:254:in 'block in Puma::Server#run'
puma (6.6.0) lib/puma/thread_pool.rb:167:in 'block in Puma::ThreadPool#spawn_thread'
Started POST "/user" for ::1 at 2025-05-29 10:32:58 +0530
  [1m[36mActiveRecord::SchemaMigration Load (0.9ms)[0m  [1m[34mSELECT "schema_migrations"."version" FROM "schema_migrations" ORDER BY "schema_migrations"."version" ASC /*application='UserManagement'*/[0m
  
ActionController::RoutingError (No route matches [POST] "/user"):
  
Started POST "/users" for ::1 at 2025-05-29 10:33:02 +0530
  
Zeitwerk::NameError (expected file /Users/venkatbalaji/workspace/user_management/app/controllers/users_controller.rb to define constant UsersController, but didn't):
  
zeitwerk (2.7.3) lib/zeitwerk/loader/callbacks.rb:31:in 'Zeitwerk::Loader::Callbacks#on_file_autoloaded'
zeitwerk (2.7.3) lib/zeitwerk/core_ext/kernel.rb:27:in 'Kernel#require'
activesupport (8.0.2) lib/active_support/inflector/methods.rb:290:in 'Module#const_get'
activesupport (8.0.2) lib/active_support/inflector/methods.rb:290:in 'ActiveSupport::Inflector#constantize'
activesupport (8.0.2) lib/active_support/core_ext/string/inflections.rb:74:in 'String#constantize'
actionpack (8.0.2) lib/action_dispatch/http/request.rb:99:in 'ActionDispatch::Request#controller_class_for'
actionpack (8.0.2) lib/action_dispatch/request/utils.rb:108:in 'ActionDispatch::Request::Utils::CustomParamEncoder.action_encoding_template'
actionpack (8.0.2) lib/action_dispatch/request/utils.rb:102:in 'ActionDispatch::Request::Utils::CustomParamEncoder.encode'
actionpack (8.0.2) lib/action_dispatch/request/utils.rb:47:in 'ActionDispatch::Request::Utils.set_binary_encoding'
actionpack (8.0.2) lib/action_dispatch/http/parameters.rb:70:in 'ActionDispatch::Http::Parameters#path_parameters='
actionpack (8.0.2) lib/action_dispatch/journey/router.rb:50:in 'block in ActionDispatch::Journey::Router#serve'
actionpack (8.0.2) lib/action_dispatch/journey/router.rb:133:in 'block in ActionDispatch::Journey::Router#find_routes'
actionpack (8.0.2) lib/action_dispatch/journey/router.rb:126:in 'Array#each'
actionpack (8.0.2) lib/action_dispatch/journey/router.rb:126:in 'ActionDispatch::Journey::Router#find_routes'
actionpack (8.0.2) lib/action_dispatch/journey/router.rb:34:in 'ActionDispatch::Journey::Router#serve'
actionpack (8.0.2) lib/action_dispatch/routing/route_set.rb:908:in 'ActionDispatch::Routing::RouteSet#call'
railties (8.0.2) lib/rails/engine/lazy_route_set.rb:68:in 'Rails::Engine::LazyRouteSet#call'
rack (3.1.15) lib/rack/tempfile_reaper.rb:20:in 'Rack::TempfileReaper#call'
rack (3.1.15) lib/rack/etag.rb:29:in 'Rack::ETag#call'
rack (3.1.15) lib/rack/conditional_get.rb:43:in 'Rack::ConditionalGet#call'
rack (3.1.15) lib/rack/head.rb:15:in 'Rack::Head#call'
actionpack (8.0.2) lib/action_dispatch/http/permissions_policy.rb:38:in 'ActionDispatch::PermissionsPolicy::Middleware#call'
actionpack (8.0.2) lib/action_dispatch/http/content_security_policy.rb:38:in 'ActionDispatch::ContentSecurityPolicy::Middleware#call'
rack-session (2.1.1) lib/rack/session/abstract/id.rb:274:in 'Rack::Session::Abstract::Persisted#context'
rack-session (2.1.1) lib/rack/session/abstract/id.rb:268:in 'Rack::Session::Abstract::Persisted#call'
actionpack (8.0.2) lib/action_dispatch/middleware/cookies.rb:706:in 'ActionDispatch::Cookies#call'
activerecord (8.0.2) lib/active_record/migration.rb:671:in 'ActiveRecord::Migration::CheckPending#call'
actionpack (8.0.2) lib/action_dispatch/middleware/callbacks.rb:31:in 'block in ActionDispatch::Callbacks#call'
activesupport (8.0.2) lib/active_support/callbacks.rb:100:in 'ActiveSupport::Callbacks#run_callbacks'
actionpack (8.0.2) lib/action_dispatch/middleware/callbacks.rb:30:in 'ActionDispatch::Callbacks#call'
actionpack (8.0.2) lib/action_dispatch/middleware/executor.rb:16:in 'ActionDispatch::Executor#call'
actionpack (8.0.2) lib/action_dispatch/middleware/actionable_exceptions.rb:18:in 'ActionDispatch::ActionableExceptions#call'
actionpack (8.0.2) lib/action_dispatch/middleware/debug_exceptions.rb:31:in 'ActionDispatch::DebugExceptions#call'
web-console (4.2.1) lib/web_console/middleware.rb:132:in 'WebConsole::Middleware#call_app'
web-console (4.2.1) lib/web_console/middleware.rb:28:in 'block in WebConsole::Middleware#call'
web-console (4.2.1) lib/web_console/middleware.rb:17:in 'Kernel#catch'
web-console (4.2.1) lib/web_console/middleware.rb:17:in 'WebConsole::Middleware#call'
actionpack (8.0.2) lib/action_dispatch/middleware/show_exceptions.rb:32:in 'ActionDispatch::ShowExceptions#call'
railties (8.0.2) lib/rails/rack/logger.rb:41:in 'Rails::Rack::Logger#call_app'
railties (8.0.2) lib/rails/rack/logger.rb:29:in 'Rails::Rack::Logger#call'
actionpack (8.0.2) lib/action_dispatch/middleware/remote_ip.rb:96:in 'ActionDispatch::RemoteIp#call'
actionpack (8.0.2) lib/action_dispatch/middleware/request_id.rb:34:in 'ActionDispatch::RequestId#call'
rack (3.1.15) lib/rack/method_override.rb:28:in 'Rack::MethodOverride#call'
rack (3.1.15) lib/rack/runtime.rb:24:in 'Rack::Runtime#call'
actionpack (8.0.2) lib/action_dispatch/middleware/server_timing.rb:61:in 'block in ActionDispatch::ServerTiming#call'
actionpack (8.0.2) lib/action_dispatch/middleware/server_timing.rb:26:in 'ActionDispatch::ServerTiming::Subscriber#collect_events'
actionpack (8.0.2) lib/action_dispatch/middleware/server_timing.rb:60:in 'ActionDispatch::ServerTiming#call'
actionpack (8.0.2) lib/action_dispatch/middleware/executor.rb:16:in 'ActionDispatch::Executor#call'
actionpack (8.0.2) lib/action_dispatch/middleware/static.rb:27:in 'ActionDispatch::Static#call'
rack (3.1.15) lib/rack/sendfile.rb:114:in 'Rack::Sendfile#call'
actionpack (8.0.2) lib/action_dispatch/middleware/host_authorization.rb:143:in 'ActionDispatch::HostAuthorization#call'
railties (8.0.2) lib/rails/engine.rb:535:in 'Rails::Engine#call'
puma (6.6.0) lib/puma/configuration.rb:279:in 'Puma::Configuration::ConfigMiddleware#call'
puma (6.6.0) lib/puma/request.rb:99:in 'block in Puma::Request#handle_request'
puma (6.6.0) lib/puma/thread_pool.rb:390:in 'Puma::ThreadPool#with_force_shutdown'
puma (6.6.0) lib/puma/request.rb:98:in 'Puma::Request#handle_request'
puma (6.6.0) lib/puma/server.rb:472:in 'Puma::Server#process_client'
puma (6.6.0) lib/puma/server.rb:254:in 'block in Puma::Server#run'
puma (6.6.0) lib/puma/thread_pool.rb:167:in 'block in Puma::ThreadPool#spawn_thread'
Started GET "/health" for ::1 at 2025-05-29 10:33:03 +0530
Started POST "/users" for ::1 at 2025-05-29 10:33:03 +0530
  
ActionController::RoutingError (uninitialized constant UsersController)
Caused by: ActionDispatch::MissingController (uninitialized constant UsersController)
Caused by: NameError (uninitialized constant UsersController)

Information for: ActionController::RoutingError (uninitialized constant UsersController):
  

Information for cause: ActionDispatch::MissingController (uninitialized constant UsersController):
  
actionpack (8.0.2) lib/action_dispatch/http/request.rb:102:in 'ActionDispatch::Request#controller_class_for'
actionpack (8.0.2) lib/action_dispatch/http/request.rb:91:in 'ActionDispatch::Request#controller_class'
actionpack (8.0.2) lib/action_dispatch/routing/route_set.rb:61:in 'ActionDispatch::Routing::RouteSet::Dispatcher#controller'
actionpack (8.0.2) lib/action_dispatch/routing/route_set.rb:48:in 'ActionDispatch::Routing::RouteSet::Dispatcher#serve'
actionpack (8.0.2) lib/action_dispatch/journey/router.rb:53:in 'block in ActionDispatch::Journey::Router#serve'
actionpack (8.0.2) lib/action_dispatch/journey/router.rb:133:in 'block in ActionDispatch::Journey::Router#find_routes'
actionpack (8.0.2) lib/action_dispatch/journey/router.rb:126:in 'Array#each'
actionpack (8.0.2) lib/action_dispatch/journey/router.rb:126:in 'ActionDispatch::Journey::Router#find_routes'
actionpack (8.0.2) lib/action_dispatch/journey/router.rb:34:in 'ActionDispatch::Journey::Router#serve'
actionpack (8.0.2) lib/action_dispatch/routing/route_set.rb:908:in 'ActionDispatch::Routing::RouteSet#call'
railties (8.0.2) lib/rails/engine/lazy_route_set.rb:68:in 'Rails::Engine::LazyRouteSet#call'
rack (3.1.15) lib/rack/tempfile_reaper.rb:20:in 'Rack::TempfileReaper#call'
rack (3.1.15) lib/rack/etag.rb:29:in 'Rack::ETag#call'
rack (3.1.15) lib/rack/conditional_get.rb:43:in 'Rack::ConditionalGet#call'
rack (3.1.15) lib/rack/head.rb:15:in 'Rack::Head#call'
actionpack (8.0.2) lib/action_dispatch/http/permissions_policy.rb:38:in 'ActionDispatch::PermissionsPolicy::Middleware#call'
actionpack (8.0.2) lib/action_dispatch/http/content_security_policy.rb:38:in 'ActionDispatch::ContentSecurityPolicy::Middleware#call'
rack-session (2.1.1) lib/rack/session/abstract/id.rb:274:in 'Rack::Session::Abstract::Persisted#context'
rack-session (2.1.1) lib/rack/session/abstract/id.rb:268:in 'Rack::Session::Abstract::Persisted#call'
actionpack (8.0.2) lib/action_dispatch/middleware/cookies.rb:706:in 'ActionDispatch::Cookies#call'
activerecord (8.0.2) lib/active_record/migration.rb:671:in 'ActiveRecord::Migration::CheckPending#call'
actionpack (8.0.2) lib/action_dispatch/middleware/callbacks.rb:31:in 'block in ActionDispatch::Callbacks#call'
activesupport (8.0.2) lib/active_support/callbacks.rb:100:in 'ActiveSupport::Callbacks#run_callbacks'
actionpack (8.0.2) lib/action_dispatch/middleware/callbacks.rb:30:in 'ActionDispatch::Callbacks#call'
actionpack (8.0.2) lib/action_dispatch/middleware/executor.rb:16:in 'ActionDispatch::Executor#call'
actionpack (8.0.2) lib/action_dispatch/middleware/actionable_exceptions.rb:18:in 'ActionDispatch::ActionableExceptions#call'
actionpack (8.0.2) lib/action_dispatch/middleware/debug_exceptions.rb:31:in 'ActionDispatch::DebugExceptions#call'
web-console (4.2.1) lib/web_console/middleware.rb:132:in 'WebConsole::Middleware#call_app'
web-console (4.2.1) lib/web_console/middleware.rb:28:in 'block in WebConsole::Middleware#call'
web-console (4.2.1) lib/web_console/middleware.rb:17:in 'Kernel#catch'
web-console (4.2.1) lib/web_console/middleware.rb:17:in 'WebConsole::Middleware#call'
actionpack (8.0.2) lib/action_dispatch/middleware/show_exceptions.rb:32:in 'ActionDispatch::ShowExceptions#call'
railties (8.0.2) lib/rails/rack/logger.rb:41:in 'Rails::Rack::Logger#call_app'
railties (8.0.2) lib/rails/rack/logger.rb:29:in 'Rails::Rack::Logger#call'
actionpack (8.0.2) lib/action_dispatch/middleware/remote_ip.rb:96:in 'ActionDispatch::RemoteIp#call'
actionpack (8.0.2) lib/action_dispatch/middleware/request_id.rb:34:in 'ActionDispatch::RequestId#call'
rack (3.1.15) lib/rack/method_override.rb:28:in 'Rack::MethodOverride#call'
rack (3.1.15) lib/rack/runtime.rb:24:in 'Rack::Runtime#call'
actionpack (8.0.2) lib/action_dispatch/middleware/server_timing.rb:61:in 'block in ActionDispatch::ServerTiming#call'
actionpack (8.0.2) lib/action_dispatch/middleware/server_timing.rb:26:in 'ActionDispatch::ServerTiming::Subscriber#collect_events'
actionpack (8.0.2) lib/action_dispatch/middleware/server_timing.rb:60:in 'ActionDispatch::ServerTiming#call'
actionpack (8.0.2) lib/action_dispatch/middleware/executor.rb:16:in 'ActionDispatch::Executor#call'
actionpack (8.0.2) lib/action_dispatch/middleware/static.rb:27:in 'ActionDispatch::Static#call'
rack (3.1.15) lib/rack/sendfile.rb:114:in 'Rack::Sendfile#call'
actionpack (8.0.2) lib/action_dispatch/middleware/host_authorization.rb:143:in 'ActionDispatch::HostAuthorization#call'
railties (8.0.2) lib/rails/engine.rb:535:in 'Rails::Engine#call'
puma (6.6.0) lib/puma/configuration.rb:279:in 'Puma::Configuration::ConfigMiddleware#call'
puma (6.6.0) lib/puma/request.rb:99:in 'block in Puma::Request#handle_request'
puma (6.6.0) lib/puma/thread_pool.rb:390:in 'Puma::ThreadPool#with_force_shutdown'
puma (6.6.0) lib/puma/request.rb:98:in 'Puma::Request#handle_request'
puma (6.6.0) lib/puma/server.rb:472:in 'Puma::Server#process_client'
puma (6.6.0) lib/puma/server.rb:254:in 'block in Puma::Server#run'
puma (6.6.0) lib/puma/thread_pool.rb:167:in 'block in Puma::ThreadPool#spawn_thread'

Information for cause: NameError (uninitialized constant UsersController):
  
activesupport (8.0.2) lib/active_support/inflector/methods.rb:290:in 'Module#const_get'
activesupport (8.0.2) lib/active_support/inflector/methods.rb:290:in 'ActiveSupport::Inflector#constantize'
activesupport (8.0.2) lib/active_support/core_ext/string/inflections.rb:74:in 'String#constantize'
actionpack (8.0.2) lib/action_dispatch/http/request.rb:99:in 'ActionDispatch::Request#controller_class_for'
actionpack (8.0.2) lib/action_dispatch/http/request.rb:91:in 'ActionDispatch::Request#controller_class'
actionpack (8.0.2) lib/action_dispatch/routing/route_set.rb:61:in 'ActionDispatch::Routing::RouteSet::Dispatcher#controller'
actionpack (8.0.2) lib/action_dispatch/routing/route_set.rb:48:in 'ActionDispatch::Routing::RouteSet::Dispatcher#serve'
actionpack (8.0.2) lib/action_dispatch/journey/router.rb:53:in 'block in ActionDispatch::Journey::Router#serve'
actionpack (8.0.2) lib/action_dispatch/journey/router.rb:133:in 'block in ActionDispatch::Journey::Router#find_routes'
actionpack (8.0.2) lib/action_dispatch/journey/router.rb:126:in 'Array#each'
actionpack (8.0.2) lib/action_dispatch/journey/router.rb:126:in 'ActionDispatch::Journey::Router#find_routes'
actionpack (8.0.2) lib/action_dispatch/journey/router.rb:34:in 'ActionDispatch::Journey::Router#serve'
actionpack (8.0.2) lib/action_dispatch/routing/route_set.rb:908:in 'ActionDispatch::Routing::RouteSet#call'
railties (8.0.2) lib/rails/engine/lazy_route_set.rb:68:in 'Rails::Engine::LazyRouteSet#call'
rack (3.1.15) lib/rack/tempfile_reaper.rb:20:in 'Rack::TempfileReaper#call'
rack (3.1.15) lib/rack/etag.rb:29:in 'Rack::ETag#call'
rack (3.1.15) lib/rack/conditional_get.rb:43:in 'Rack::ConditionalGet#call'
rack (3.1.15) lib/rack/head.rb:15:in 'Rack::Head#call'
actionpack (8.0.2) lib/action_dispatch/http/permissions_policy.rb:38:in 'ActionDispatch::PermissionsPolicy::Middleware#call'
actionpack (8.0.2) lib/action_dispatch/http/content_security_policy.rb:38:in 'ActionDispatch::ContentSecurityPolicy::Middleware#call'
rack-session (2.1.1) lib/rack/session/abstract/id.rb:274:in 'Rack::Session::Abstract::Persisted#context'
rack-session (2.1.1) lib/rack/session/abstract/id.rb:268:in 'Rack::Session::Abstract::Persisted#call'
actionpack (8.0.2) lib/action_dispatch/middleware/cookies.rb:706:in 'ActionDispatch::Cookies#call'
activerecord (8.0.2) lib/active_record/migration.rb:671:in 'ActiveRecord::Migration::CheckPending#call'
actionpack (8.0.2) lib/action_dispatch/middleware/callbacks.rb:31:in 'block in ActionDispatch::Callbacks#call'
activesupport (8.0.2) lib/active_support/callbacks.rb:100:in 'ActiveSupport::Callbacks#run_callbacks'
actionpack (8.0.2) lib/action_dispatch/middleware/callbacks.rb:30:in 'ActionDispatch::Callbacks#call'
actionpack (8.0.2) lib/action_dispatch/middleware/executor.rb:16:in 'ActionDispatch::Executor#call'
actionpack (8.0.2) lib/action_dispatch/middleware/actionable_exceptions.rb:18:in 'ActionDispatch::ActionableExceptions#call'
actionpack (8.0.2) lib/action_dispatch/middleware/debug_exceptions.rb:31:in 'ActionDispatch::DebugExceptions#call'
web-console (4.2.1) lib/web_console/middleware.rb:132:in 'WebConsole::Middleware#call_app'
web-console (4.2.1) lib/web_console/middleware.rb:28:in 'block in WebConsole::Middleware#call'
web-console (4.2.1) lib/web_console/middleware.rb:17:in 'Kernel#catch'
web-console (4.2.1) lib/web_console/middleware.rb:17:in 'WebConsole::Middleware#call'
actionpack (8.0.2) lib/action_dispatch/middleware/show_exceptions.rb:32:in 'ActionDispatch::ShowExceptions#call'
railties (8.0.2) lib/rails/rack/logger.rb:41:in 'Rails::Rack::Logger#call_app'
railties (8.0.2) lib/rails/rack/logger.rb:29:in 'Rails::Rack::Logger#call'
actionpack (8.0.2) lib/action_dispatch/middleware/remote_ip.rb:96:in 'ActionDispatch::RemoteIp#call'
actionpack (8.0.2) lib/action_dispatch/middleware/request_id.rb:34:in 'ActionDispatch::RequestId#call'
rack (3.1.15) lib/rack/method_override.rb:28:in 'Rack::MethodOverride#call'
rack (3.1.15) lib/rack/runtime.rb:24:in 'Rack::Runtime#call'
actionpack (8.0.2) lib/action_dispatch/middleware/server_timing.rb:61:in 'block in ActionDispatch::ServerTiming#call'
actionpack (8.0.2) lib/action_dispatch/middleware/server_timing.rb:26:in 'ActionDispatch::ServerTiming::Subscriber#collect_events'
actionpack (8.0.2) lib/action_dispatch/middleware/server_timing.rb:60:in 'ActionDispatch::ServerTiming#call'
actionpack (8.0.2) lib/action_dispatch/middleware/executor.rb:16:in 'ActionDispatch::Executor#call'
actionpack (8.0.2) lib/action_dispatch/middleware/static.rb:27:in 'ActionDispatch::Static#call'
rack (3.1.15) lib/rack/sendfile.rb:114:in 'Rack::Sendfile#call'
actionpack (8.0.2) lib/action_dispatch/middleware/host_authorization.rb:143:in 'ActionDispatch::HostAuthorization#call'
railties (8.0.2) lib/rails/engine.rb:535:in 'Rails::Engine#call'
puma (6.6.0) lib/puma/configuration.rb:279:in 'Puma::Configuration::ConfigMiddleware#call'
puma (6.6.0) lib/puma/request.rb:99:in 'block in Puma::Request#handle_request'
puma (6.6.0) lib/puma/thread_pool.rb:390:in 'Puma::ThreadPool#with_force_shutdown'
puma (6.6.0) lib/puma/request.rb:98:in 'Puma::Request#handle_request'
puma (6.6.0) lib/puma/server.rb:472:in 'Puma::Server#process_client'
puma (6.6.0) lib/puma/server.rb:254:in 'block in Puma::Server#run'
puma (6.6.0) lib/puma/thread_pool.rb:167:in 'block in Puma::ThreadPool#spawn_thread'
Started GET "/health" for ::1 at 2025-05-29 10:34:03 +0530
  [1m[36mActiveRecord::SchemaMigration Load (1.4ms)[0m  [1m[34mSELECT "schema_migrations"."version" FROM "schema_migrations" ORDER BY "schema_migrations"."version" ASC /*application='UserManagement'*/[0m
Started POST "/users" for ::1 at 2025-05-29 10:34:11 +0530
  
Zeitwerk::NameError (expected file /Users/venkatbalaji/workspace/user_management/app/controllers/users_controller.rb to define constant UsersController, but didn't):
  
zeitwerk (2.7.3) lib/zeitwerk/loader/callbacks.rb:31:in 'Zeitwerk::Loader::Callbacks#on_file_autoloaded'
zeitwerk (2.7.3) lib/zeitwerk/core_ext/kernel.rb:27:in 'Kernel#require'
activesupport (8.0.2) lib/active_support/inflector/methods.rb:290:in 'Module#const_get'
activesupport (8.0.2) lib/active_support/inflector/methods.rb:290:in 'ActiveSupport::Inflector#constantize'
activesupport (8.0.2) lib/active_support/core_ext/string/inflections.rb:74:in 'String#constantize'
actionpack (8.0.2) lib/action_dispatch/http/request.rb:99:in 'ActionDispatch::Request#controller_class_for'
actionpack (8.0.2) lib/action_dispatch/request/utils.rb:108:in 'ActionDispatch::Request::Utils::CustomParamEncoder.action_encoding_template'
actionpack (8.0.2) lib/action_dispatch/request/utils.rb:102:in 'ActionDispatch::Request::Utils::CustomParamEncoder.encode'
actionpack (8.0.2) lib/action_dispatch/request/utils.rb:47:in 'ActionDispatch::Request::Utils.set_binary_encoding'
actionpack (8.0.2) lib/action_dispatch/http/parameters.rb:70:in 'ActionDispatch::Http::Parameters#path_parameters='
actionpack (8.0.2) lib/action_dispatch/journey/router.rb:50:in 'block in ActionDispatch::Journey::Router#serve'
actionpack (8.0.2) lib/action_dispatch/journey/router.rb:133:in 'block in ActionDispatch::Journey::Router#find_routes'
actionpack (8.0.2) lib/action_dispatch/journey/router.rb:126:in 'Array#each'
actionpack (8.0.2) lib/action_dispatch/journey/router.rb:126:in 'ActionDispatch::Journey::Router#find_routes'
actionpack (8.0.2) lib/action_dispatch/journey/router.rb:34:in 'ActionDispatch::Journey::Router#serve'
actionpack (8.0.2) lib/action_dispatch/routing/route_set.rb:908:in 'ActionDispatch::Routing::RouteSet#call'
railties (8.0.2) lib/rails/engine/lazy_route_set.rb:68:in 'Rails::Engine::LazyRouteSet#call'
rack (3.1.15) lib/rack/tempfile_reaper.rb:20:in 'Rack::TempfileReaper#call'
rack (3.1.15) lib/rack/etag.rb:29:in 'Rack::ETag#call'
rack (3.1.15) lib/rack/conditional_get.rb:43:in 'Rack::ConditionalGet#call'
rack (3.1.15) lib/rack/head.rb:15:in 'Rack::Head#call'
actionpack (8.0.2) lib/action_dispatch/http/permissions_policy.rb:38:in 'ActionDispatch::PermissionsPolicy::Middleware#call'
actionpack (8.0.2) lib/action_dispatch/http/content_security_policy.rb:38:in 'ActionDispatch::ContentSecurityPolicy::Middleware#call'
rack-session (2.1.1) lib/rack/session/abstract/id.rb:274:in 'Rack::Session::Abstract::Persisted#context'
rack-session (2.1.1) lib/rack/session/abstract/id.rb:268:in 'Rack::Session::Abstract::Persisted#call'
actionpack (8.0.2) lib/action_dispatch/middleware/cookies.rb:706:in 'ActionDispatch::Cookies#call'
activerecord (8.0.2) lib/active_record/migration.rb:671:in 'ActiveRecord::Migration::CheckPending#call'
actionpack (8.0.2) lib/action_dispatch/middleware/callbacks.rb:31:in 'block in ActionDispatch::Callbacks#call'
activesupport (8.0.2) lib/active_support/callbacks.rb:100:in 'ActiveSupport::Callbacks#run_callbacks'
actionpack (8.0.2) lib/action_dispatch/middleware/callbacks.rb:30:in 'ActionDispatch::Callbacks#call'
actionpack (8.0.2) lib/action_dispatch/middleware/executor.rb:16:in 'ActionDispatch::Executor#call'
actionpack (8.0.2) lib/action_dispatch/middleware/actionable_exceptions.rb:18:in 'ActionDispatch::ActionableExceptions#call'
actionpack (8.0.2) lib/action_dispatch/middleware/debug_exceptions.rb:31:in 'ActionDispatch::DebugExceptions#call'
web-console (4.2.1) lib/web_console/middleware.rb:132:in 'WebConsole::Middleware#call_app'
web-console (4.2.1) lib/web_console/middleware.rb:28:in 'block in WebConsole::Middleware#call'
web-console (4.2.1) lib/web_console/middleware.rb:17:in 'Kernel#catch'
web-console (4.2.1) lib/web_console/middleware.rb:17:in 'WebConsole::Middleware#call'
actionpack (8.0.2) lib/action_dispatch/middleware/show_exceptions.rb:32:in 'ActionDispatch::ShowExceptions#call'
railties (8.0.2) lib/rails/rack/logger.rb:41:in 'Rails::Rack::Logger#call_app'
railties (8.0.2) lib/rails/rack/logger.rb:29:in 'Rails::Rack::Logger#call'
actionpack (8.0.2) lib/action_dispatch/middleware/remote_ip.rb:96:in 'ActionDispatch::RemoteIp#call'
actionpack (8.0.2) lib/action_dispatch/middleware/request_id.rb:34:in 'ActionDispatch::RequestId#call'
rack (3.1.15) lib/rack/method_override.rb:28:in 'Rack::MethodOverride#call'
rack (3.1.15) lib/rack/runtime.rb:24:in 'Rack::Runtime#call'
actionpack (8.0.2) lib/action_dispatch/middleware/server_timing.rb:61:in 'block in ActionDispatch::ServerTiming#call'
actionpack (8.0.2) lib/action_dispatch/middleware/server_timing.rb:26:in 'ActionDispatch::ServerTiming::Subscriber#collect_events'
actionpack (8.0.2) lib/action_dispatch/middleware/server_timing.rb:60:in 'ActionDispatch::ServerTiming#call'
actionpack (8.0.2) lib/action_dispatch/middleware/executor.rb:16:in 'ActionDispatch::Executor#call'
actionpack (8.0.2) lib/action_dispatch/middleware/static.rb:27:in 'ActionDispatch::Static#call'
rack (3.1.15) lib/rack/sendfile.rb:114:in 'Rack::Sendfile#call'
actionpack (8.0.2) lib/action_dispatch/middleware/host_authorization.rb:143:in 'ActionDispatch::HostAuthorization#call'
railties (8.0.2) lib/rails/engine.rb:535:in 'Rails::Engine#call'
puma (6.6.0) lib/puma/configuration.rb:279:in 'Puma::Configuration::ConfigMiddleware#call'
puma (6.6.0) lib/puma/request.rb:99:in 'block in Puma::Request#handle_request'
puma (6.6.0) lib/puma/thread_pool.rb:390:in 'Puma::ThreadPool#with_force_shutdown'
puma (6.6.0) lib/puma/request.rb:98:in 'Puma::Request#handle_request'
puma (6.6.0) lib/puma/server.rb:472:in 'Puma::Server#process_client'
puma (6.6.0) lib/puma/server.rb:254:in 'block in Puma::Server#run'
puma (6.6.0) lib/puma/thread_pool.rb:167:in 'block in Puma::ThreadPool#spawn_thread'
Started POST "/users" for ::1 at 2025-05-29 10:34:12 +0530
  
ActionController::RoutingError (uninitialized constant UsersController)
Caused by: ActionDispatch::MissingController (uninitialized constant UsersController)
Caused by: NameError (uninitialized constant UsersController)

Information for: ActionController::RoutingError (uninitialized constant UsersController):
  

Information for cause: ActionDispatch::MissingController (uninitialized constant UsersController):
  
actionpack (8.0.2) lib/action_dispatch/http/request.rb:102:in 'ActionDispatch::Request#controller_class_for'
actionpack (8.0.2) lib/action_dispatch/http/request.rb:91:in 'ActionDispatch::Request#controller_class'
actionpack (8.0.2) lib/action_dispatch/routing/route_set.rb:61:in 'ActionDispatch::Routing::RouteSet::Dispatcher#controller'
actionpack (8.0.2) lib/action_dispatch/routing/route_set.rb:48:in 'ActionDispatch::Routing::RouteSet::Dispatcher#serve'
actionpack (8.0.2) lib/action_dispatch/journey/router.rb:53:in 'block in ActionDispatch::Journey::Router#serve'
actionpack (8.0.2) lib/action_dispatch/journey/router.rb:133:in 'block in ActionDispatch::Journey::Router#find_routes'
actionpack (8.0.2) lib/action_dispatch/journey/router.rb:126:in 'Array#each'
actionpack (8.0.2) lib/action_dispatch/journey/router.rb:126:in 'ActionDispatch::Journey::Router#find_routes'
actionpack (8.0.2) lib/action_dispatch/journey/router.rb:34:in 'ActionDispatch::Journey::Router#serve'
actionpack (8.0.2) lib/action_dispatch/routing/route_set.rb:908:in 'ActionDispatch::Routing::RouteSet#call'
railties (8.0.2) lib/rails/engine/lazy_route_set.rb:68:in 'Rails::Engine::LazyRouteSet#call'
rack (3.1.15) lib/rack/tempfile_reaper.rb:20:in 'Rack::TempfileReaper#call'
rack (3.1.15) lib/rack/etag.rb:29:in 'Rack::ETag#call'
rack (3.1.15) lib/rack/conditional_get.rb:43:in 'Rack::ConditionalGet#call'
rack (3.1.15) lib/rack/head.rb:15:in 'Rack::Head#call'
actionpack (8.0.2) lib/action_dispatch/http/permissions_policy.rb:38:in 'ActionDispatch::PermissionsPolicy::Middleware#call'
actionpack (8.0.2) lib/action_dispatch/http/content_security_policy.rb:38:in 'ActionDispatch::ContentSecurityPolicy::Middleware#call'
rack-session (2.1.1) lib/rack/session/abstract/id.rb:274:in 'Rack::Session::Abstract::Persisted#context'
rack-session (2.1.1) lib/rack/session/abstract/id.rb:268:in 'Rack::Session::Abstract::Persisted#call'
actionpack (8.0.2) lib/action_dispatch/middleware/cookies.rb:706:in 'ActionDispatch::Cookies#call'
activerecord (8.0.2) lib/active_record/migration.rb:671:in 'ActiveRecord::Migration::CheckPending#call'
actionpack (8.0.2) lib/action_dispatch/middleware/callbacks.rb:31:in 'block in ActionDispatch::Callbacks#call'
activesupport (8.0.2) lib/active_support/callbacks.rb:100:in 'ActiveSupport::Callbacks#run_callbacks'
actionpack (8.0.2) lib/action_dispatch/middleware/callbacks.rb:30:in 'ActionDispatch::Callbacks#call'
actionpack (8.0.2) lib/action_dispatch/middleware/executor.rb:16:in 'ActionDispatch::Executor#call'
actionpack (8.0.2) lib/action_dispatch/middleware/actionable_exceptions.rb:18:in 'ActionDispatch::ActionableExceptions#call'
actionpack (8.0.2) lib/action_dispatch/middleware/debug_exceptions.rb:31:in 'ActionDispatch::DebugExceptions#call'
web-console (4.2.1) lib/web_console/middleware.rb:132:in 'WebConsole::Middleware#call_app'
web-console (4.2.1) lib/web_console/middleware.rb:28:in 'block in WebConsole::Middleware#call'
web-console (4.2.1) lib/web_console/middleware.rb:17:in 'Kernel#catch'
web-console (4.2.1) lib/web_console/middleware.rb:17:in 'WebConsole::Middleware#call'
actionpack (8.0.2) lib/action_dispatch/middleware/show_exceptions.rb:32:in 'ActionDispatch::ShowExceptions#call'
railties (8.0.2) lib/rails/rack/logger.rb:41:in 'Rails::Rack::Logger#call_app'
railties (8.0.2) lib/rails/rack/logger.rb:29:in 'Rails::Rack::Logger#call'
actionpack (8.0.2) lib/action_dispatch/middleware/remote_ip.rb:96:in 'ActionDispatch::RemoteIp#call'
actionpack (8.0.2) lib/action_dispatch/middleware/request_id.rb:34:in 'ActionDispatch::RequestId#call'
rack (3.1.15) lib/rack/method_override.rb:28:in 'Rack::MethodOverride#call'
rack (3.1.15) lib/rack/runtime.rb:24:in 'Rack::Runtime#call'
actionpack (8.0.2) lib/action_dispatch/middleware/server_timing.rb:61:in 'block in ActionDispatch::ServerTiming#call'
actionpack (8.0.2) lib/action_dispatch/middleware/server_timing.rb:26:in 'ActionDispatch::ServerTiming::Subscriber#collect_events'
actionpack (8.0.2) lib/action_dispatch/middleware/server_timing.rb:60:in 'ActionDispatch::ServerTiming#call'
actionpack (8.0.2) lib/action_dispatch/middleware/executor.rb:16:in 'ActionDispatch::Executor#call'
actionpack (8.0.2) lib/action_dispatch/middleware/static.rb:27:in 'ActionDispatch::Static#call'
rack (3.1.15) lib/rack/sendfile.rb:114:in 'Rack::Sendfile#call'
actionpack (8.0.2) lib/action_dispatch/middleware/host_authorization.rb:143:in 'ActionDispatch::HostAuthorization#call'
railties (8.0.2) lib/rails/engine.rb:535:in 'Rails::Engine#call'
puma (6.6.0) lib/puma/configuration.rb:279:in 'Puma::Configuration::ConfigMiddleware#call'
puma (6.6.0) lib/puma/request.rb:99:in 'block in Puma::Request#handle_request'
puma (6.6.0) lib/puma/thread_pool.rb:390:in 'Puma::ThreadPool#with_force_shutdown'
puma (6.6.0) lib/puma/request.rb:98:in 'Puma::Request#handle_request'
puma (6.6.0) lib/puma/server.rb:472:in 'Puma::Server#process_client'
puma (6.6.0) lib/puma/server.rb:254:in 'block in Puma::Server#run'
puma (6.6.0) lib/puma/thread_pool.rb:167:in 'block in Puma::ThreadPool#spawn_thread'

Information for cause: NameError (uninitialized constant UsersController):
  
activesupport (8.0.2) lib/active_support/inflector/methods.rb:290:in 'Module#const_get'
activesupport (8.0.2) lib/active_support/inflector/methods.rb:290:in 'ActiveSupport::Inflector#constantize'
activesupport (8.0.2) lib/active_support/core_ext/string/inflections.rb:74:in 'String#constantize'
actionpack (8.0.2) lib/action_dispatch/http/request.rb:99:in 'ActionDispatch::Request#controller_class_for'
actionpack (8.0.2) lib/action_dispatch/http/request.rb:91:in 'ActionDispatch::Request#controller_class'
actionpack (8.0.2) lib/action_dispatch/routing/route_set.rb:61:in 'ActionDispatch::Routing::RouteSet::Dispatcher#controller'
actionpack (8.0.2) lib/action_dispatch/routing/route_set.rb:48:in 'ActionDispatch::Routing::RouteSet::Dispatcher#serve'
actionpack (8.0.2) lib/action_dispatch/journey/router.rb:53:in 'block in ActionDispatch::Journey::Router#serve'
actionpack (8.0.2) lib/action_dispatch/journey/router.rb:133:in 'block in ActionDispatch::Journey::Router#find_routes'
actionpack (8.0.2) lib/action_dispatch/journey/router.rb:126:in 'Array#each'
actionpack (8.0.2) lib/action_dispatch/journey/router.rb:126:in 'ActionDispatch::Journey::Router#find_routes'
actionpack (8.0.2) lib/action_dispatch/journey/router.rb:34:in 'ActionDispatch::Journey::Router#serve'
actionpack (8.0.2) lib/action_dispatch/routing/route_set.rb:908:in 'ActionDispatch::Routing::RouteSet#call'
railties (8.0.2) lib/rails/engine/lazy_route_set.rb:68:in 'Rails::Engine::LazyRouteSet#call'
rack (3.1.15) lib/rack/tempfile_reaper.rb:20:in 'Rack::TempfileReaper#call'
rack (3.1.15) lib/rack/etag.rb:29:in 'Rack::ETag#call'
rack (3.1.15) lib/rack/conditional_get.rb:43:in 'Rack::ConditionalGet#call'
rack (3.1.15) lib/rack/head.rb:15:in 'Rack::Head#call'
actionpack (8.0.2) lib/action_dispatch/http/permissions_policy.rb:38:in 'ActionDispatch::PermissionsPolicy::Middleware#call'
actionpack (8.0.2) lib/action_dispatch/http/content_security_policy.rb:38:in 'ActionDispatch::ContentSecurityPolicy::Middleware#call'
rack-session (2.1.1) lib/rack/session/abstract/id.rb:274:in 'Rack::Session::Abstract::Persisted#context'
rack-session (2.1.1) lib/rack/session/abstract/id.rb:268:in 'Rack::Session::Abstract::Persisted#call'
actionpack (8.0.2) lib/action_dispatch/middleware/cookies.rb:706:in 'ActionDispatch::Cookies#call'
activerecord (8.0.2) lib/active_record/migration.rb:671:in 'ActiveRecord::Migration::CheckPending#call'
actionpack (8.0.2) lib/action_dispatch/middleware/callbacks.rb:31:in 'block in ActionDispatch::Callbacks#call'
activesupport (8.0.2) lib/active_support/callbacks.rb:100:in 'ActiveSupport::Callbacks#run_callbacks'
actionpack (8.0.2) lib/action_dispatch/middleware/callbacks.rb:30:in 'ActionDispatch::Callbacks#call'
actionpack (8.0.2) lib/action_dispatch/middleware/executor.rb:16:in 'ActionDispatch::Executor#call'
actionpack (8.0.2) lib/action_dispatch/middleware/actionable_exceptions.rb:18:in 'ActionDispatch::ActionableExceptions#call'
actionpack (8.0.2) lib/action_dispatch/middleware/debug_exceptions.rb:31:in 'ActionDispatch::DebugExceptions#call'
web-console (4.2.1) lib/web_console/middleware.rb:132:in 'WebConsole::Middleware#call_app'
web-console (4.2.1) lib/web_console/middleware.rb:28:in 'block in WebConsole::Middleware#call'
web-console (4.2.1) lib/web_console/middleware.rb:17:in 'Kernel#catch'
web-console (4.2.1) lib/web_console/middleware.rb:17:in 'WebConsole::Middleware#call'
actionpack (8.0.2) lib/action_dispatch/middleware/show_exceptions.rb:32:in 'ActionDispatch::ShowExceptions#call'
railties (8.0.2) lib/rails/rack/logger.rb:41:in 'Rails::Rack::Logger#call_app'
railties (8.0.2) lib/rails/rack/logger.rb:29:in 'Rails::Rack::Logger#call'
actionpack (8.0.2) lib/action_dispatch/middleware/remote_ip.rb:96:in 'ActionDispatch::RemoteIp#call'
actionpack (8.0.2) lib/action_dispatch/middleware/request_id.rb:34:in 'ActionDispatch::RequestId#call'
rack (3.1.15) lib/rack/method_override.rb:28:in 'Rack::MethodOverride#call'
rack (3.1.15) lib/rack/runtime.rb:24:in 'Rack::Runtime#call'
actionpack (8.0.2) lib/action_dispatch/middleware/server_timing.rb:61:in 'block in ActionDispatch::ServerTiming#call'
actionpack (8.0.2) lib/action_dispatch/middleware/server_timing.rb:26:in 'ActionDispatch::ServerTiming::Subscriber#collect_events'
actionpack (8.0.2) lib/action_dispatch/middleware/server_timing.rb:60:in 'ActionDispatch::ServerTiming#call'
actionpack (8.0.2) lib/action_dispatch/middleware/executor.rb:16:in 'ActionDispatch::Executor#call'
actionpack (8.0.2) lib/action_dispatch/middleware/static.rb:27:in 'ActionDispatch::Static#call'
rack (3.1.15) lib/rack/sendfile.rb:114:in 'Rack::Sendfile#call'
actionpack (8.0.2) lib/action_dispatch/middleware/host_authorization.rb:143:in 'ActionDispatch::HostAuthorization#call'
railties (8.0.2) lib/rails/engine.rb:535:in 'Rails::Engine#call'
puma (6.6.0) lib/puma/configuration.rb:279:in 'Puma::Configuration::ConfigMiddleware#call'
puma (6.6.0) lib/puma/request.rb:99:in 'block in Puma::Request#handle_request'
puma (6.6.0) lib/puma/thread_pool.rb:390:in 'Puma::ThreadPool#with_force_shutdown'
puma (6.6.0) lib/puma/request.rb:98:in 'Puma::Request#handle_request'
puma (6.6.0) lib/puma/server.rb:472:in 'Puma::Server#process_client'
puma (6.6.0) lib/puma/server.rb:254:in 'block in Puma::Server#run'
puma (6.6.0) lib/puma/thread_pool.rb:167:in 'block in Puma::ThreadPool#spawn_thread'
Started POST "/users" for ::1 at 2025-05-29 10:34:51 +0530
  [1m[36mActiveRecord::SchemaMigration Load (1.4ms)[0m  [1m[34mSELECT "schema_migrations"."version" FROM "schema_migrations" ORDER BY "schema_migrations"."version" ASC /*application='UserManagement'*/[0m
  
Zeitwerk::NameError (expected file /Users/venkatbalaji/workspace/user_management/app/controllers/users_controller.rb to define constant UsersController, but didn't):
  
zeitwerk (2.7.3) lib/zeitwerk/loader/callbacks.rb:31:in 'Zeitwerk::Loader::Callbacks#on_file_autoloaded'
zeitwerk (2.7.3) lib/zeitwerk/core_ext/kernel.rb:27:in 'Kernel#require'
activesupport (8.0.2) lib/active_support/inflector/methods.rb:290:in 'Module#const_get'
activesupport (8.0.2) lib/active_support/inflector/methods.rb:290:in 'ActiveSupport::Inflector#constantize'
activesupport (8.0.2) lib/active_support/core_ext/string/inflections.rb:74:in 'String#constantize'
actionpack (8.0.2) lib/action_dispatch/http/request.rb:99:in 'ActionDispatch::Request#controller_class_for'
actionpack (8.0.2) lib/action_dispatch/request/utils.rb:108:in 'ActionDispatch::Request::Utils::CustomParamEncoder.action_encoding_template'
actionpack (8.0.2) lib/action_dispatch/request/utils.rb:102:in 'ActionDispatch::Request::Utils::CustomParamEncoder.encode'
actionpack (8.0.2) lib/action_dispatch/request/utils.rb:47:in 'ActionDispatch::Request::Utils.set_binary_encoding'
actionpack (8.0.2) lib/action_dispatch/http/parameters.rb:70:in 'ActionDispatch::Http::Parameters#path_parameters='
actionpack (8.0.2) lib/action_dispatch/journey/router.rb:50:in 'block in ActionDispatch::Journey::Router#serve'
actionpack (8.0.2) lib/action_dispatch/journey/router.rb:133:in 'block in ActionDispatch::Journey::Router#find_routes'
actionpack (8.0.2) lib/action_dispatch/journey/router.rb:126:in 'Array#each'
actionpack (8.0.2) lib/action_dispatch/journey/router.rb:126:in 'ActionDispatch::Journey::Router#find_routes'
actionpack (8.0.2) lib/action_dispatch/journey/router.rb:34:in 'ActionDispatch::Journey::Router#serve'
actionpack (8.0.2) lib/action_dispatch/routing/route_set.rb:908:in 'ActionDispatch::Routing::RouteSet#call'
railties (8.0.2) lib/rails/engine/lazy_route_set.rb:68:in 'Rails::Engine::LazyRouteSet#call'
rack (3.1.15) lib/rack/tempfile_reaper.rb:20:in 'Rack::TempfileReaper#call'
rack (3.1.15) lib/rack/etag.rb:29:in 'Rack::ETag#call'
rack (3.1.15) lib/rack/conditional_get.rb:43:in 'Rack::ConditionalGet#call'
rack (3.1.15) lib/rack/head.rb:15:in 'Rack::Head#call'
actionpack (8.0.2) lib/action_dispatch/http/permissions_policy.rb:38:in 'ActionDispatch::PermissionsPolicy::Middleware#call'
actionpack (8.0.2) lib/action_dispatch/http/content_security_policy.rb:38:in 'ActionDispatch::ContentSecurityPolicy::Middleware#call'
rack-session (2.1.1) lib/rack/session/abstract/id.rb:274:in 'Rack::Session::Abstract::Persisted#context'
rack-session (2.1.1) lib/rack/session/abstract/id.rb:268:in 'Rack::Session::Abstract::Persisted#call'
actionpack (8.0.2) lib/action_dispatch/middleware/cookies.rb:706:in 'ActionDispatch::Cookies#call'
activerecord (8.0.2) lib/active_record/migration.rb:671:in 'ActiveRecord::Migration::CheckPending#call'
actionpack (8.0.2) lib/action_dispatch/middleware/callbacks.rb:31:in 'block in ActionDispatch::Callbacks#call'
activesupport (8.0.2) lib/active_support/callbacks.rb:100:in 'ActiveSupport::Callbacks#run_callbacks'
actionpack (8.0.2) lib/action_dispatch/middleware/callbacks.rb:30:in 'ActionDispatch::Callbacks#call'
actionpack (8.0.2) lib/action_dispatch/middleware/executor.rb:16:in 'ActionDispatch::Executor#call'
actionpack (8.0.2) lib/action_dispatch/middleware/actionable_exceptions.rb:18:in 'ActionDispatch::ActionableExceptions#call'
actionpack (8.0.2) lib/action_dispatch/middleware/debug_exceptions.rb:31:in 'ActionDispatch::DebugExceptions#call'
web-console (4.2.1) lib/web_console/middleware.rb:132:in 'WebConsole::Middleware#call_app'
web-console (4.2.1) lib/web_console/middleware.rb:28:in 'block in WebConsole::Middleware#call'
web-console (4.2.1) lib/web_console/middleware.rb:17:in 'Kernel#catch'
web-console (4.2.1) lib/web_console/middleware.rb:17:in 'WebConsole::Middleware#call'
actionpack (8.0.2) lib/action_dispatch/middleware/show_exceptions.rb:32:in 'ActionDispatch::ShowExceptions#call'
railties (8.0.2) lib/rails/rack/logger.rb:41:in 'Rails::Rack::Logger#call_app'
railties (8.0.2) lib/rails/rack/logger.rb:29:in 'Rails::Rack::Logger#call'
actionpack (8.0.2) lib/action_dispatch/middleware/remote_ip.rb:96:in 'ActionDispatch::RemoteIp#call'
actionpack (8.0.2) lib/action_dispatch/middleware/request_id.rb:34:in 'ActionDispatch::RequestId#call'
rack (3.1.15) lib/rack/method_override.rb:28:in 'Rack::MethodOverride#call'
rack (3.1.15) lib/rack/runtime.rb:24:in 'Rack::Runtime#call'
actionpack (8.0.2) lib/action_dispatch/middleware/server_timing.rb:61:in 'block in ActionDispatch::ServerTiming#call'
actionpack (8.0.2) lib/action_dispatch/middleware/server_timing.rb:26:in 'ActionDispatch::ServerTiming::Subscriber#collect_events'
actionpack (8.0.2) lib/action_dispatch/middleware/server_timing.rb:60:in 'ActionDispatch::ServerTiming#call'
actionpack (8.0.2) lib/action_dispatch/middleware/executor.rb:16:in 'ActionDispatch::Executor#call'
actionpack (8.0.2) lib/action_dispatch/middleware/static.rb:27:in 'ActionDispatch::Static#call'
rack (3.1.15) lib/rack/sendfile.rb:114:in 'Rack::Sendfile#call'
actionpack (8.0.2) lib/action_dispatch/middleware/host_authorization.rb:143:in 'ActionDispatch::HostAuthorization#call'
railties (8.0.2) lib/rails/engine.rb:535:in 'Rails::Engine#call'
puma (6.6.0) lib/puma/configuration.rb:279:in 'Puma::Configuration::ConfigMiddleware#call'
puma (6.6.0) lib/puma/request.rb:99:in 'block in Puma::Request#handle_request'
puma (6.6.0) lib/puma/thread_pool.rb:390:in 'Puma::ThreadPool#with_force_shutdown'
puma (6.6.0) lib/puma/request.rb:98:in 'Puma::Request#handle_request'
puma (6.6.0) lib/puma/server.rb:472:in 'Puma::Server#process_client'
puma (6.6.0) lib/puma/server.rb:254:in 'block in Puma::Server#run'
puma (6.6.0) lib/puma/thread_pool.rb:167:in 'block in Puma::ThreadPool#spawn_thread'
Started GET "/health" for ::1 at 2025-05-29 10:35:03 +0530
Started POST "/users" for ::1 at 2025-05-29 10:35:15 +0530
  [1m[36mActiveRecord::SchemaMigration Load (0.8ms)[0m  [1m[34mSELECT "schema_migrations"."version" FROM "schema_migrations" ORDER BY "schema_migrations"."version" ASC /*application='UserManagement'*/[0m
  
ActionController::RoutingError (uninitialized constant UsersController)
Caused by: ActionDispatch::MissingController (uninitialized constant UsersController)
Caused by: NameError (uninitialized constant UsersController)

Information for: ActionController::RoutingError (uninitialized constant UsersController):
  

Information for cause: ActionDispatch::MissingController (uninitialized constant UsersController):
  
actionpack (8.0.2) lib/action_dispatch/http/request.rb:102:in 'ActionDispatch::Request#controller_class_for'
actionpack (8.0.2) lib/action_dispatch/http/request.rb:91:in 'ActionDispatch::Request#controller_class'
actionpack (8.0.2) lib/action_dispatch/routing/route_set.rb:61:in 'ActionDispatch::Routing::RouteSet::Dispatcher#controller'
actionpack (8.0.2) lib/action_dispatch/routing/route_set.rb:48:in 'ActionDispatch::Routing::RouteSet::Dispatcher#serve'
actionpack (8.0.2) lib/action_dispatch/journey/router.rb:53:in 'block in ActionDispatch::Journey::Router#serve'
actionpack (8.0.2) lib/action_dispatch/journey/router.rb:133:in 'block in ActionDispatch::Journey::Router#find_routes'
actionpack (8.0.2) lib/action_dispatch/journey/router.rb:126:in 'Array#each'
actionpack (8.0.2) lib/action_dispatch/journey/router.rb:126:in 'ActionDispatch::Journey::Router#find_routes'
actionpack (8.0.2) lib/action_dispatch/journey/router.rb:34:in 'ActionDispatch::Journey::Router#serve'
actionpack (8.0.2) lib/action_dispatch/routing/route_set.rb:908:in 'ActionDispatch::Routing::RouteSet#call'
railties (8.0.2) lib/rails/engine/lazy_route_set.rb:68:in 'Rails::Engine::LazyRouteSet#call'
rack (3.1.15) lib/rack/tempfile_reaper.rb:20:in 'Rack::TempfileReaper#call'
rack (3.1.15) lib/rack/etag.rb:29:in 'Rack::ETag#call'
rack (3.1.15) lib/rack/conditional_get.rb:43:in 'Rack::ConditionalGet#call'
rack (3.1.15) lib/rack/head.rb:15:in 'Rack::Head#call'
actionpack (8.0.2) lib/action_dispatch/http/permissions_policy.rb:38:in 'ActionDispatch::PermissionsPolicy::Middleware#call'
actionpack (8.0.2) lib/action_dispatch/http/content_security_policy.rb:38:in 'ActionDispatch::ContentSecurityPolicy::Middleware#call'
rack-session (2.1.1) lib/rack/session/abstract/id.rb:274:in 'Rack::Session::Abstract::Persisted#context'
rack-session (2.1.1) lib/rack/session/abstract/id.rb:268:in 'Rack::Session::Abstract::Persisted#call'
actionpack (8.0.2) lib/action_dispatch/middleware/cookies.rb:706:in 'ActionDispatch::Cookies#call'
activerecord (8.0.2) lib/active_record/migration.rb:671:in 'ActiveRecord::Migration::CheckPending#call'
actionpack (8.0.2) lib/action_dispatch/middleware/callbacks.rb:31:in 'block in ActionDispatch::Callbacks#call'
activesupport (8.0.2) lib/active_support/callbacks.rb:100:in 'ActiveSupport::Callbacks#run_callbacks'
actionpack (8.0.2) lib/action_dispatch/middleware/callbacks.rb:30:in 'ActionDispatch::Callbacks#call'
actionpack (8.0.2) lib/action_dispatch/middleware/executor.rb:16:in 'ActionDispatch::Executor#call'
actionpack (8.0.2) lib/action_dispatch/middleware/actionable_exceptions.rb:18:in 'ActionDispatch::ActionableExceptions#call'
actionpack (8.0.2) lib/action_dispatch/middleware/debug_exceptions.rb:31:in 'ActionDispatch::DebugExceptions#call'
web-console (4.2.1) lib/web_console/middleware.rb:132:in 'WebConsole::Middleware#call_app'
web-console (4.2.1) lib/web_console/middleware.rb:28:in 'block in WebConsole::Middleware#call'
web-console (4.2.1) lib/web_console/middleware.rb:17:in 'Kernel#catch'
web-console (4.2.1) lib/web_console/middleware.rb:17:in 'WebConsole::Middleware#call'
actionpack (8.0.2) lib/action_dispatch/middleware/show_exceptions.rb:32:in 'ActionDispatch::ShowExceptions#call'
railties (8.0.2) lib/rails/rack/logger.rb:41:in 'Rails::Rack::Logger#call_app'
railties (8.0.2) lib/rails/rack/logger.rb:29:in 'Rails::Rack::Logger#call'
actionpack (8.0.2) lib/action_dispatch/middleware/remote_ip.rb:96:in 'ActionDispatch::RemoteIp#call'
actionpack (8.0.2) lib/action_dispatch/middleware/request_id.rb:34:in 'ActionDispatch::RequestId#call'
rack (3.1.15) lib/rack/method_override.rb:28:in 'Rack::MethodOverride#call'
rack (3.1.15) lib/rack/runtime.rb:24:in 'Rack::Runtime#call'
actionpack (8.0.2) lib/action_dispatch/middleware/server_timing.rb:61:in 'block in ActionDispatch::ServerTiming#call'
actionpack (8.0.2) lib/action_dispatch/middleware/server_timing.rb:26:in 'ActionDispatch::ServerTiming::Subscriber#collect_events'
actionpack (8.0.2) lib/action_dispatch/middleware/server_timing.rb:60:in 'ActionDispatch::ServerTiming#call'
actionpack (8.0.2) lib/action_dispatch/middleware/executor.rb:16:in 'ActionDispatch::Executor#call'
actionpack (8.0.2) lib/action_dispatch/middleware/static.rb:27:in 'ActionDispatch::Static#call'
rack (3.1.15) lib/rack/sendfile.rb:114:in 'Rack::Sendfile#call'
actionpack (8.0.2) lib/action_dispatch/middleware/host_authorization.rb:143:in 'ActionDispatch::HostAuthorization#call'
railties (8.0.2) lib/rails/engine.rb:535:in 'Rails::Engine#call'
puma (6.6.0) lib/puma/configuration.rb:279:in 'Puma::Configuration::ConfigMiddleware#call'
puma (6.6.0) lib/puma/request.rb:99:in 'block in Puma::Request#handle_request'
puma (6.6.0) lib/puma/thread_pool.rb:390:in 'Puma::ThreadPool#with_force_shutdown'
puma (6.6.0) lib/puma/request.rb:98:in 'Puma::Request#handle_request'
puma (6.6.0) lib/puma/server.rb:472:in 'Puma::Server#process_client'
puma (6.6.0) lib/puma/server.rb:254:in 'block in Puma::Server#run'
puma (6.6.0) lib/puma/thread_pool.rb:167:in 'block in Puma::ThreadPool#spawn_thread'

Information for cause: NameError (uninitialized constant UsersController):
  
activesupport (8.0.2) lib/active_support/inflector/methods.rb:290:in 'ActiveSupport::Inflector#constantize'
activesupport (8.0.2) lib/active_support/core_ext/string/inflections.rb:74:in 'String#constantize'
actionpack (8.0.2) lib/action_dispatch/http/request.rb:99:in 'ActionDispatch::Request#controller_class_for'
actionpack (8.0.2) lib/action_dispatch/http/request.rb:91:in 'ActionDispatch::Request#controller_class'
actionpack (8.0.2) lib/action_dispatch/routing/route_set.rb:61:in 'ActionDispatch::Routing::RouteSet::Dispatcher#controller'
actionpack (8.0.2) lib/action_dispatch/routing/route_set.rb:48:in 'ActionDispatch::Routing::RouteSet::Dispatcher#serve'
actionpack (8.0.2) lib/action_dispatch/journey/router.rb:53:in 'block in ActionDispatch::Journey::Router#serve'
actionpack (8.0.2) lib/action_dispatch/journey/router.rb:133:in 'block in ActionDispatch::Journey::Router#find_routes'
actionpack (8.0.2) lib/action_dispatch/journey/router.rb:126:in 'Array#each'
actionpack (8.0.2) lib/action_dispatch/journey/router.rb:126:in 'ActionDispatch::Journey::Router#find_routes'
actionpack (8.0.2) lib/action_dispatch/journey/router.rb:34:in 'ActionDispatch::Journey::Router#serve'
actionpack (8.0.2) lib/action_dispatch/routing/route_set.rb:908:in 'ActionDispatch::Routing::RouteSet#call'
railties (8.0.2) lib/rails/engine/lazy_route_set.rb:68:in 'Rails::Engine::LazyRouteSet#call'
rack (3.1.15) lib/rack/tempfile_reaper.rb:20:in 'Rack::TempfileReaper#call'
rack (3.1.15) lib/rack/etag.rb:29:in 'Rack::ETag#call'
rack (3.1.15) lib/rack/conditional_get.rb:43:in 'Rack::ConditionalGet#call'
rack (3.1.15) lib/rack/head.rb:15:in 'Rack::Head#call'
actionpack (8.0.2) lib/action_dispatch/http/permissions_policy.rb:38:in 'ActionDispatch::PermissionsPolicy::Middleware#call'
actionpack (8.0.2) lib/action_dispatch/http/content_security_policy.rb:38:in 'ActionDispatch::ContentSecurityPolicy::Middleware#call'
rack-session (2.1.1) lib/rack/session/abstract/id.rb:274:in 'Rack::Session::Abstract::Persisted#context'
rack-session (2.1.1) lib/rack/session/abstract/id.rb:268:in 'Rack::Session::Abstract::Persisted#call'
actionpack (8.0.2) lib/action_dispatch/middleware/cookies.rb:706:in 'ActionDispatch::Cookies#call'
activerecord (8.0.2) lib/active_record/migration.rb:671:in 'ActiveRecord::Migration::CheckPending#call'
actionpack (8.0.2) lib/action_dispatch/middleware/callbacks.rb:31:in 'block in ActionDispatch::Callbacks#call'
activesupport (8.0.2) lib/active_support/callbacks.rb:100:in 'ActiveSupport::Callbacks#run_callbacks'
actionpack (8.0.2) lib/action_dispatch/middleware/callbacks.rb:30:in 'ActionDispatch::Callbacks#call'
actionpack (8.0.2) lib/action_dispatch/middleware/executor.rb:16:in 'ActionDispatch::Executor#call'
actionpack (8.0.2) lib/action_dispatch/middleware/actionable_exceptions.rb:18:in 'ActionDispatch::ActionableExceptions#call'
actionpack (8.0.2) lib/action_dispatch/middleware/debug_exceptions.rb:31:in 'ActionDispatch::DebugExceptions#call'
web-console (4.2.1) lib/web_console/middleware.rb:132:in 'WebConsole::Middleware#call_app'
web-console (4.2.1) lib/web_console/middleware.rb:28:in 'block in WebConsole::Middleware#call'
web-console (4.2.1) lib/web_console/middleware.rb:17:in 'Kernel#catch'
web-console (4.2.1) lib/web_console/middleware.rb:17:in 'WebConsole::Middleware#call'
actionpack (8.0.2) lib/action_dispatch/middleware/show_exceptions.rb:32:in 'ActionDispatch::ShowExceptions#call'
railties (8.0.2) lib/rails/rack/logger.rb:41:in 'Rails::Rack::Logger#call_app'
railties (8.0.2) lib/rails/rack/logger.rb:29:in 'Rails::Rack::Logger#call'
actionpack (8.0.2) lib/action_dispatch/middleware/remote_ip.rb:96:in 'ActionDispatch::RemoteIp#call'
actionpack (8.0.2) lib/action_dispatch/middleware/request_id.rb:34:in 'ActionDispatch::RequestId#call'
rack (3.1.15) lib/rack/method_override.rb:28:in 'Rack::MethodOverride#call'
rack (3.1.15) lib/rack/runtime.rb:24:in 'Rack::Runtime#call'
actionpack (8.0.2) lib/action_dispatch/middleware/server_timing.rb:61:in 'block in ActionDispatch::ServerTiming#call'
actionpack (8.0.2) lib/action_dispatch/middleware/server_timing.rb:26:in 'ActionDispatch::ServerTiming::Subscriber#collect_events'
actionpack (8.0.2) lib/action_dispatch/middleware/server_timing.rb:60:in 'ActionDispatch::ServerTiming#call'
actionpack (8.0.2) lib/action_dispatch/middleware/executor.rb:16:in 'ActionDispatch::Executor#call'
actionpack (8.0.2) lib/action_dispatch/middleware/static.rb:27:in 'ActionDispatch::Static#call'
rack (3.1.15) lib/rack/sendfile.rb:114:in 'Rack::Sendfile#call'
actionpack (8.0.2) lib/action_dispatch/middleware/host_authorization.rb:143:in 'ActionDispatch::HostAuthorization#call'
railties (8.0.2) lib/rails/engine.rb:535:in 'Rails::Engine#call'
puma (6.6.0) lib/puma/configuration.rb:279:in 'Puma::Configuration::ConfigMiddleware#call'
puma (6.6.0) lib/puma/request.rb:99:in 'block in Puma::Request#handle_request'
puma (6.6.0) lib/puma/thread_pool.rb:390:in 'Puma::ThreadPool#with_force_shutdown'
puma (6.6.0) lib/puma/request.rb:98:in 'Puma::Request#handle_request'
puma (6.6.0) lib/puma/server.rb:472:in 'Puma::Server#process_client'
puma (6.6.0) lib/puma/server.rb:254:in 'block in Puma::Server#run'
puma (6.6.0) lib/puma/thread_pool.rb:167:in 'block in Puma::ThreadPool#spawn_thread'
Started POST "/users" for ::1 at 2025-05-29 10:35:26 +0530
  
ActionController::RoutingError (No route matches [POST] "/users"):
  
Started POST "/users" for ::1 at 2025-05-29 10:35:34 +0530
  [1m[36mActiveRecord::SchemaMigration Load (12.2ms)[0m  [1m[34mSELECT "schema_migrations"."version" FROM "schema_migrations" ORDER BY "schema_migrations"."version" ASC /*application='UserManagement'*/[0m
  
ActionController::RoutingError (No route matches [POST] "/users"):
  
Started POST "/user" for ::1 at 2025-05-29 10:35:38 +0530
Processing by UserController#create as */*
  Parameters: {"name" => "venkat", "email" => "[FILTERED]", "password" => "[FILTERED]", "user" => {"name" => "venkat", "email" => "[FILTERED]"}}
[31mUnpermitted parameter: :user. Context: { controller: UserController, action: create, request: #<ActionDispatch::Request:0x00000001260df508>, params: {"name" => "venkat", "email" => "[FILTERED]", "password" => "[FILTERED]", "controller" => "user", "action" => "create", "user" => {"name" => "venkat", "email" => "[FILTERED]"}} }[0m
Completed 409 Conflict in 309ms (Views: 0.6ms | ActiveRecord: 34.9ms (0 queries, 0 cached) | GC: 0.8ms)


Started POST "/login" for ::1 at 2025-05-29 10:35:49 +0530
  
ActionController::RoutingError (uninitialized constant SessionController)
Caused by: ActionDispatch::MissingController (uninitialized constant SessionController)
Caused by: NameError (uninitialized constant SessionController)

Information for: ActionController::RoutingError (uninitialized constant SessionController):
  

Information for cause: ActionDispatch::MissingController (uninitialized constant SessionController):
  
actionpack (8.0.2) lib/action_dispatch/http/request.rb:102:in 'ActionDispatch::Request#controller_class_for'
actionpack (8.0.2) lib/action_dispatch/http/request.rb:91:in 'ActionDispatch::Request#controller_class'
actionpack (8.0.2) lib/action_dispatch/routing/route_set.rb:61:in 'ActionDispatch::Routing::RouteSet::Dispatcher#controller'
actionpack (8.0.2) lib/action_dispatch/routing/route_set.rb:48:in 'ActionDispatch::Routing::RouteSet::Dispatcher#serve'
actionpack (8.0.2) lib/action_dispatch/journey/router.rb:53:in 'block in ActionDispatch::Journey::Router#serve'
actionpack (8.0.2) lib/action_dispatch/journey/router.rb:133:in 'block in ActionDispatch::Journey::Router#find_routes'
actionpack (8.0.2) lib/action_dispatch/journey/router.rb:126:in 'Array#each'
actionpack (8.0.2) lib/action_dispatch/journey/router.rb:126:in 'ActionDispatch::Journey::Router#find_routes'
actionpack (8.0.2) lib/action_dispatch/journey/router.rb:34:in 'ActionDispatch::Journey::Router#serve'
actionpack (8.0.2) lib/action_dispatch/routing/route_set.rb:908:in 'ActionDispatch::Routing::RouteSet#call'
railties (8.0.2) lib/rails/engine/lazy_route_set.rb:68:in 'Rails::Engine::LazyRouteSet#call'
rack (3.1.15) lib/rack/tempfile_reaper.rb:20:in 'Rack::TempfileReaper#call'
rack (3.1.15) lib/rack/etag.rb:29:in 'Rack::ETag#call'
rack (3.1.15) lib/rack/conditional_get.rb:43:in 'Rack::ConditionalGet#call'
rack (3.1.15) lib/rack/head.rb:15:in 'Rack::Head#call'
actionpack (8.0.2) lib/action_dispatch/http/permissions_policy.rb:38:in 'ActionDispatch::PermissionsPolicy::Middleware#call'
actionpack (8.0.2) lib/action_dispatch/http/content_security_policy.rb:38:in 'ActionDispatch::ContentSecurityPolicy::Middleware#call'
rack-session (2.1.1) lib/rack/session/abstract/id.rb:274:in 'Rack::Session::Abstract::Persisted#context'
rack-session (2.1.1) lib/rack/session/abstract/id.rb:268:in 'Rack::Session::Abstract::Persisted#call'
actionpack (8.0.2) lib/action_dispatch/middleware/cookies.rb:706:in 'ActionDispatch::Cookies#call'
activerecord (8.0.2) lib/active_record/migration.rb:671:in 'ActiveRecord::Migration::CheckPending#call'
actionpack (8.0.2) lib/action_dispatch/middleware/callbacks.rb:31:in 'block in ActionDispatch::Callbacks#call'
activesupport (8.0.2) lib/active_support/callbacks.rb:100:in 'ActiveSupport::Callbacks#run_callbacks'
actionpack (8.0.2) lib/action_dispatch/middleware/callbacks.rb:30:in 'ActionDispatch::Callbacks#call'
actionpack (8.0.2) lib/action_dispatch/middleware/executor.rb:16:in 'ActionDispatch::Executor#call'
actionpack (8.0.2) lib/action_dispatch/middleware/actionable_exceptions.rb:18:in 'ActionDispatch::ActionableExceptions#call'
actionpack (8.0.2) lib/action_dispatch/middleware/debug_exceptions.rb:31:in 'ActionDispatch::DebugExceptions#call'
web-console (4.2.1) lib/web_console/middleware.rb:132:in 'WebConsole::Middleware#call_app'
web-console (4.2.1) lib/web_console/middleware.rb:28:in 'block in WebConsole::Middleware#call'
web-console (4.2.1) lib/web_console/middleware.rb:17:in 'Kernel#catch'
web-console (4.2.1) lib/web_console/middleware.rb:17:in 'WebConsole::Middleware#call'
actionpack (8.0.2) lib/action_dispatch/middleware/show_exceptions.rb:32:in 'ActionDispatch::ShowExceptions#call'
railties (8.0.2) lib/rails/rack/logger.rb:41:in 'Rails::Rack::Logger#call_app'
railties (8.0.2) lib/rails/rack/logger.rb:29:in 'Rails::Rack::Logger#call'
actionpack (8.0.2) lib/action_dispatch/middleware/remote_ip.rb:96:in 'ActionDispatch::RemoteIp#call'
actionpack (8.0.2) lib/action_dispatch/middleware/request_id.rb:34:in 'ActionDispatch::RequestId#call'
rack (3.1.15) lib/rack/method_override.rb:28:in 'Rack::MethodOverride#call'
rack (3.1.15) lib/rack/runtime.rb:24:in 'Rack::Runtime#call'
actionpack (8.0.2) lib/action_dispatch/middleware/server_timing.rb:61:in 'block in ActionDispatch::ServerTiming#call'
actionpack (8.0.2) lib/action_dispatch/middleware/server_timing.rb:26:in 'ActionDispatch::ServerTiming::Subscriber#collect_events'
actionpack (8.0.2) lib/action_dispatch/middleware/server_timing.rb:60:in 'ActionDispatch::ServerTiming#call'
actionpack (8.0.2) lib/action_dispatch/middleware/executor.rb:16:in 'ActionDispatch::Executor#call'
actionpack (8.0.2) lib/action_dispatch/middleware/static.rb:27:in 'ActionDispatch::Static#call'
rack (3.1.15) lib/rack/sendfile.rb:114:in 'Rack::Sendfile#call'
actionpack (8.0.2) lib/action_dispatch/middleware/host_authorization.rb:143:in 'ActionDispatch::HostAuthorization#call'
railties (8.0.2) lib/rails/engine.rb:535:in 'Rails::Engine#call'
puma (6.6.0) lib/puma/configuration.rb:279:in 'Puma::Configuration::ConfigMiddleware#call'
puma (6.6.0) lib/puma/request.rb:99:in 'block in Puma::Request#handle_request'
puma (6.6.0) lib/puma/thread_pool.rb:390:in 'Puma::ThreadPool#with_force_shutdown'
puma (6.6.0) lib/puma/request.rb:98:in 'Puma::Request#handle_request'
puma (6.6.0) lib/puma/server.rb:472:in 'Puma::Server#process_client'
puma (6.6.0) lib/puma/server.rb:254:in 'block in Puma::Server#run'
puma (6.6.0) lib/puma/thread_pool.rb:167:in 'block in Puma::ThreadPool#spawn_thread'

Information for cause: NameError (uninitialized constant SessionController):
  
activesupport (8.0.2) lib/active_support/inflector/methods.rb:290:in 'ActiveSupport::Inflector#constantize'
activesupport (8.0.2) lib/active_support/core_ext/string/inflections.rb:74:in 'String#constantize'
actionpack (8.0.2) lib/action_dispatch/http/request.rb:99:in 'ActionDispatch::Request#controller_class_for'
actionpack (8.0.2) lib/action_dispatch/http/request.rb:91:in 'ActionDispatch::Request#controller_class'
actionpack (8.0.2) lib/action_dispatch/routing/route_set.rb:61:in 'ActionDispatch::Routing::RouteSet::Dispatcher#controller'
actionpack (8.0.2) lib/action_dispatch/routing/route_set.rb:48:in 'ActionDispatch::Routing::RouteSet::Dispatcher#serve'
actionpack (8.0.2) lib/action_dispatch/journey/router.rb:53:in 'block in ActionDispatch::Journey::Router#serve'
actionpack (8.0.2) lib/action_dispatch/journey/router.rb:133:in 'block in ActionDispatch::Journey::Router#find_routes'
actionpack (8.0.2) lib/action_dispatch/journey/router.rb:126:in 'Array#each'
actionpack (8.0.2) lib/action_dispatch/journey/router.rb:126:in 'ActionDispatch::Journey::Router#find_routes'
actionpack (8.0.2) lib/action_dispatch/journey/router.rb:34:in 'ActionDispatch::Journey::Router#serve'
actionpack (8.0.2) lib/action_dispatch/routing/route_set.rb:908:in 'ActionDispatch::Routing::RouteSet#call'
railties (8.0.2) lib/rails/engine/lazy_route_set.rb:68:in 'Rails::Engine::LazyRouteSet#call'
rack (3.1.15) lib/rack/tempfile_reaper.rb:20:in 'Rack::TempfileReaper#call'
rack (3.1.15) lib/rack/etag.rb:29:in 'Rack::ETag#call'
rack (3.1.15) lib/rack/conditional_get.rb:43:in 'Rack::ConditionalGet#call'
rack (3.1.15) lib/rack/head.rb:15:in 'Rack::Head#call'
actionpack (8.0.2) lib/action_dispatch/http/permissions_policy.rb:38:in 'ActionDispatch::PermissionsPolicy::Middleware#call'
actionpack (8.0.2) lib/action_dispatch/http/content_security_policy.rb:38:in 'ActionDispatch::ContentSecurityPolicy::Middleware#call'
rack-session (2.1.1) lib/rack/session/abstract/id.rb:274:in 'Rack::Session::Abstract::Persisted#context'
rack-session (2.1.1) lib/rack/session/abstract/id.rb:268:in 'Rack::Session::Abstract::Persisted#call'
actionpack (8.0.2) lib/action_dispatch/middleware/cookies.rb:706:in 'ActionDispatch::Cookies#call'
activerecord (8.0.2) lib/active_record/migration.rb:671:in 'ActiveRecord::Migration::CheckPending#call'
actionpack (8.0.2) lib/action_dispatch/middleware/callbacks.rb:31:in 'block in ActionDispatch::Callbacks#call'
activesupport (8.0.2) lib/active_support/callbacks.rb:100:in 'ActiveSupport::Callbacks#run_callbacks'
actionpack (8.0.2) lib/action_dispatch/middleware/callbacks.rb:30:in 'ActionDispatch::Callbacks#call'
actionpack (8.0.2) lib/action_dispatch/middleware/executor.rb:16:in 'ActionDispatch::Executor#call'
actionpack (8.0.2) lib/action_dispatch/middleware/actionable_exceptions.rb:18:in 'ActionDispatch::ActionableExceptions#call'
actionpack (8.0.2) lib/action_dispatch/middleware/debug_exceptions.rb:31:in 'ActionDispatch::DebugExceptions#call'
web-console (4.2.1) lib/web_console/middleware.rb:132:in 'WebConsole::Middleware#call_app'
web-console (4.2.1) lib/web_console/middleware.rb:28:in 'block in WebConsole::Middleware#call'
web-console (4.2.1) lib/web_console/middleware.rb:17:in 'Kernel#catch'
web-console (4.2.1) lib/web_console/middleware.rb:17:in 'WebConsole::Middleware#call'
actionpack (8.0.2) lib/action_dispatch/middleware/show_exceptions.rb:32:in 'ActionDispatch::ShowExceptions#call'
railties (8.0.2) lib/rails/rack/logger.rb:41:in 'Rails::Rack::Logger#call_app'
railties (8.0.2) lib/rails/rack/logger.rb:29:in 'Rails::Rack::Logger#call'
actionpack (8.0.2) lib/action_dispatch/middleware/remote_ip.rb:96:in 'ActionDispatch::RemoteIp#call'
actionpack (8.0.2) lib/action_dispatch/middleware/request_id.rb:34:in 'ActionDispatch::RequestId#call'
rack (3.1.15) lib/rack/method_override.rb:28:in 'Rack::MethodOverride#call'
rack (3.1.15) lib/rack/runtime.rb:24:in 'Rack::Runtime#call'
actionpack (8.0.2) lib/action_dispatch/middleware/server_timing.rb:61:in 'block in ActionDispatch::ServerTiming#call'
actionpack (8.0.2) lib/action_dispatch/middleware/server_timing.rb:26:in 'ActionDispatch::ServerTiming::Subscriber#collect_events'
actionpack (8.0.2) lib/action_dispatch/middleware/server_timing.rb:60:in 'ActionDispatch::ServerTiming#call'
actionpack (8.0.2) lib/action_dispatch/middleware/executor.rb:16:in 'ActionDispatch::Executor#call'
actionpack (8.0.2) lib/action_dispatch/middleware/static.rb:27:in 'ActionDispatch::Static#call'
rack (3.1.15) lib/rack/sendfile.rb:114:in 'Rack::Sendfile#call'
actionpack (8.0.2) lib/action_dispatch/middleware/host_authorization.rb:143:in 'ActionDispatch::HostAuthorization#call'
railties (8.0.2) lib/rails/engine.rb:535:in 'Rails::Engine#call'
puma (6.6.0) lib/puma/configuration.rb:279:in 'Puma::Configuration::ConfigMiddleware#call'
puma (6.6.0) lib/puma/request.rb:99:in 'block in Puma::Request#handle_request'
puma (6.6.0) lib/puma/thread_pool.rb:390:in 'Puma::ThreadPool#with_force_shutdown'
puma (6.6.0) lib/puma/request.rb:98:in 'Puma::Request#handle_request'
puma (6.6.0) lib/puma/server.rb:472:in 'Puma::Server#process_client'
puma (6.6.0) lib/puma/server.rb:254:in 'block in Puma::Server#run'
puma (6.6.0) lib/puma/thread_pool.rb:167:in 'block in Puma::ThreadPool#spawn_thread'
Started GET "/health" for ::1 at 2025-05-29 10:36:03 +0530
Started GET "/health" for ::1 at 2025-05-29 10:37:03 +0530
Started POST "/login" for ::1 at 2025-05-29 10:38:02 +0530
  
ActionController::RoutingError (uninitialized constant SessionsController)
Caused by: ActionDispatch::MissingController (uninitialized constant SessionsController)
Caused by: NameError (uninitialized constant SessionsController)

Information for: ActionController::RoutingError (uninitialized constant SessionsController):
  

Information for cause: ActionDispatch::MissingController (uninitialized constant SessionsController):
  
actionpack (8.0.2) lib/action_dispatch/http/request.rb:102:in 'ActionDispatch::Request#controller_class_for'
actionpack (8.0.2) lib/action_dispatch/http/request.rb:91:in 'ActionDispatch::Request#controller_class'
actionpack (8.0.2) lib/action_dispatch/routing/route_set.rb:61:in 'ActionDispatch::Routing::RouteSet::Dispatcher#controller'
actionpack (8.0.2) lib/action_dispatch/routing/route_set.rb:48:in 'ActionDispatch::Routing::RouteSet::Dispatcher#serve'
actionpack (8.0.2) lib/action_dispatch/journey/router.rb:53:in 'block in ActionDispatch::Journey::Router#serve'
actionpack (8.0.2) lib/action_dispatch/journey/router.rb:133:in 'block in ActionDispatch::Journey::Router#find_routes'
actionpack (8.0.2) lib/action_dispatch/journey/router.rb:126:in 'Array#each'
actionpack (8.0.2) lib/action_dispatch/journey/router.rb:126:in 'ActionDispatch::Journey::Router#find_routes'
actionpack (8.0.2) lib/action_dispatch/journey/router.rb:34:in 'ActionDispatch::Journey::Router#serve'
actionpack (8.0.2) lib/action_dispatch/routing/route_set.rb:908:in 'ActionDispatch::Routing::RouteSet#call'
railties (8.0.2) lib/rails/engine/lazy_route_set.rb:68:in 'Rails::Engine::LazyRouteSet#call'
rack (3.1.15) lib/rack/tempfile_reaper.rb:20:in 'Rack::TempfileReaper#call'
rack (3.1.15) lib/rack/etag.rb:29:in 'Rack::ETag#call'
rack (3.1.15) lib/rack/conditional_get.rb:43:in 'Rack::ConditionalGet#call'
rack (3.1.15) lib/rack/head.rb:15:in 'Rack::Head#call'
actionpack (8.0.2) lib/action_dispatch/http/permissions_policy.rb:38:in 'ActionDispatch::PermissionsPolicy::Middleware#call'
actionpack (8.0.2) lib/action_dispatch/http/content_security_policy.rb:38:in 'ActionDispatch::ContentSecurityPolicy::Middleware#call'
rack-session (2.1.1) lib/rack/session/abstract/id.rb:274:in 'Rack::Session::Abstract::Persisted#context'
rack-session (2.1.1) lib/rack/session/abstract/id.rb:268:in 'Rack::Session::Abstract::Persisted#call'
actionpack (8.0.2) lib/action_dispatch/middleware/cookies.rb:706:in 'ActionDispatch::Cookies#call'
activerecord (8.0.2) lib/active_record/migration.rb:671:in 'ActiveRecord::Migration::CheckPending#call'
actionpack (8.0.2) lib/action_dispatch/middleware/callbacks.rb:31:in 'block in ActionDispatch::Callbacks#call'
activesupport (8.0.2) lib/active_support/callbacks.rb:100:in 'ActiveSupport::Callbacks#run_callbacks'
actionpack (8.0.2) lib/action_dispatch/middleware/callbacks.rb:30:in 'ActionDispatch::Callbacks#call'
actionpack (8.0.2) lib/action_dispatch/middleware/executor.rb:16:in 'ActionDispatch::Executor#call'
actionpack (8.0.2) lib/action_dispatch/middleware/actionable_exceptions.rb:18:in 'ActionDispatch::ActionableExceptions#call'
actionpack (8.0.2) lib/action_dispatch/middleware/debug_exceptions.rb:31:in 'ActionDispatch::DebugExceptions#call'
web-console (4.2.1) lib/web_console/middleware.rb:132:in 'WebConsole::Middleware#call_app'
web-console (4.2.1) lib/web_console/middleware.rb:28:in 'block in WebConsole::Middleware#call'
web-console (4.2.1) lib/web_console/middleware.rb:17:in 'Kernel#catch'
web-console (4.2.1) lib/web_console/middleware.rb:17:in 'WebConsole::Middleware#call'
actionpack (8.0.2) lib/action_dispatch/middleware/show_exceptions.rb:32:in 'ActionDispatch::ShowExceptions#call'
railties (8.0.2) lib/rails/rack/logger.rb:41:in 'Rails::Rack::Logger#call_app'
railties (8.0.2) lib/rails/rack/logger.rb:29:in 'Rails::Rack::Logger#call'
actionpack (8.0.2) lib/action_dispatch/middleware/remote_ip.rb:96:in 'ActionDispatch::RemoteIp#call'
actionpack (8.0.2) lib/action_dispatch/middleware/request_id.rb:34:in 'ActionDispatch::RequestId#call'
rack (3.1.15) lib/rack/method_override.rb:28:in 'Rack::MethodOverride#call'
rack (3.1.15) lib/rack/runtime.rb:24:in 'Rack::Runtime#call'
actionpack (8.0.2) lib/action_dispatch/middleware/server_timing.rb:61:in 'block in ActionDispatch::ServerTiming#call'
actionpack (8.0.2) lib/action_dispatch/middleware/server_timing.rb:26:in 'ActionDispatch::ServerTiming::Subscriber#collect_events'
actionpack (8.0.2) lib/action_dispatch/middleware/server_timing.rb:60:in 'ActionDispatch::ServerTiming#call'
actionpack (8.0.2) lib/action_dispatch/middleware/executor.rb:16:in 'ActionDispatch::Executor#call'
actionpack (8.0.2) lib/action_dispatch/middleware/static.rb:27:in 'ActionDispatch::Static#call'
rack (3.1.15) lib/rack/sendfile.rb:114:in 'Rack::Sendfile#call'
actionpack (8.0.2) lib/action_dispatch/middleware/host_authorization.rb:143:in 'ActionDispatch::HostAuthorization#call'
railties (8.0.2) lib/rails/engine.rb:535:in 'Rails::Engine#call'
puma (6.6.0) lib/puma/configuration.rb:279:in 'Puma::Configuration::ConfigMiddleware#call'
puma (6.6.0) lib/puma/request.rb:99:in 'block in Puma::Request#handle_request'
puma (6.6.0) lib/puma/thread_pool.rb:390:in 'Puma::ThreadPool#with_force_shutdown'
puma (6.6.0) lib/puma/request.rb:98:in 'Puma::Request#handle_request'
puma (6.6.0) lib/puma/server.rb:472:in 'Puma::Server#process_client'
puma (6.6.0) lib/puma/server.rb:254:in 'block in Puma::Server#run'
puma (6.6.0) lib/puma/thread_pool.rb:167:in 'block in Puma::ThreadPool#spawn_thread'

Information for cause: NameError (uninitialized constant SessionsController):
  
activesupport (8.0.2) lib/active_support/inflector/methods.rb:290:in 'ActiveSupport::Inflector#constantize'
activesupport (8.0.2) lib/active_support/core_ext/string/inflections.rb:74:in 'String#constantize'
actionpack (8.0.2) lib/action_dispatch/http/request.rb:99:in 'ActionDispatch::Request#controller_class_for'
actionpack (8.0.2) lib/action_dispatch/http/request.rb:91:in 'ActionDispatch::Request#controller_class'
actionpack (8.0.2) lib/action_dispatch/routing/route_set.rb:61:in 'ActionDispatch::Routing::RouteSet::Dispatcher#controller'
actionpack (8.0.2) lib/action_dispatch/routing/route_set.rb:48:in 'ActionDispatch::Routing::RouteSet::Dispatcher#serve'
actionpack (8.0.2) lib/action_dispatch/journey/router.rb:53:in 'block in ActionDispatch::Journey::Router#serve'
actionpack (8.0.2) lib/action_dispatch/journey/router.rb:133:in 'block in ActionDispatch::Journey::Router#find_routes'
actionpack (8.0.2) lib/action_dispatch/journey/router.rb:126:in 'Array#each'
actionpack (8.0.2) lib/action_dispatch/journey/router.rb:126:in 'ActionDispatch::Journey::Router#find_routes'
actionpack (8.0.2) lib/action_dispatch/journey/router.rb:34:in 'ActionDispatch::Journey::Router#serve'
actionpack (8.0.2) lib/action_dispatch/routing/route_set.rb:908:in 'ActionDispatch::Routing::RouteSet#call'
railties (8.0.2) lib/rails/engine/lazy_route_set.rb:68:in 'Rails::Engine::LazyRouteSet#call'
rack (3.1.15) lib/rack/tempfile_reaper.rb:20:in 'Rack::TempfileReaper#call'
rack (3.1.15) lib/rack/etag.rb:29:in 'Rack::ETag#call'
rack (3.1.15) lib/rack/conditional_get.rb:43:in 'Rack::ConditionalGet#call'
rack (3.1.15) lib/rack/head.rb:15:in 'Rack::Head#call'
actionpack (8.0.2) lib/action_dispatch/http/permissions_policy.rb:38:in 'ActionDispatch::PermissionsPolicy::Middleware#call'
actionpack (8.0.2) lib/action_dispatch/http/content_security_policy.rb:38:in 'ActionDispatch::ContentSecurityPolicy::Middleware#call'
rack-session (2.1.1) lib/rack/session/abstract/id.rb:274:in 'Rack::Session::Abstract::Persisted#context'
rack-session (2.1.1) lib/rack/session/abstract/id.rb:268:in 'Rack::Session::Abstract::Persisted#call'
actionpack (8.0.2) lib/action_dispatch/middleware/cookies.rb:706:in 'ActionDispatch::Cookies#call'
activerecord (8.0.2) lib/active_record/migration.rb:671:in 'ActiveRecord::Migration::CheckPending#call'
actionpack (8.0.2) lib/action_dispatch/middleware/callbacks.rb:31:in 'block in ActionDispatch::Callbacks#call'
activesupport (8.0.2) lib/active_support/callbacks.rb:100:in 'ActiveSupport::Callbacks#run_callbacks'
actionpack (8.0.2) lib/action_dispatch/middleware/callbacks.rb:30:in 'ActionDispatch::Callbacks#call'
actionpack (8.0.2) lib/action_dispatch/middleware/executor.rb:16:in 'ActionDispatch::Executor#call'
actionpack (8.0.2) lib/action_dispatch/middleware/actionable_exceptions.rb:18:in 'ActionDispatch::ActionableExceptions#call'
actionpack (8.0.2) lib/action_dispatch/middleware/debug_exceptions.rb:31:in 'ActionDispatch::DebugExceptions#call'
web-console (4.2.1) lib/web_console/middleware.rb:132:in 'WebConsole::Middleware#call_app'
web-console (4.2.1) lib/web_console/middleware.rb:28:in 'block in WebConsole::Middleware#call'
web-console (4.2.1) lib/web_console/middleware.rb:17:in 'Kernel#catch'
web-console (4.2.1) lib/web_console/middleware.rb:17:in 'WebConsole::Middleware#call'
actionpack (8.0.2) lib/action_dispatch/middleware/show_exceptions.rb:32:in 'ActionDispatch::ShowExceptions#call'
railties (8.0.2) lib/rails/rack/logger.rb:41:in 'Rails::Rack::Logger#call_app'
railties (8.0.2) lib/rails/rack/logger.rb:29:in 'Rails::Rack::Logger#call'
actionpack (8.0.2) lib/action_dispatch/middleware/remote_ip.rb:96:in 'ActionDispatch::RemoteIp#call'
actionpack (8.0.2) lib/action_dispatch/middleware/request_id.rb:34:in 'ActionDispatch::RequestId#call'
rack (3.1.15) lib/rack/method_override.rb:28:in 'Rack::MethodOverride#call'
rack (3.1.15) lib/rack/runtime.rb:24:in 'Rack::Runtime#call'
actionpack (8.0.2) lib/action_dispatch/middleware/server_timing.rb:61:in 'block in ActionDispatch::ServerTiming#call'
actionpack (8.0.2) lib/action_dispatch/middleware/server_timing.rb:26:in 'ActionDispatch::ServerTiming::Subscriber#collect_events'
actionpack (8.0.2) lib/action_dispatch/middleware/server_timing.rb:60:in 'ActionDispatch::ServerTiming#call'
actionpack (8.0.2) lib/action_dispatch/middleware/executor.rb:16:in 'ActionDispatch::Executor#call'
actionpack (8.0.2) lib/action_dispatch/middleware/static.rb:27:in 'ActionDispatch::Static#call'
rack (3.1.15) lib/rack/sendfile.rb:114:in 'Rack::Sendfile#call'
actionpack (8.0.2) lib/action_dispatch/middleware/host_authorization.rb:143:in 'ActionDispatch::HostAuthorization#call'
railties (8.0.2) lib/rails/engine.rb:535:in 'Rails::Engine#call'
puma (6.6.0) lib/puma/configuration.rb:279:in 'Puma::Configuration::ConfigMiddleware#call'
puma (6.6.0) lib/puma/request.rb:99:in 'block in Puma::Request#handle_request'
puma (6.6.0) lib/puma/thread_pool.rb:390:in 'Puma::ThreadPool#with_force_shutdown'
puma (6.6.0) lib/puma/request.rb:98:in 'Puma::Request#handle_request'
puma (6.6.0) lib/puma/server.rb:472:in 'Puma::Server#process_client'
puma (6.6.0) lib/puma/server.rb:254:in 'block in Puma::Server#run'
puma (6.6.0) lib/puma/thread_pool.rb:167:in 'block in Puma::ThreadPool#spawn_thread'
Started GET "/health" for ::1 at 2025-05-29 10:38:03 +0530
Started POST "/login" for ::1 at 2025-05-29 10:38:42 +0530
  
ActionController::RoutingError (uninitialized constant SessionsController)
Caused by: ActionDispatch::MissingController (uninitialized constant SessionsController)
Caused by: NameError (uninitialized constant SessionsController)

Information for: ActionController::RoutingError (uninitialized constant SessionsController):
  

Information for cause: ActionDispatch::MissingController (uninitialized constant SessionsController):
  
actionpack (8.0.2) lib/action_dispatch/http/request.rb:102:in 'ActionDispatch::Request#controller_class_for'
actionpack (8.0.2) lib/action_dispatch/http/request.rb:91:in 'ActionDispatch::Request#controller_class'
actionpack (8.0.2) lib/action_dispatch/routing/route_set.rb:61:in 'ActionDispatch::Routing::RouteSet::Dispatcher#controller'
actionpack (8.0.2) lib/action_dispatch/routing/route_set.rb:48:in 'ActionDispatch::Routing::RouteSet::Dispatcher#serve'
actionpack (8.0.2) lib/action_dispatch/journey/router.rb:53:in 'block in ActionDispatch::Journey::Router#serve'
actionpack (8.0.2) lib/action_dispatch/journey/router.rb:133:in 'block in ActionDispatch::Journey::Router#find_routes'
actionpack (8.0.2) lib/action_dispatch/journey/router.rb:126:in 'Array#each'
actionpack (8.0.2) lib/action_dispatch/journey/router.rb:126:in 'ActionDispatch::Journey::Router#find_routes'
actionpack (8.0.2) lib/action_dispatch/journey/router.rb:34:in 'ActionDispatch::Journey::Router#serve'
actionpack (8.0.2) lib/action_dispatch/routing/route_set.rb:908:in 'ActionDispatch::Routing::RouteSet#call'
railties (8.0.2) lib/rails/engine/lazy_route_set.rb:68:in 'Rails::Engine::LazyRouteSet#call'
rack (3.1.15) lib/rack/tempfile_reaper.rb:20:in 'Rack::TempfileReaper#call'
rack (3.1.15) lib/rack/etag.rb:29:in 'Rack::ETag#call'
rack (3.1.15) lib/rack/conditional_get.rb:43:in 'Rack::ConditionalGet#call'
rack (3.1.15) lib/rack/head.rb:15:in 'Rack::Head#call'
actionpack (8.0.2) lib/action_dispatch/http/permissions_policy.rb:38:in 'ActionDispatch::PermissionsPolicy::Middleware#call'
actionpack (8.0.2) lib/action_dispatch/http/content_security_policy.rb:38:in 'ActionDispatch::ContentSecurityPolicy::Middleware#call'
rack-session (2.1.1) lib/rack/session/abstract/id.rb:274:in 'Rack::Session::Abstract::Persisted#context'
rack-session (2.1.1) lib/rack/session/abstract/id.rb:268:in 'Rack::Session::Abstract::Persisted#call'
actionpack (8.0.2) lib/action_dispatch/middleware/cookies.rb:706:in 'ActionDispatch::Cookies#call'
activerecord (8.0.2) lib/active_record/migration.rb:671:in 'ActiveRecord::Migration::CheckPending#call'
actionpack (8.0.2) lib/action_dispatch/middleware/callbacks.rb:31:in 'block in ActionDispatch::Callbacks#call'
activesupport (8.0.2) lib/active_support/callbacks.rb:100:in 'ActiveSupport::Callbacks#run_callbacks'
actionpack (8.0.2) lib/action_dispatch/middleware/callbacks.rb:30:in 'ActionDispatch::Callbacks#call'
actionpack (8.0.2) lib/action_dispatch/middleware/executor.rb:16:in 'ActionDispatch::Executor#call'
actionpack (8.0.2) lib/action_dispatch/middleware/actionable_exceptions.rb:18:in 'ActionDispatch::ActionableExceptions#call'
actionpack (8.0.2) lib/action_dispatch/middleware/debug_exceptions.rb:31:in 'ActionDispatch::DebugExceptions#call'
web-console (4.2.1) lib/web_console/middleware.rb:132:in 'WebConsole::Middleware#call_app'
web-console (4.2.1) lib/web_console/middleware.rb:28:in 'block in WebConsole::Middleware#call'
web-console (4.2.1) lib/web_console/middleware.rb:17:in 'Kernel#catch'
web-console (4.2.1) lib/web_console/middleware.rb:17:in 'WebConsole::Middleware#call'
actionpack (8.0.2) lib/action_dispatch/middleware/show_exceptions.rb:32:in 'ActionDispatch::ShowExceptions#call'
railties (8.0.2) lib/rails/rack/logger.rb:41:in 'Rails::Rack::Logger#call_app'
railties (8.0.2) lib/rails/rack/logger.rb:29:in 'Rails::Rack::Logger#call'
actionpack (8.0.2) lib/action_dispatch/middleware/remote_ip.rb:96:in 'ActionDispatch::RemoteIp#call'
actionpack (8.0.2) lib/action_dispatch/middleware/request_id.rb:34:in 'ActionDispatch::RequestId#call'
rack (3.1.15) lib/rack/method_override.rb:28:in 'Rack::MethodOverride#call'
rack (3.1.15) lib/rack/runtime.rb:24:in 'Rack::Runtime#call'
actionpack (8.0.2) lib/action_dispatch/middleware/server_timing.rb:61:in 'block in ActionDispatch::ServerTiming#call'
actionpack (8.0.2) lib/action_dispatch/middleware/server_timing.rb:26:in 'ActionDispatch::ServerTiming::Subscriber#collect_events'
actionpack (8.0.2) lib/action_dispatch/middleware/server_timing.rb:60:in 'ActionDispatch::ServerTiming#call'
actionpack (8.0.2) lib/action_dispatch/middleware/executor.rb:16:in 'ActionDispatch::Executor#call'
actionpack (8.0.2) lib/action_dispatch/middleware/static.rb:27:in 'ActionDispatch::Static#call'
rack (3.1.15) lib/rack/sendfile.rb:114:in 'Rack::Sendfile#call'
actionpack (8.0.2) lib/action_dispatch/middleware/host_authorization.rb:143:in 'ActionDispatch::HostAuthorization#call'
railties (8.0.2) lib/rails/engine.rb:535:in 'Rails::Engine#call'
puma (6.6.0) lib/puma/configuration.rb:279:in 'Puma::Configuration::ConfigMiddleware#call'
puma (6.6.0) lib/puma/request.rb:99:in 'block in Puma::Request#handle_request'
puma (6.6.0) lib/puma/thread_pool.rb:390:in 'Puma::ThreadPool#with_force_shutdown'
puma (6.6.0) lib/puma/request.rb:98:in 'Puma::Request#handle_request'
puma (6.6.0) lib/puma/server.rb:472:in 'Puma::Server#process_client'
puma (6.6.0) lib/puma/server.rb:254:in 'block in Puma::Server#run'
puma (6.6.0) lib/puma/thread_pool.rb:167:in 'block in Puma::ThreadPool#spawn_thread'

Information for cause: NameError (uninitialized constant SessionsController):
  
activesupport (8.0.2) lib/active_support/inflector/methods.rb:290:in 'ActiveSupport::Inflector#constantize'
activesupport (8.0.2) lib/active_support/core_ext/string/inflections.rb:74:in 'String#constantize'
actionpack (8.0.2) lib/action_dispatch/http/request.rb:99:in 'ActionDispatch::Request#controller_class_for'
actionpack (8.0.2) lib/action_dispatch/http/request.rb:91:in 'ActionDispatch::Request#controller_class'
actionpack (8.0.2) lib/action_dispatch/routing/route_set.rb:61:in 'ActionDispatch::Routing::RouteSet::Dispatcher#controller'
actionpack (8.0.2) lib/action_dispatch/routing/route_set.rb:48:in 'ActionDispatch::Routing::RouteSet::Dispatcher#serve'
actionpack (8.0.2) lib/action_dispatch/journey/router.rb:53:in 'block in ActionDispatch::Journey::Router#serve'
actionpack (8.0.2) lib/action_dispatch/journey/router.rb:133:in 'block in ActionDispatch::Journey::Router#find_routes'
actionpack (8.0.2) lib/action_dispatch/journey/router.rb:126:in 'Array#each'
actionpack (8.0.2) lib/action_dispatch/journey/router.rb:126:in 'ActionDispatch::Journey::Router#find_routes'
actionpack (8.0.2) lib/action_dispatch/journey/router.rb:34:in 'ActionDispatch::Journey::Router#serve'
actionpack (8.0.2) lib/action_dispatch/routing/route_set.rb:908:in 'ActionDispatch::Routing::RouteSet#call'
railties (8.0.2) lib/rails/engine/lazy_route_set.rb:68:in 'Rails::Engine::LazyRouteSet#call'
rack (3.1.15) lib/rack/tempfile_reaper.rb:20:in 'Rack::TempfileReaper#call'
rack (3.1.15) lib/rack/etag.rb:29:in 'Rack::ETag#call'
rack (3.1.15) lib/rack/conditional_get.rb:43:in 'Rack::ConditionalGet#call'
rack (3.1.15) lib/rack/head.rb:15:in 'Rack::Head#call'
actionpack (8.0.2) lib/action_dispatch/http/permissions_policy.rb:38:in 'ActionDispatch::PermissionsPolicy::Middleware#call'
actionpack (8.0.2) lib/action_dispatch/http/content_security_policy.rb:38:in 'ActionDispatch::ContentSecurityPolicy::Middleware#call'
rack-session (2.1.1) lib/rack/session/abstract/id.rb:274:in 'Rack::Session::Abstract::Persisted#context'
rack-session (2.1.1) lib/rack/session/abstract/id.rb:268:in 'Rack::Session::Abstract::Persisted#call'
actionpack (8.0.2) lib/action_dispatch/middleware/cookies.rb:706:in 'ActionDispatch::Cookies#call'
activerecord (8.0.2) lib/active_record/migration.rb:671:in 'ActiveRecord::Migration::CheckPending#call'
actionpack (8.0.2) lib/action_dispatch/middleware/callbacks.rb:31:in 'block in ActionDispatch::Callbacks#call'
activesupport (8.0.2) lib/active_support/callbacks.rb:100:in 'ActiveSupport::Callbacks#run_callbacks'
actionpack (8.0.2) lib/action_dispatch/middleware/callbacks.rb:30:in 'ActionDispatch::Callbacks#call'
actionpack (8.0.2) lib/action_dispatch/middleware/executor.rb:16:in 'ActionDispatch::Executor#call'
actionpack (8.0.2) lib/action_dispatch/middleware/actionable_exceptions.rb:18:in 'ActionDispatch::ActionableExceptions#call'
actionpack (8.0.2) lib/action_dispatch/middleware/debug_exceptions.rb:31:in 'ActionDispatch::DebugExceptions#call'
web-console (4.2.1) lib/web_console/middleware.rb:132:in 'WebConsole::Middleware#call_app'
web-console (4.2.1) lib/web_console/middleware.rb:28:in 'block in WebConsole::Middleware#call'
web-console (4.2.1) lib/web_console/middleware.rb:17:in 'Kernel#catch'
web-console (4.2.1) lib/web_console/middleware.rb:17:in 'WebConsole::Middleware#call'
actionpack (8.0.2) lib/action_dispatch/middleware/show_exceptions.rb:32:in 'ActionDispatch::ShowExceptions#call'
railties (8.0.2) lib/rails/rack/logger.rb:41:in 'Rails::Rack::Logger#call_app'
railties (8.0.2) lib/rails/rack/logger.rb:29:in 'Rails::Rack::Logger#call'
actionpack (8.0.2) lib/action_dispatch/middleware/remote_ip.rb:96:in 'ActionDispatch::RemoteIp#call'
actionpack (8.0.2) lib/action_dispatch/middleware/request_id.rb:34:in 'ActionDispatch::RequestId#call'
rack (3.1.15) lib/rack/method_override.rb:28:in 'Rack::MethodOverride#call'
rack (3.1.15) lib/rack/runtime.rb:24:in 'Rack::Runtime#call'
actionpack (8.0.2) lib/action_dispatch/middleware/server_timing.rb:61:in 'block in ActionDispatch::ServerTiming#call'
actionpack (8.0.2) lib/action_dispatch/middleware/server_timing.rb:26:in 'ActionDispatch::ServerTiming::Subscriber#collect_events'
actionpack (8.0.2) lib/action_dispatch/middleware/server_timing.rb:60:in 'ActionDispatch::ServerTiming#call'
actionpack (8.0.2) lib/action_dispatch/middleware/executor.rb:16:in 'ActionDispatch::Executor#call'
actionpack (8.0.2) lib/action_dispatch/middleware/static.rb:27:in 'ActionDispatch::Static#call'
rack (3.1.15) lib/rack/sendfile.rb:114:in 'Rack::Sendfile#call'
actionpack (8.0.2) lib/action_dispatch/middleware/host_authorization.rb:143:in 'ActionDispatch::HostAuthorization#call'
railties (8.0.2) lib/rails/engine.rb:535:in 'Rails::Engine#call'
puma (6.6.0) lib/puma/configuration.rb:279:in 'Puma::Configuration::ConfigMiddleware#call'
puma (6.6.0) lib/puma/request.rb:99:in 'block in Puma::Request#handle_request'
puma (6.6.0) lib/puma/thread_pool.rb:390:in 'Puma::ThreadPool#with_force_shutdown'
puma (6.6.0) lib/puma/request.rb:98:in 'Puma::Request#handle_request'
puma (6.6.0) lib/puma/server.rb:472:in 'Puma::Server#process_client'
puma (6.6.0) lib/puma/server.rb:254:in 'block in Puma::Server#run'
puma (6.6.0) lib/puma/thread_pool.rb:167:in 'block in Puma::ThreadPool#spawn_thread'
Started POST "/login" for ::1 at 2025-05-29 10:38:44 +0530
  
ActionController::RoutingError (uninitialized constant SessionsController)
Caused by: ActionDispatch::MissingController (uninitialized constant SessionsController)
Caused by: NameError (uninitialized constant SessionsController)

Information for: ActionController::RoutingError (uninitialized constant SessionsController):
  

Information for cause: ActionDispatch::MissingController (uninitialized constant SessionsController):
  
actionpack (8.0.2) lib/action_dispatch/http/request.rb:102:in 'ActionDispatch::Request#controller_class_for'
actionpack (8.0.2) lib/action_dispatch/http/request.rb:91:in 'ActionDispatch::Request#controller_class'
actionpack (8.0.2) lib/action_dispatch/routing/route_set.rb:61:in 'ActionDispatch::Routing::RouteSet::Dispatcher#controller'
actionpack (8.0.2) lib/action_dispatch/routing/route_set.rb:48:in 'ActionDispatch::Routing::RouteSet::Dispatcher#serve'
actionpack (8.0.2) lib/action_dispatch/journey/router.rb:53:in 'block in ActionDispatch::Journey::Router#serve'
actionpack (8.0.2) lib/action_dispatch/journey/router.rb:133:in 'block in ActionDispatch::Journey::Router#find_routes'
actionpack (8.0.2) lib/action_dispatch/journey/router.rb:126:in 'Array#each'
actionpack (8.0.2) lib/action_dispatch/journey/router.rb:126:in 'ActionDispatch::Journey::Router#find_routes'
actionpack (8.0.2) lib/action_dispatch/journey/router.rb:34:in 'ActionDispatch::Journey::Router#serve'
actionpack (8.0.2) lib/action_dispatch/routing/route_set.rb:908:in 'ActionDispatch::Routing::RouteSet#call'
railties (8.0.2) lib/rails/engine/lazy_route_set.rb:68:in 'Rails::Engine::LazyRouteSet#call'
rack (3.1.15) lib/rack/tempfile_reaper.rb:20:in 'Rack::TempfileReaper#call'
rack (3.1.15) lib/rack/etag.rb:29:in 'Rack::ETag#call'
rack (3.1.15) lib/rack/conditional_get.rb:43:in 'Rack::ConditionalGet#call'
rack (3.1.15) lib/rack/head.rb:15:in 'Rack::Head#call'
actionpack (8.0.2) lib/action_dispatch/http/permissions_policy.rb:38:in 'ActionDispatch::PermissionsPolicy::Middleware#call'
actionpack (8.0.2) lib/action_dispatch/http/content_security_policy.rb:38:in 'ActionDispatch::ContentSecurityPolicy::Middleware#call'
rack-session (2.1.1) lib/rack/session/abstract/id.rb:274:in 'Rack::Session::Abstract::Persisted#context'
rack-session (2.1.1) lib/rack/session/abstract/id.rb:268:in 'Rack::Session::Abstract::Persisted#call'
actionpack (8.0.2) lib/action_dispatch/middleware/cookies.rb:706:in 'ActionDispatch::Cookies#call'
activerecord (8.0.2) lib/active_record/migration.rb:671:in 'ActiveRecord::Migration::CheckPending#call'
actionpack (8.0.2) lib/action_dispatch/middleware/callbacks.rb:31:in 'block in ActionDispatch::Callbacks#call'
activesupport (8.0.2) lib/active_support/callbacks.rb:100:in 'ActiveSupport::Callbacks#run_callbacks'
actionpack (8.0.2) lib/action_dispatch/middleware/callbacks.rb:30:in 'ActionDispatch::Callbacks#call'
actionpack (8.0.2) lib/action_dispatch/middleware/executor.rb:16:in 'ActionDispatch::Executor#call'
actionpack (8.0.2) lib/action_dispatch/middleware/actionable_exceptions.rb:18:in 'ActionDispatch::ActionableExceptions#call'
actionpack (8.0.2) lib/action_dispatch/middleware/debug_exceptions.rb:31:in 'ActionDispatch::DebugExceptions#call'
web-console (4.2.1) lib/web_console/middleware.rb:132:in 'WebConsole::Middleware#call_app'
web-console (4.2.1) lib/web_console/middleware.rb:28:in 'block in WebConsole::Middleware#call'
web-console (4.2.1) lib/web_console/middleware.rb:17:in 'Kernel#catch'
web-console (4.2.1) lib/web_console/middleware.rb:17:in 'WebConsole::Middleware#call'
actionpack (8.0.2) lib/action_dispatch/middleware/show_exceptions.rb:32:in 'ActionDispatch::ShowExceptions#call'
railties (8.0.2) lib/rails/rack/logger.rb:41:in 'Rails::Rack::Logger#call_app'
railties (8.0.2) lib/rails/rack/logger.rb:29:in 'Rails::Rack::Logger#call'
actionpack (8.0.2) lib/action_dispatch/middleware/remote_ip.rb:96:in 'ActionDispatch::RemoteIp#call'
actionpack (8.0.2) lib/action_dispatch/middleware/request_id.rb:34:in 'ActionDispatch::RequestId#call'
rack (3.1.15) lib/rack/method_override.rb:28:in 'Rack::MethodOverride#call'
rack (3.1.15) lib/rack/runtime.rb:24:in 'Rack::Runtime#call'
actionpack (8.0.2) lib/action_dispatch/middleware/server_timing.rb:61:in 'block in ActionDispatch::ServerTiming#call'
actionpack (8.0.2) lib/action_dispatch/middleware/server_timing.rb:26:in 'ActionDispatch::ServerTiming::Subscriber#collect_events'
actionpack (8.0.2) lib/action_dispatch/middleware/server_timing.rb:60:in 'ActionDispatch::ServerTiming#call'
actionpack (8.0.2) lib/action_dispatch/middleware/executor.rb:16:in 'ActionDispatch::Executor#call'
actionpack (8.0.2) lib/action_dispatch/middleware/static.rb:27:in 'ActionDispatch::Static#call'
rack (3.1.15) lib/rack/sendfile.rb:114:in 'Rack::Sendfile#call'
actionpack (8.0.2) lib/action_dispatch/middleware/host_authorization.rb:143:in 'ActionDispatch::HostAuthorization#call'
railties (8.0.2) lib/rails/engine.rb:535:in 'Rails::Engine#call'
puma (6.6.0) lib/puma/configuration.rb:279:in 'Puma::Configuration::ConfigMiddleware#call'
puma (6.6.0) lib/puma/request.rb:99:in 'block in Puma::Request#handle_request'
puma (6.6.0) lib/puma/thread_pool.rb:390:in 'Puma::ThreadPool#with_force_shutdown'
puma (6.6.0) lib/puma/request.rb:98:in 'Puma::Request#handle_request'
puma (6.6.0) lib/puma/server.rb:472:in 'Puma::Server#process_client'
puma (6.6.0) lib/puma/server.rb:254:in 'block in Puma::Server#run'
puma (6.6.0) lib/puma/thread_pool.rb:167:in 'block in Puma::ThreadPool#spawn_thread'

Information for cause: NameError (uninitialized constant SessionsController):
  
activesupport (8.0.2) lib/active_support/inflector/methods.rb:290:in 'ActiveSupport::Inflector#constantize'
activesupport (8.0.2) lib/active_support/core_ext/string/inflections.rb:74:in 'String#constantize'
actionpack (8.0.2) lib/action_dispatch/http/request.rb:99:in 'ActionDispatch::Request#controller_class_for'
actionpack (8.0.2) lib/action_dispatch/http/request.rb:91:in 'ActionDispatch::Request#controller_class'
actionpack (8.0.2) lib/action_dispatch/routing/route_set.rb:61:in 'ActionDispatch::Routing::RouteSet::Dispatcher#controller'
actionpack (8.0.2) lib/action_dispatch/routing/route_set.rb:48:in 'ActionDispatch::Routing::RouteSet::Dispatcher#serve'
actionpack (8.0.2) lib/action_dispatch/journey/router.rb:53:in 'block in ActionDispatch::Journey::Router#serve'
actionpack (8.0.2) lib/action_dispatch/journey/router.rb:133:in 'block in ActionDispatch::Journey::Router#find_routes'
actionpack (8.0.2) lib/action_dispatch/journey/router.rb:126:in 'Array#each'
actionpack (8.0.2) lib/action_dispatch/journey/router.rb:126:in 'ActionDispatch::Journey::Router#find_routes'
actionpack (8.0.2) lib/action_dispatch/journey/router.rb:34:in 'ActionDispatch::Journey::Router#serve'
actionpack (8.0.2) lib/action_dispatch/routing/route_set.rb:908:in 'ActionDispatch::Routing::RouteSet#call'
railties (8.0.2) lib/rails/engine/lazy_route_set.rb:68:in 'Rails::Engine::LazyRouteSet#call'
rack (3.1.15) lib/rack/tempfile_reaper.rb:20:in 'Rack::TempfileReaper#call'
rack (3.1.15) lib/rack/etag.rb:29:in 'Rack::ETag#call'
rack (3.1.15) lib/rack/conditional_get.rb:43:in 'Rack::ConditionalGet#call'
rack (3.1.15) lib/rack/head.rb:15:in 'Rack::Head#call'
actionpack (8.0.2) lib/action_dispatch/http/permissions_policy.rb:38:in 'ActionDispatch::PermissionsPolicy::Middleware#call'
actionpack (8.0.2) lib/action_dispatch/http/content_security_policy.rb:38:in 'ActionDispatch::ContentSecurityPolicy::Middleware#call'
rack-session (2.1.1) lib/rack/session/abstract/id.rb:274:in 'Rack::Session::Abstract::Persisted#context'
rack-session (2.1.1) lib/rack/session/abstract/id.rb:268:in 'Rack::Session::Abstract::Persisted#call'
actionpack (8.0.2) lib/action_dispatch/middleware/cookies.rb:706:in 'ActionDispatch::Cookies#call'
activerecord (8.0.2) lib/active_record/migration.rb:671:in 'ActiveRecord::Migration::CheckPending#call'
actionpack (8.0.2) lib/action_dispatch/middleware/callbacks.rb:31:in 'block in ActionDispatch::Callbacks#call'
activesupport (8.0.2) lib/active_support/callbacks.rb:100:in 'ActiveSupport::Callbacks#run_callbacks'
actionpack (8.0.2) lib/action_dispatch/middleware/callbacks.rb:30:in 'ActionDispatch::Callbacks#call'
actionpack (8.0.2) lib/action_dispatch/middleware/executor.rb:16:in 'ActionDispatch::Executor#call'
actionpack (8.0.2) lib/action_dispatch/middleware/actionable_exceptions.rb:18:in 'ActionDispatch::ActionableExceptions#call'
actionpack (8.0.2) lib/action_dispatch/middleware/debug_exceptions.rb:31:in 'ActionDispatch::DebugExceptions#call'
web-console (4.2.1) lib/web_console/middleware.rb:132:in 'WebConsole::Middleware#call_app'
web-console (4.2.1) lib/web_console/middleware.rb:28:in 'block in WebConsole::Middleware#call'
web-console (4.2.1) lib/web_console/middleware.rb:17:in 'Kernel#catch'
web-console (4.2.1) lib/web_console/middleware.rb:17:in 'WebConsole::Middleware#call'
actionpack (8.0.2) lib/action_dispatch/middleware/show_exceptions.rb:32:in 'ActionDispatch::ShowExceptions#call'
railties (8.0.2) lib/rails/rack/logger.rb:41:in 'Rails::Rack::Logger#call_app'
railties (8.0.2) lib/rails/rack/logger.rb:29:in 'Rails::Rack::Logger#call'
actionpack (8.0.2) lib/action_dispatch/middleware/remote_ip.rb:96:in 'ActionDispatch::RemoteIp#call'
actionpack (8.0.2) lib/action_dispatch/middleware/request_id.rb:34:in 'ActionDispatch::RequestId#call'
rack (3.1.15) lib/rack/method_override.rb:28:in 'Rack::MethodOverride#call'
rack (3.1.15) lib/rack/runtime.rb:24:in 'Rack::Runtime#call'
actionpack (8.0.2) lib/action_dispatch/middleware/server_timing.rb:61:in 'block in ActionDispatch::ServerTiming#call'
actionpack (8.0.2) lib/action_dispatch/middleware/server_timing.rb:26:in 'ActionDispatch::ServerTiming::Subscriber#collect_events'
actionpack (8.0.2) lib/action_dispatch/middleware/server_timing.rb:60:in 'ActionDispatch::ServerTiming#call'
actionpack (8.0.2) lib/action_dispatch/middleware/executor.rb:16:in 'ActionDispatch::Executor#call'
actionpack (8.0.2) lib/action_dispatch/middleware/static.rb:27:in 'ActionDispatch::Static#call'
rack (3.1.15) lib/rack/sendfile.rb:114:in 'Rack::Sendfile#call'
actionpack (8.0.2) lib/action_dispatch/middleware/host_authorization.rb:143:in 'ActionDispatch::HostAuthorization#call'
railties (8.0.2) lib/rails/engine.rb:535:in 'Rails::Engine#call'
puma (6.6.0) lib/puma/configuration.rb:279:in 'Puma::Configuration::ConfigMiddleware#call'
puma (6.6.0) lib/puma/request.rb:99:in 'block in Puma::Request#handle_request'
puma (6.6.0) lib/puma/thread_pool.rb:390:in 'Puma::ThreadPool#with_force_shutdown'
puma (6.6.0) lib/puma/request.rb:98:in 'Puma::Request#handle_request'
puma (6.6.0) lib/puma/server.rb:472:in 'Puma::Server#process_client'
puma (6.6.0) lib/puma/server.rb:254:in 'block in Puma::Server#run'
puma (6.6.0) lib/puma/thread_pool.rb:167:in 'block in Puma::ThreadPool#spawn_thread'
Started POST "/login" for ::1 at 2025-05-29 10:38:49 +0530
  [1m[36mActiveRecord::SchemaMigration Load (1.4ms)[0m  [1m[34mSELECT "schema_migrations"."version" FROM "schema_migrations" ORDER BY "schema_migrations"."version" ASC /*application='UserManagement'*/[0m
  
ActionController::RoutingError (uninitialized constant SessionsController)
Caused by: ActionDispatch::MissingController (uninitialized constant SessionsController)
Caused by: NameError (uninitialized constant SessionsController)

Information for: ActionController::RoutingError (uninitialized constant SessionsController):
  

Information for cause: ActionDispatch::MissingController (uninitialized constant SessionsController):
  
actionpack (8.0.2) lib/action_dispatch/http/request.rb:102:in 'ActionDispatch::Request#controller_class_for'
actionpack (8.0.2) lib/action_dispatch/http/request.rb:91:in 'ActionDispatch::Request#controller_class'
actionpack (8.0.2) lib/action_dispatch/routing/route_set.rb:61:in 'ActionDispatch::Routing::RouteSet::Dispatcher#controller'
actionpack (8.0.2) lib/action_dispatch/routing/route_set.rb:48:in 'ActionDispatch::Routing::RouteSet::Dispatcher#serve'
actionpack (8.0.2) lib/action_dispatch/journey/router.rb:53:in 'block in ActionDispatch::Journey::Router#serve'
actionpack (8.0.2) lib/action_dispatch/journey/router.rb:133:in 'block in ActionDispatch::Journey::Router#find_routes'
actionpack (8.0.2) lib/action_dispatch/journey/router.rb:126:in 'Array#each'
actionpack (8.0.2) lib/action_dispatch/journey/router.rb:126:in 'ActionDispatch::Journey::Router#find_routes'
actionpack (8.0.2) lib/action_dispatch/journey/router.rb:34:in 'ActionDispatch::Journey::Router#serve'
actionpack (8.0.2) lib/action_dispatch/routing/route_set.rb:908:in 'ActionDispatch::Routing::RouteSet#call'
railties (8.0.2) lib/rails/engine/lazy_route_set.rb:68:in 'Rails::Engine::LazyRouteSet#call'
rack (3.1.15) lib/rack/tempfile_reaper.rb:20:in 'Rack::TempfileReaper#call'
rack (3.1.15) lib/rack/etag.rb:29:in 'Rack::ETag#call'
rack (3.1.15) lib/rack/conditional_get.rb:43:in 'Rack::ConditionalGet#call'
rack (3.1.15) lib/rack/head.rb:15:in 'Rack::Head#call'
actionpack (8.0.2) lib/action_dispatch/http/permissions_policy.rb:38:in 'ActionDispatch::PermissionsPolicy::Middleware#call'
actionpack (8.0.2) lib/action_dispatch/http/content_security_policy.rb:38:in 'ActionDispatch::ContentSecurityPolicy::Middleware#call'
rack-session (2.1.1) lib/rack/session/abstract/id.rb:274:in 'Rack::Session::Abstract::Persisted#context'
rack-session (2.1.1) lib/rack/session/abstract/id.rb:268:in 'Rack::Session::Abstract::Persisted#call'
actionpack (8.0.2) lib/action_dispatch/middleware/cookies.rb:706:in 'ActionDispatch::Cookies#call'
activerecord (8.0.2) lib/active_record/migration.rb:671:in 'ActiveRecord::Migration::CheckPending#call'
actionpack (8.0.2) lib/action_dispatch/middleware/callbacks.rb:31:in 'block in ActionDispatch::Callbacks#call'
activesupport (8.0.2) lib/active_support/callbacks.rb:100:in 'ActiveSupport::Callbacks#run_callbacks'
actionpack (8.0.2) lib/action_dispatch/middleware/callbacks.rb:30:in 'ActionDispatch::Callbacks#call'
actionpack (8.0.2) lib/action_dispatch/middleware/executor.rb:16:in 'ActionDispatch::Executor#call'
actionpack (8.0.2) lib/action_dispatch/middleware/actionable_exceptions.rb:18:in 'ActionDispatch::ActionableExceptions#call'
actionpack (8.0.2) lib/action_dispatch/middleware/debug_exceptions.rb:31:in 'ActionDispatch::DebugExceptions#call'
web-console (4.2.1) lib/web_console/middleware.rb:132:in 'WebConsole::Middleware#call_app'
web-console (4.2.1) lib/web_console/middleware.rb:28:in 'block in WebConsole::Middleware#call'
web-console (4.2.1) lib/web_console/middleware.rb:17:in 'Kernel#catch'
web-console (4.2.1) lib/web_console/middleware.rb:17:in 'WebConsole::Middleware#call'
actionpack (8.0.2) lib/action_dispatch/middleware/show_exceptions.rb:32:in 'ActionDispatch::ShowExceptions#call'
railties (8.0.2) lib/rails/rack/logger.rb:41:in 'Rails::Rack::Logger#call_app'
railties (8.0.2) lib/rails/rack/logger.rb:29:in 'Rails::Rack::Logger#call'
actionpack (8.0.2) lib/action_dispatch/middleware/remote_ip.rb:96:in 'ActionDispatch::RemoteIp#call'
actionpack (8.0.2) lib/action_dispatch/middleware/request_id.rb:34:in 'ActionDispatch::RequestId#call'
rack (3.1.15) lib/rack/method_override.rb:28:in 'Rack::MethodOverride#call'
rack (3.1.15) lib/rack/runtime.rb:24:in 'Rack::Runtime#call'
actionpack (8.0.2) lib/action_dispatch/middleware/server_timing.rb:61:in 'block in ActionDispatch::ServerTiming#call'
actionpack (8.0.2) lib/action_dispatch/middleware/server_timing.rb:26:in 'ActionDispatch::ServerTiming::Subscriber#collect_events'
actionpack (8.0.2) lib/action_dispatch/middleware/server_timing.rb:60:in 'ActionDispatch::ServerTiming#call'
actionpack (8.0.2) lib/action_dispatch/middleware/executor.rb:16:in 'ActionDispatch::Executor#call'
actionpack (8.0.2) lib/action_dispatch/middleware/static.rb:27:in 'ActionDispatch::Static#call'
rack (3.1.15) lib/rack/sendfile.rb:114:in 'Rack::Sendfile#call'
actionpack (8.0.2) lib/action_dispatch/middleware/host_authorization.rb:143:in 'ActionDispatch::HostAuthorization#call'
railties (8.0.2) lib/rails/engine.rb:535:in 'Rails::Engine#call'
puma (6.6.0) lib/puma/configuration.rb:279:in 'Puma::Configuration::ConfigMiddleware#call'
puma (6.6.0) lib/puma/request.rb:99:in 'block in Puma::Request#handle_request'
puma (6.6.0) lib/puma/thread_pool.rb:390:in 'Puma::ThreadPool#with_force_shutdown'
puma (6.6.0) lib/puma/request.rb:98:in 'Puma::Request#handle_request'
puma (6.6.0) lib/puma/server.rb:472:in 'Puma::Server#process_client'
puma (6.6.0) lib/puma/server.rb:254:in 'block in Puma::Server#run'
puma (6.6.0) lib/puma/thread_pool.rb:167:in 'block in Puma::ThreadPool#spawn_thread'

Information for cause: NameError (uninitialized constant SessionsController):
  
activesupport (8.0.2) lib/active_support/inflector/methods.rb:290:in 'ActiveSupport::Inflector#constantize'
activesupport (8.0.2) lib/active_support/core_ext/string/inflections.rb:74:in 'String#constantize'
actionpack (8.0.2) lib/action_dispatch/http/request.rb:99:in 'ActionDispatch::Request#controller_class_for'
actionpack (8.0.2) lib/action_dispatch/http/request.rb:91:in 'ActionDispatch::Request#controller_class'
actionpack (8.0.2) lib/action_dispatch/routing/route_set.rb:61:in 'ActionDispatch::Routing::RouteSet::Dispatcher#controller'
actionpack (8.0.2) lib/action_dispatch/routing/route_set.rb:48:in 'ActionDispatch::Routing::RouteSet::Dispatcher#serve'
actionpack (8.0.2) lib/action_dispatch/journey/router.rb:53:in 'block in ActionDispatch::Journey::Router#serve'
actionpack (8.0.2) lib/action_dispatch/journey/router.rb:133:in 'block in ActionDispatch::Journey::Router#find_routes'
actionpack (8.0.2) lib/action_dispatch/journey/router.rb:126:in 'Array#each'
actionpack (8.0.2) lib/action_dispatch/journey/router.rb:126:in 'ActionDispatch::Journey::Router#find_routes'
actionpack (8.0.2) lib/action_dispatch/journey/router.rb:34:in 'ActionDispatch::Journey::Router#serve'
actionpack (8.0.2) lib/action_dispatch/routing/route_set.rb:908:in 'ActionDispatch::Routing::RouteSet#call'
railties (8.0.2) lib/rails/engine/lazy_route_set.rb:68:in 'Rails::Engine::LazyRouteSet#call'
rack (3.1.15) lib/rack/tempfile_reaper.rb:20:in 'Rack::TempfileReaper#call'
rack (3.1.15) lib/rack/etag.rb:29:in 'Rack::ETag#call'
rack (3.1.15) lib/rack/conditional_get.rb:43:in 'Rack::ConditionalGet#call'
rack (3.1.15) lib/rack/head.rb:15:in 'Rack::Head#call'
actionpack (8.0.2) lib/action_dispatch/http/permissions_policy.rb:38:in 'ActionDispatch::PermissionsPolicy::Middleware#call'
actionpack (8.0.2) lib/action_dispatch/http/content_security_policy.rb:38:in 'ActionDispatch::ContentSecurityPolicy::Middleware#call'
rack-session (2.1.1) lib/rack/session/abstract/id.rb:274:in 'Rack::Session::Abstract::Persisted#context'
rack-session (2.1.1) lib/rack/session/abstract/id.rb:268:in 'Rack::Session::Abstract::Persisted#call'
actionpack (8.0.2) lib/action_dispatch/middleware/cookies.rb:706:in 'ActionDispatch::Cookies#call'
activerecord (8.0.2) lib/active_record/migration.rb:671:in 'ActiveRecord::Migration::CheckPending#call'
actionpack (8.0.2) lib/action_dispatch/middleware/callbacks.rb:31:in 'block in ActionDispatch::Callbacks#call'
activesupport (8.0.2) lib/active_support/callbacks.rb:100:in 'ActiveSupport::Callbacks#run_callbacks'
actionpack (8.0.2) lib/action_dispatch/middleware/callbacks.rb:30:in 'ActionDispatch::Callbacks#call'
actionpack (8.0.2) lib/action_dispatch/middleware/executor.rb:16:in 'ActionDispatch::Executor#call'
actionpack (8.0.2) lib/action_dispatch/middleware/actionable_exceptions.rb:18:in 'ActionDispatch::ActionableExceptions#call'
actionpack (8.0.2) lib/action_dispatch/middleware/debug_exceptions.rb:31:in 'ActionDispatch::DebugExceptions#call'
web-console (4.2.1) lib/web_console/middleware.rb:132:in 'WebConsole::Middleware#call_app'
web-console (4.2.1) lib/web_console/middleware.rb:28:in 'block in WebConsole::Middleware#call'
web-console (4.2.1) lib/web_console/middleware.rb:17:in 'Kernel#catch'
web-console (4.2.1) lib/web_console/middleware.rb:17:in 'WebConsole::Middleware#call'
actionpack (8.0.2) lib/action_dispatch/middleware/show_exceptions.rb:32:in 'ActionDispatch::ShowExceptions#call'
railties (8.0.2) lib/rails/rack/logger.rb:41:in 'Rails::Rack::Logger#call_app'
railties (8.0.2) lib/rails/rack/logger.rb:29:in 'Rails::Rack::Logger#call'
actionpack (8.0.2) lib/action_dispatch/middleware/remote_ip.rb:96:in 'ActionDispatch::RemoteIp#call'
actionpack (8.0.2) lib/action_dispatch/middleware/request_id.rb:34:in 'ActionDispatch::RequestId#call'
rack (3.1.15) lib/rack/method_override.rb:28:in 'Rack::MethodOverride#call'
rack (3.1.15) lib/rack/runtime.rb:24:in 'Rack::Runtime#call'
actionpack (8.0.2) lib/action_dispatch/middleware/server_timing.rb:61:in 'block in ActionDispatch::ServerTiming#call'
actionpack (8.0.2) lib/action_dispatch/middleware/server_timing.rb:26:in 'ActionDispatch::ServerTiming::Subscriber#collect_events'
actionpack (8.0.2) lib/action_dispatch/middleware/server_timing.rb:60:in 'ActionDispatch::ServerTiming#call'
actionpack (8.0.2) lib/action_dispatch/middleware/executor.rb:16:in 'ActionDispatch::Executor#call'
actionpack (8.0.2) lib/action_dispatch/middleware/static.rb:27:in 'ActionDispatch::Static#call'
rack (3.1.15) lib/rack/sendfile.rb:114:in 'Rack::Sendfile#call'
actionpack (8.0.2) lib/action_dispatch/middleware/host_authorization.rb:143:in 'ActionDispatch::HostAuthorization#call'
railties (8.0.2) lib/rails/engine.rb:535:in 'Rails::Engine#call'
puma (6.6.0) lib/puma/configuration.rb:279:in 'Puma::Configuration::ConfigMiddleware#call'
puma (6.6.0) lib/puma/request.rb:99:in 'block in Puma::Request#handle_request'
puma (6.6.0) lib/puma/thread_pool.rb:390:in 'Puma::ThreadPool#with_force_shutdown'
puma (6.6.0) lib/puma/request.rb:98:in 'Puma::Request#handle_request'
puma (6.6.0) lib/puma/server.rb:472:in 'Puma::Server#process_client'
puma (6.6.0) lib/puma/server.rb:254:in 'block in Puma::Server#run'
puma (6.6.0) lib/puma/thread_pool.rb:167:in 'block in Puma::ThreadPool#spawn_thread'
Started GET "/health" for ::1 at 2025-05-29 10:39:03 +0530
Started GET "/health" for ::1 at 2025-05-29 10:40:03 +0530
Started GET "/login" for ::1 at 2025-05-29 10:40:04 +0530
  
ActionController::RoutingError (uninitialized constant SessionsController)
Caused by: ActionDispatch::MissingController (uninitialized constant SessionsController)
Caused by: NameError (uninitialized constant SessionsController)

Information for: ActionController::RoutingError (uninitialized constant SessionsController):
  

Information for cause: ActionDispatch::MissingController (uninitialized constant SessionsController):
  
actionpack (8.0.2) lib/action_dispatch/http/request.rb:102:in 'ActionDispatch::Request#controller_class_for'
actionpack (8.0.2) lib/action_dispatch/http/request.rb:91:in 'ActionDispatch::Request#controller_class'
actionpack (8.0.2) lib/action_dispatch/routing/route_set.rb:61:in 'ActionDispatch::Routing::RouteSet::Dispatcher#controller'
actionpack (8.0.2) lib/action_dispatch/routing/route_set.rb:48:in 'ActionDispatch::Routing::RouteSet::Dispatcher#serve'
actionpack (8.0.2) lib/action_dispatch/journey/router.rb:53:in 'block in ActionDispatch::Journey::Router#serve'
actionpack (8.0.2) lib/action_dispatch/journey/router.rb:133:in 'block in ActionDispatch::Journey::Router#find_routes'
actionpack (8.0.2) lib/action_dispatch/journey/router.rb:126:in 'Array#each'
actionpack (8.0.2) lib/action_dispatch/journey/router.rb:126:in 'ActionDispatch::Journey::Router#find_routes'
actionpack (8.0.2) lib/action_dispatch/journey/router.rb:34:in 'ActionDispatch::Journey::Router#serve'
actionpack (8.0.2) lib/action_dispatch/routing/route_set.rb:908:in 'ActionDispatch::Routing::RouteSet#call'
railties (8.0.2) lib/rails/engine/lazy_route_set.rb:68:in 'Rails::Engine::LazyRouteSet#call'
rack (3.1.15) lib/rack/tempfile_reaper.rb:20:in 'Rack::TempfileReaper#call'
rack (3.1.15) lib/rack/etag.rb:29:in 'Rack::ETag#call'
rack (3.1.15) lib/rack/conditional_get.rb:31:in 'Rack::ConditionalGet#call'
rack (3.1.15) lib/rack/head.rb:15:in 'Rack::Head#call'
actionpack (8.0.2) lib/action_dispatch/http/permissions_policy.rb:38:in 'ActionDispatch::PermissionsPolicy::Middleware#call'
actionpack (8.0.2) lib/action_dispatch/http/content_security_policy.rb:38:in 'ActionDispatch::ContentSecurityPolicy::Middleware#call'
rack-session (2.1.1) lib/rack/session/abstract/id.rb:274:in 'Rack::Session::Abstract::Persisted#context'
rack-session (2.1.1) lib/rack/session/abstract/id.rb:268:in 'Rack::Session::Abstract::Persisted#call'
actionpack (8.0.2) lib/action_dispatch/middleware/cookies.rb:706:in 'ActionDispatch::Cookies#call'
activerecord (8.0.2) lib/active_record/migration.rb:671:in 'ActiveRecord::Migration::CheckPending#call'
actionpack (8.0.2) lib/action_dispatch/middleware/callbacks.rb:31:in 'block in ActionDispatch::Callbacks#call'
activesupport (8.0.2) lib/active_support/callbacks.rb:100:in 'ActiveSupport::Callbacks#run_callbacks'
actionpack (8.0.2) lib/action_dispatch/middleware/callbacks.rb:30:in 'ActionDispatch::Callbacks#call'
actionpack (8.0.2) lib/action_dispatch/middleware/executor.rb:16:in 'ActionDispatch::Executor#call'
actionpack (8.0.2) lib/action_dispatch/middleware/actionable_exceptions.rb:18:in 'ActionDispatch::ActionableExceptions#call'
actionpack (8.0.2) lib/action_dispatch/middleware/debug_exceptions.rb:31:in 'ActionDispatch::DebugExceptions#call'
web-console (4.2.1) lib/web_console/middleware.rb:132:in 'WebConsole::Middleware#call_app'
web-console (4.2.1) lib/web_console/middleware.rb:28:in 'block in WebConsole::Middleware#call'
web-console (4.2.1) lib/web_console/middleware.rb:17:in 'Kernel#catch'
web-console (4.2.1) lib/web_console/middleware.rb:17:in 'WebConsole::Middleware#call'
actionpack (8.0.2) lib/action_dispatch/middleware/show_exceptions.rb:32:in 'ActionDispatch::ShowExceptions#call'
railties (8.0.2) lib/rails/rack/logger.rb:41:in 'Rails::Rack::Logger#call_app'
railties (8.0.2) lib/rails/rack/logger.rb:29:in 'Rails::Rack::Logger#call'
actionpack (8.0.2) lib/action_dispatch/middleware/remote_ip.rb:96:in 'ActionDispatch::RemoteIp#call'
actionpack (8.0.2) lib/action_dispatch/middleware/request_id.rb:34:in 'ActionDispatch::RequestId#call'
rack (3.1.15) lib/rack/method_override.rb:28:in 'Rack::MethodOverride#call'
rack (3.1.15) lib/rack/runtime.rb:24:in 'Rack::Runtime#call'
actionpack (8.0.2) lib/action_dispatch/middleware/server_timing.rb:61:in 'block in ActionDispatch::ServerTiming#call'
actionpack (8.0.2) lib/action_dispatch/middleware/server_timing.rb:26:in 'ActionDispatch::ServerTiming::Subscriber#collect_events'
actionpack (8.0.2) lib/action_dispatch/middleware/server_timing.rb:60:in 'ActionDispatch::ServerTiming#call'
actionpack (8.0.2) lib/action_dispatch/middleware/executor.rb:16:in 'ActionDispatch::Executor#call'
actionpack (8.0.2) lib/action_dispatch/middleware/static.rb:27:in 'ActionDispatch::Static#call'
rack (3.1.15) lib/rack/sendfile.rb:114:in 'Rack::Sendfile#call'
actionpack (8.0.2) lib/action_dispatch/middleware/host_authorization.rb:143:in 'ActionDispatch::HostAuthorization#call'
railties (8.0.2) lib/rails/engine.rb:535:in 'Rails::Engine#call'
puma (6.6.0) lib/puma/configuration.rb:279:in 'Puma::Configuration::ConfigMiddleware#call'
puma (6.6.0) lib/puma/request.rb:99:in 'block in Puma::Request#handle_request'
puma (6.6.0) lib/puma/thread_pool.rb:390:in 'Puma::ThreadPool#with_force_shutdown'
puma (6.6.0) lib/puma/request.rb:98:in 'Puma::Request#handle_request'
puma (6.6.0) lib/puma/server.rb:472:in 'Puma::Server#process_client'
puma (6.6.0) lib/puma/server.rb:254:in 'block in Puma::Server#run'
puma (6.6.0) lib/puma/thread_pool.rb:167:in 'block in Puma::ThreadPool#spawn_thread'

Information for cause: NameError (uninitialized constant SessionsController):
  
activesupport (8.0.2) lib/active_support/inflector/methods.rb:290:in 'ActiveSupport::Inflector#constantize'
activesupport (8.0.2) lib/active_support/core_ext/string/inflections.rb:74:in 'String#constantize'
actionpack (8.0.2) lib/action_dispatch/http/request.rb:99:in 'ActionDispatch::Request#controller_class_for'
actionpack (8.0.2) lib/action_dispatch/http/request.rb:91:in 'ActionDispatch::Request#controller_class'
actionpack (8.0.2) lib/action_dispatch/routing/route_set.rb:61:in 'ActionDispatch::Routing::RouteSet::Dispatcher#controller'
actionpack (8.0.2) lib/action_dispatch/routing/route_set.rb:48:in 'ActionDispatch::Routing::RouteSet::Dispatcher#serve'
actionpack (8.0.2) lib/action_dispatch/journey/router.rb:53:in 'block in ActionDispatch::Journey::Router#serve'
actionpack (8.0.2) lib/action_dispatch/journey/router.rb:133:in 'block in ActionDispatch::Journey::Router#find_routes'
actionpack (8.0.2) lib/action_dispatch/journey/router.rb:126:in 'Array#each'
actionpack (8.0.2) lib/action_dispatch/journey/router.rb:126:in 'ActionDispatch::Journey::Router#find_routes'
actionpack (8.0.2) lib/action_dispatch/journey/router.rb:34:in 'ActionDispatch::Journey::Router#serve'
actionpack (8.0.2) lib/action_dispatch/routing/route_set.rb:908:in 'ActionDispatch::Routing::RouteSet#call'
railties (8.0.2) lib/rails/engine/lazy_route_set.rb:68:in 'Rails::Engine::LazyRouteSet#call'
rack (3.1.15) lib/rack/tempfile_reaper.rb:20:in 'Rack::TempfileReaper#call'
rack (3.1.15) lib/rack/etag.rb:29:in 'Rack::ETag#call'
rack (3.1.15) lib/rack/conditional_get.rb:31:in 'Rack::ConditionalGet#call'
rack (3.1.15) lib/rack/head.rb:15:in 'Rack::Head#call'
actionpack (8.0.2) lib/action_dispatch/http/permissions_policy.rb:38:in 'ActionDispatch::PermissionsPolicy::Middleware#call'
actionpack (8.0.2) lib/action_dispatch/http/content_security_policy.rb:38:in 'ActionDispatch::ContentSecurityPolicy::Middleware#call'
rack-session (2.1.1) lib/rack/session/abstract/id.rb:274:in 'Rack::Session::Abstract::Persisted#context'
rack-session (2.1.1) lib/rack/session/abstract/id.rb:268:in 'Rack::Session::Abstract::Persisted#call'
actionpack (8.0.2) lib/action_dispatch/middleware/cookies.rb:706:in 'ActionDispatch::Cookies#call'
activerecord (8.0.2) lib/active_record/migration.rb:671:in 'ActiveRecord::Migration::CheckPending#call'
actionpack (8.0.2) lib/action_dispatch/middleware/callbacks.rb:31:in 'block in ActionDispatch::Callbacks#call'
activesupport (8.0.2) lib/active_support/callbacks.rb:100:in 'ActiveSupport::Callbacks#run_callbacks'
actionpack (8.0.2) lib/action_dispatch/middleware/callbacks.rb:30:in 'ActionDispatch::Callbacks#call'
actionpack (8.0.2) lib/action_dispatch/middleware/executor.rb:16:in 'ActionDispatch::Executor#call'
actionpack (8.0.2) lib/action_dispatch/middleware/actionable_exceptions.rb:18:in 'ActionDispatch::ActionableExceptions#call'
actionpack (8.0.2) lib/action_dispatch/middleware/debug_exceptions.rb:31:in 'ActionDispatch::DebugExceptions#call'
web-console (4.2.1) lib/web_console/middleware.rb:132:in 'WebConsole::Middleware#call_app'
web-console (4.2.1) lib/web_console/middleware.rb:28:in 'block in WebConsole::Middleware#call'
web-console (4.2.1) lib/web_console/middleware.rb:17:in 'Kernel#catch'
web-console (4.2.1) lib/web_console/middleware.rb:17:in 'WebConsole::Middleware#call'
actionpack (8.0.2) lib/action_dispatch/middleware/show_exceptions.rb:32:in 'ActionDispatch::ShowExceptions#call'
railties (8.0.2) lib/rails/rack/logger.rb:41:in 'Rails::Rack::Logger#call_app'
railties (8.0.2) lib/rails/rack/logger.rb:29:in 'Rails::Rack::Logger#call'
actionpack (8.0.2) lib/action_dispatch/middleware/remote_ip.rb:96:in 'ActionDispatch::RemoteIp#call'
actionpack (8.0.2) lib/action_dispatch/middleware/request_id.rb:34:in 'ActionDispatch::RequestId#call'
rack (3.1.15) lib/rack/method_override.rb:28:in 'Rack::MethodOverride#call'
rack (3.1.15) lib/rack/runtime.rb:24:in 'Rack::Runtime#call'
actionpack (8.0.2) lib/action_dispatch/middleware/server_timing.rb:61:in 'block in ActionDispatch::ServerTiming#call'
actionpack (8.0.2) lib/action_dispatch/middleware/server_timing.rb:26:in 'ActionDispatch::ServerTiming::Subscriber#collect_events'
actionpack (8.0.2) lib/action_dispatch/middleware/server_timing.rb:60:in 'ActionDispatch::ServerTiming#call'
actionpack (8.0.2) lib/action_dispatch/middleware/executor.rb:16:in 'ActionDispatch::Executor#call'
actionpack (8.0.2) lib/action_dispatch/middleware/static.rb:27:in 'ActionDispatch::Static#call'
rack (3.1.15) lib/rack/sendfile.rb:114:in 'Rack::Sendfile#call'
actionpack (8.0.2) lib/action_dispatch/middleware/host_authorization.rb:143:in 'ActionDispatch::HostAuthorization#call'
railties (8.0.2) lib/rails/engine.rb:535:in 'Rails::Engine#call'
puma (6.6.0) lib/puma/configuration.rb:279:in 'Puma::Configuration::ConfigMiddleware#call'
puma (6.6.0) lib/puma/request.rb:99:in 'block in Puma::Request#handle_request'
puma (6.6.0) lib/puma/thread_pool.rb:390:in 'Puma::ThreadPool#with_force_shutdown'
puma (6.6.0) lib/puma/request.rb:98:in 'Puma::Request#handle_request'
puma (6.6.0) lib/puma/server.rb:472:in 'Puma::Server#process_client'
puma (6.6.0) lib/puma/server.rb:254:in 'block in Puma::Server#run'
puma (6.6.0) lib/puma/thread_pool.rb:167:in 'block in Puma::ThreadPool#spawn_thread'
Started GET "/login" for ::1 at 2025-05-29 10:40:05 +0530
  
ActionController::RoutingError (uninitialized constant SessionsController)
Caused by: ActionDispatch::MissingController (uninitialized constant SessionsController)
Caused by: NameError (uninitialized constant SessionsController)

Information for: ActionController::RoutingError (uninitialized constant SessionsController):
  

Information for cause: ActionDispatch::MissingController (uninitialized constant SessionsController):
  
actionpack (8.0.2) lib/action_dispatch/http/request.rb:102:in 'ActionDispatch::Request#controller_class_for'
actionpack (8.0.2) lib/action_dispatch/http/request.rb:91:in 'ActionDispatch::Request#controller_class'
actionpack (8.0.2) lib/action_dispatch/routing/route_set.rb:61:in 'ActionDispatch::Routing::RouteSet::Dispatcher#controller'
actionpack (8.0.2) lib/action_dispatch/routing/route_set.rb:48:in 'ActionDispatch::Routing::RouteSet::Dispatcher#serve'
actionpack (8.0.2) lib/action_dispatch/journey/router.rb:53:in 'block in ActionDispatch::Journey::Router#serve'
actionpack (8.0.2) lib/action_dispatch/journey/router.rb:133:in 'block in ActionDispatch::Journey::Router#find_routes'
actionpack (8.0.2) lib/action_dispatch/journey/router.rb:126:in 'Array#each'
actionpack (8.0.2) lib/action_dispatch/journey/router.rb:126:in 'ActionDispatch::Journey::Router#find_routes'
actionpack (8.0.2) lib/action_dispatch/journey/router.rb:34:in 'ActionDispatch::Journey::Router#serve'
actionpack (8.0.2) lib/action_dispatch/routing/route_set.rb:908:in 'ActionDispatch::Routing::RouteSet#call'
railties (8.0.2) lib/rails/engine/lazy_route_set.rb:68:in 'Rails::Engine::LazyRouteSet#call'
rack (3.1.15) lib/rack/tempfile_reaper.rb:20:in 'Rack::TempfileReaper#call'
rack (3.1.15) lib/rack/etag.rb:29:in 'Rack::ETag#call'
rack (3.1.15) lib/rack/conditional_get.rb:31:in 'Rack::ConditionalGet#call'
rack (3.1.15) lib/rack/head.rb:15:in 'Rack::Head#call'
actionpack (8.0.2) lib/action_dispatch/http/permissions_policy.rb:38:in 'ActionDispatch::PermissionsPolicy::Middleware#call'
actionpack (8.0.2) lib/action_dispatch/http/content_security_policy.rb:38:in 'ActionDispatch::ContentSecurityPolicy::Middleware#call'
rack-session (2.1.1) lib/rack/session/abstract/id.rb:274:in 'Rack::Session::Abstract::Persisted#context'
rack-session (2.1.1) lib/rack/session/abstract/id.rb:268:in 'Rack::Session::Abstract::Persisted#call'
actionpack (8.0.2) lib/action_dispatch/middleware/cookies.rb:706:in 'ActionDispatch::Cookies#call'
activerecord (8.0.2) lib/active_record/migration.rb:671:in 'ActiveRecord::Migration::CheckPending#call'
actionpack (8.0.2) lib/action_dispatch/middleware/callbacks.rb:31:in 'block in ActionDispatch::Callbacks#call'
activesupport (8.0.2) lib/active_support/callbacks.rb:100:in 'ActiveSupport::Callbacks#run_callbacks'
actionpack (8.0.2) lib/action_dispatch/middleware/callbacks.rb:30:in 'ActionDispatch::Callbacks#call'
actionpack (8.0.2) lib/action_dispatch/middleware/executor.rb:16:in 'ActionDispatch::Executor#call'
actionpack (8.0.2) lib/action_dispatch/middleware/actionable_exceptions.rb:18:in 'ActionDispatch::ActionableExceptions#call'
actionpack (8.0.2) lib/action_dispatch/middleware/debug_exceptions.rb:31:in 'ActionDispatch::DebugExceptions#call'
web-console (4.2.1) lib/web_console/middleware.rb:132:in 'WebConsole::Middleware#call_app'
web-console (4.2.1) lib/web_console/middleware.rb:28:in 'block in WebConsole::Middleware#call'
web-console (4.2.1) lib/web_console/middleware.rb:17:in 'Kernel#catch'
web-console (4.2.1) lib/web_console/middleware.rb:17:in 'WebConsole::Middleware#call'
actionpack (8.0.2) lib/action_dispatch/middleware/show_exceptions.rb:32:in 'ActionDispatch::ShowExceptions#call'
railties (8.0.2) lib/rails/rack/logger.rb:41:in 'Rails::Rack::Logger#call_app'
railties (8.0.2) lib/rails/rack/logger.rb:29:in 'Rails::Rack::Logger#call'
actionpack (8.0.2) lib/action_dispatch/middleware/remote_ip.rb:96:in 'ActionDispatch::RemoteIp#call'
actionpack (8.0.2) lib/action_dispatch/middleware/request_id.rb:34:in 'ActionDispatch::RequestId#call'
rack (3.1.15) lib/rack/method_override.rb:28:in 'Rack::MethodOverride#call'
rack (3.1.15) lib/rack/runtime.rb:24:in 'Rack::Runtime#call'
actionpack (8.0.2) lib/action_dispatch/middleware/server_timing.rb:61:in 'block in ActionDispatch::ServerTiming#call'
actionpack (8.0.2) lib/action_dispatch/middleware/server_timing.rb:26:in 'ActionDispatch::ServerTiming::Subscriber#collect_events'
actionpack (8.0.2) lib/action_dispatch/middleware/server_timing.rb:60:in 'ActionDispatch::ServerTiming#call'
actionpack (8.0.2) lib/action_dispatch/middleware/executor.rb:16:in 'ActionDispatch::Executor#call'
actionpack (8.0.2) lib/action_dispatch/middleware/static.rb:27:in 'ActionDispatch::Static#call'
rack (3.1.15) lib/rack/sendfile.rb:114:in 'Rack::Sendfile#call'
actionpack (8.0.2) lib/action_dispatch/middleware/host_authorization.rb:143:in 'ActionDispatch::HostAuthorization#call'
railties (8.0.2) lib/rails/engine.rb:535:in 'Rails::Engine#call'
puma (6.6.0) lib/puma/configuration.rb:279:in 'Puma::Configuration::ConfigMiddleware#call'
puma (6.6.0) lib/puma/request.rb:99:in 'block in Puma::Request#handle_request'
puma (6.6.0) lib/puma/thread_pool.rb:390:in 'Puma::ThreadPool#with_force_shutdown'
puma (6.6.0) lib/puma/request.rb:98:in 'Puma::Request#handle_request'
puma (6.6.0) lib/puma/server.rb:472:in 'Puma::Server#process_client'
puma (6.6.0) lib/puma/server.rb:254:in 'block in Puma::Server#run'
puma (6.6.0) lib/puma/thread_pool.rb:167:in 'block in Puma::ThreadPool#spawn_thread'

Information for cause: NameError (uninitialized constant SessionsController):
  
activesupport (8.0.2) lib/active_support/inflector/methods.rb:290:in 'ActiveSupport::Inflector#constantize'
activesupport (8.0.2) lib/active_support/core_ext/string/inflections.rb:74:in 'String#constantize'
actionpack (8.0.2) lib/action_dispatch/http/request.rb:99:in 'ActionDispatch::Request#controller_class_for'
actionpack (8.0.2) lib/action_dispatch/http/request.rb:91:in 'ActionDispatch::Request#controller_class'
actionpack (8.0.2) lib/action_dispatch/routing/route_set.rb:61:in 'ActionDispatch::Routing::RouteSet::Dispatcher#controller'
actionpack (8.0.2) lib/action_dispatch/routing/route_set.rb:48:in 'ActionDispatch::Routing::RouteSet::Dispatcher#serve'
actionpack (8.0.2) lib/action_dispatch/journey/router.rb:53:in 'block in ActionDispatch::Journey::Router#serve'
actionpack (8.0.2) lib/action_dispatch/journey/router.rb:133:in 'block in ActionDispatch::Journey::Router#find_routes'
actionpack (8.0.2) lib/action_dispatch/journey/router.rb:126:in 'Array#each'
actionpack (8.0.2) lib/action_dispatch/journey/router.rb:126:in 'ActionDispatch::Journey::Router#find_routes'
actionpack (8.0.2) lib/action_dispatch/journey/router.rb:34:in 'ActionDispatch::Journey::Router#serve'
actionpack (8.0.2) lib/action_dispatch/routing/route_set.rb:908:in 'ActionDispatch::Routing::RouteSet#call'
railties (8.0.2) lib/rails/engine/lazy_route_set.rb:68:in 'Rails::Engine::LazyRouteSet#call'
rack (3.1.15) lib/rack/tempfile_reaper.rb:20:in 'Rack::TempfileReaper#call'
rack (3.1.15) lib/rack/etag.rb:29:in 'Rack::ETag#call'
rack (3.1.15) lib/rack/conditional_get.rb:31:in 'Rack::ConditionalGet#call'
rack (3.1.15) lib/rack/head.rb:15:in 'Rack::Head#call'
actionpack (8.0.2) lib/action_dispatch/http/permissions_policy.rb:38:in 'ActionDispatch::PermissionsPolicy::Middleware#call'
actionpack (8.0.2) lib/action_dispatch/http/content_security_policy.rb:38:in 'ActionDispatch::ContentSecurityPolicy::Middleware#call'
rack-session (2.1.1) lib/rack/session/abstract/id.rb:274:in 'Rack::Session::Abstract::Persisted#context'
rack-session (2.1.1) lib/rack/session/abstract/id.rb:268:in 'Rack::Session::Abstract::Persisted#call'
actionpack (8.0.2) lib/action_dispatch/middleware/cookies.rb:706:in 'ActionDispatch::Cookies#call'
activerecord (8.0.2) lib/active_record/migration.rb:671:in 'ActiveRecord::Migration::CheckPending#call'
actionpack (8.0.2) lib/action_dispatch/middleware/callbacks.rb:31:in 'block in ActionDispatch::Callbacks#call'
activesupport (8.0.2) lib/active_support/callbacks.rb:100:in 'ActiveSupport::Callbacks#run_callbacks'
actionpack (8.0.2) lib/action_dispatch/middleware/callbacks.rb:30:in 'ActionDispatch::Callbacks#call'
actionpack (8.0.2) lib/action_dispatch/middleware/executor.rb:16:in 'ActionDispatch::Executor#call'
actionpack (8.0.2) lib/action_dispatch/middleware/actionable_exceptions.rb:18:in 'ActionDispatch::ActionableExceptions#call'
actionpack (8.0.2) lib/action_dispatch/middleware/debug_exceptions.rb:31:in 'ActionDispatch::DebugExceptions#call'
web-console (4.2.1) lib/web_console/middleware.rb:132:in 'WebConsole::Middleware#call_app'
web-console (4.2.1) lib/web_console/middleware.rb:28:in 'block in WebConsole::Middleware#call'
web-console (4.2.1) lib/web_console/middleware.rb:17:in 'Kernel#catch'
web-console (4.2.1) lib/web_console/middleware.rb:17:in 'WebConsole::Middleware#call'
actionpack (8.0.2) lib/action_dispatch/middleware/show_exceptions.rb:32:in 'ActionDispatch::ShowExceptions#call'
railties (8.0.2) lib/rails/rack/logger.rb:41:in 'Rails::Rack::Logger#call_app'
railties (8.0.2) lib/rails/rack/logger.rb:29:in 'Rails::Rack::Logger#call'
actionpack (8.0.2) lib/action_dispatch/middleware/remote_ip.rb:96:in 'ActionDispatch::RemoteIp#call'
actionpack (8.0.2) lib/action_dispatch/middleware/request_id.rb:34:in 'ActionDispatch::RequestId#call'
rack (3.1.15) lib/rack/method_override.rb:28:in 'Rack::MethodOverride#call'
rack (3.1.15) lib/rack/runtime.rb:24:in 'Rack::Runtime#call'
actionpack (8.0.2) lib/action_dispatch/middleware/server_timing.rb:61:in 'block in ActionDispatch::ServerTiming#call'
actionpack (8.0.2) lib/action_dispatch/middleware/server_timing.rb:26:in 'ActionDispatch::ServerTiming::Subscriber#collect_events'
actionpack (8.0.2) lib/action_dispatch/middleware/server_timing.rb:60:in 'ActionDispatch::ServerTiming#call'
actionpack (8.0.2) lib/action_dispatch/middleware/executor.rb:16:in 'ActionDispatch::Executor#call'
actionpack (8.0.2) lib/action_dispatch/middleware/static.rb:27:in 'ActionDispatch::Static#call'
rack (3.1.15) lib/rack/sendfile.rb:114:in 'Rack::Sendfile#call'
actionpack (8.0.2) lib/action_dispatch/middleware/host_authorization.rb:143:in 'ActionDispatch::HostAuthorization#call'
railties (8.0.2) lib/rails/engine.rb:535:in 'Rails::Engine#call'
puma (6.6.0) lib/puma/configuration.rb:279:in 'Puma::Configuration::ConfigMiddleware#call'
puma (6.6.0) lib/puma/request.rb:99:in 'block in Puma::Request#handle_request'
puma (6.6.0) lib/puma/thread_pool.rb:390:in 'Puma::ThreadPool#with_force_shutdown'
puma (6.6.0) lib/puma/request.rb:98:in 'Puma::Request#handle_request'
puma (6.6.0) lib/puma/server.rb:472:in 'Puma::Server#process_client'
puma (6.6.0) lib/puma/server.rb:254:in 'block in Puma::Server#run'
puma (6.6.0) lib/puma/thread_pool.rb:167:in 'block in Puma::ThreadPool#spawn_thread'
Started POST "/login" for ::1 at 2025-05-29 10:40:15 +0530
  [1m[36mActiveRecord::SchemaMigration Load (1.4ms)[0m  [1m[34mSELECT "schema_migrations"."version" FROM "schema_migrations" ORDER BY "schema_migrations"."version" ASC /*application='UserManagement'*/[0m
  
ActionController::RoutingError (uninitialized constant SessionsController)
Caused by: ActionDispatch::MissingController (uninitialized constant SessionsController)
Caused by: NameError (uninitialized constant SessionsController)

Information for: ActionController::RoutingError (uninitialized constant SessionsController):
  

Information for cause: ActionDispatch::MissingController (uninitialized constant SessionsController):
  
actionpack (8.0.2) lib/action_dispatch/http/request.rb:102:in 'ActionDispatch::Request#controller_class_for'
actionpack (8.0.2) lib/action_dispatch/http/request.rb:91:in 'ActionDispatch::Request#controller_class'
actionpack (8.0.2) lib/action_dispatch/routing/route_set.rb:61:in 'ActionDispatch::Routing::RouteSet::Dispatcher#controller'
actionpack (8.0.2) lib/action_dispatch/routing/route_set.rb:48:in 'ActionDispatch::Routing::RouteSet::Dispatcher#serve'
actionpack (8.0.2) lib/action_dispatch/journey/router.rb:53:in 'block in ActionDispatch::Journey::Router#serve'
actionpack (8.0.2) lib/action_dispatch/journey/router.rb:133:in 'block in ActionDispatch::Journey::Router#find_routes'
actionpack (8.0.2) lib/action_dispatch/journey/router.rb:126:in 'Array#each'
actionpack (8.0.2) lib/action_dispatch/journey/router.rb:126:in 'ActionDispatch::Journey::Router#find_routes'
actionpack (8.0.2) lib/action_dispatch/journey/router.rb:34:in 'ActionDispatch::Journey::Router#serve'
actionpack (8.0.2) lib/action_dispatch/routing/route_set.rb:908:in 'ActionDispatch::Routing::RouteSet#call'
railties (8.0.2) lib/rails/engine/lazy_route_set.rb:68:in 'Rails::Engine::LazyRouteSet#call'
rack (3.1.15) lib/rack/tempfile_reaper.rb:20:in 'Rack::TempfileReaper#call'
rack (3.1.15) lib/rack/etag.rb:29:in 'Rack::ETag#call'
rack (3.1.15) lib/rack/conditional_get.rb:43:in 'Rack::ConditionalGet#call'
rack (3.1.15) lib/rack/head.rb:15:in 'Rack::Head#call'
actionpack (8.0.2) lib/action_dispatch/http/permissions_policy.rb:38:in 'ActionDispatch::PermissionsPolicy::Middleware#call'
actionpack (8.0.2) lib/action_dispatch/http/content_security_policy.rb:38:in 'ActionDispatch::ContentSecurityPolicy::Middleware#call'
rack-session (2.1.1) lib/rack/session/abstract/id.rb:274:in 'Rack::Session::Abstract::Persisted#context'
rack-session (2.1.1) lib/rack/session/abstract/id.rb:268:in 'Rack::Session::Abstract::Persisted#call'
actionpack (8.0.2) lib/action_dispatch/middleware/cookies.rb:706:in 'ActionDispatch::Cookies#call'
activerecord (8.0.2) lib/active_record/migration.rb:671:in 'ActiveRecord::Migration::CheckPending#call'
actionpack (8.0.2) lib/action_dispatch/middleware/callbacks.rb:31:in 'block in ActionDispatch::Callbacks#call'
activesupport (8.0.2) lib/active_support/callbacks.rb:100:in 'ActiveSupport::Callbacks#run_callbacks'
actionpack (8.0.2) lib/action_dispatch/middleware/callbacks.rb:30:in 'ActionDispatch::Callbacks#call'
actionpack (8.0.2) lib/action_dispatch/middleware/executor.rb:16:in 'ActionDispatch::Executor#call'
actionpack (8.0.2) lib/action_dispatch/middleware/actionable_exceptions.rb:18:in 'ActionDispatch::ActionableExceptions#call'
actionpack (8.0.2) lib/action_dispatch/middleware/debug_exceptions.rb:31:in 'ActionDispatch::DebugExceptions#call'
web-console (4.2.1) lib/web_console/middleware.rb:132:in 'WebConsole::Middleware#call_app'
web-console (4.2.1) lib/web_console/middleware.rb:28:in 'block in WebConsole::Middleware#call'
web-console (4.2.1) lib/web_console/middleware.rb:17:in 'Kernel#catch'
web-console (4.2.1) lib/web_console/middleware.rb:17:in 'WebConsole::Middleware#call'
actionpack (8.0.2) lib/action_dispatch/middleware/show_exceptions.rb:32:in 'ActionDispatch::ShowExceptions#call'
railties (8.0.2) lib/rails/rack/logger.rb:41:in 'Rails::Rack::Logger#call_app'
railties (8.0.2) lib/rails/rack/logger.rb:29:in 'Rails::Rack::Logger#call'
actionpack (8.0.2) lib/action_dispatch/middleware/remote_ip.rb:96:in 'ActionDispatch::RemoteIp#call'
actionpack (8.0.2) lib/action_dispatch/middleware/request_id.rb:34:in 'ActionDispatch::RequestId#call'
rack (3.1.15) lib/rack/method_override.rb:28:in 'Rack::MethodOverride#call'
rack (3.1.15) lib/rack/runtime.rb:24:in 'Rack::Runtime#call'
actionpack (8.0.2) lib/action_dispatch/middleware/server_timing.rb:61:in 'block in ActionDispatch::ServerTiming#call'
actionpack (8.0.2) lib/action_dispatch/middleware/server_timing.rb:26:in 'ActionDispatch::ServerTiming::Subscriber#collect_events'
actionpack (8.0.2) lib/action_dispatch/middleware/server_timing.rb:60:in 'ActionDispatch::ServerTiming#call'
actionpack (8.0.2) lib/action_dispatch/middleware/executor.rb:16:in 'ActionDispatch::Executor#call'
actionpack (8.0.2) lib/action_dispatch/middleware/static.rb:27:in 'ActionDispatch::Static#call'
rack (3.1.15) lib/rack/sendfile.rb:114:in 'Rack::Sendfile#call'
actionpack (8.0.2) lib/action_dispatch/middleware/host_authorization.rb:143:in 'ActionDispatch::HostAuthorization#call'
railties (8.0.2) lib/rails/engine.rb:535:in 'Rails::Engine#call'
puma (6.6.0) lib/puma/configuration.rb:279:in 'Puma::Configuration::ConfigMiddleware#call'
puma (6.6.0) lib/puma/request.rb:99:in 'block in Puma::Request#handle_request'
puma (6.6.0) lib/puma/thread_pool.rb:390:in 'Puma::ThreadPool#with_force_shutdown'
puma (6.6.0) lib/puma/request.rb:98:in 'Puma::Request#handle_request'
puma (6.6.0) lib/puma/server.rb:472:in 'Puma::Server#process_client'
puma (6.6.0) lib/puma/server.rb:254:in 'block in Puma::Server#run'
puma (6.6.0) lib/puma/thread_pool.rb:167:in 'block in Puma::ThreadPool#spawn_thread'

Information for cause: NameError (uninitialized constant SessionsController):
  
activesupport (8.0.2) lib/active_support/inflector/methods.rb:290:in 'ActiveSupport::Inflector#constantize'
activesupport (8.0.2) lib/active_support/core_ext/string/inflections.rb:74:in 'String#constantize'
actionpack (8.0.2) lib/action_dispatch/http/request.rb:99:in 'ActionDispatch::Request#controller_class_for'
actionpack (8.0.2) lib/action_dispatch/http/request.rb:91:in 'ActionDispatch::Request#controller_class'
actionpack (8.0.2) lib/action_dispatch/routing/route_set.rb:61:in 'ActionDispatch::Routing::RouteSet::Dispatcher#controller'
actionpack (8.0.2) lib/action_dispatch/routing/route_set.rb:48:in 'ActionDispatch::Routing::RouteSet::Dispatcher#serve'
actionpack (8.0.2) lib/action_dispatch/journey/router.rb:53:in 'block in ActionDispatch::Journey::Router#serve'
actionpack (8.0.2) lib/action_dispatch/journey/router.rb:133:in 'block in ActionDispatch::Journey::Router#find_routes'
actionpack (8.0.2) lib/action_dispatch/journey/router.rb:126:in 'Array#each'
actionpack (8.0.2) lib/action_dispatch/journey/router.rb:126:in 'ActionDispatch::Journey::Router#find_routes'
actionpack (8.0.2) lib/action_dispatch/journey/router.rb:34:in 'ActionDispatch::Journey::Router#serve'
actionpack (8.0.2) lib/action_dispatch/routing/route_set.rb:908:in 'ActionDispatch::Routing::RouteSet#call'
railties (8.0.2) lib/rails/engine/lazy_route_set.rb:68:in 'Rails::Engine::LazyRouteSet#call'
rack (3.1.15) lib/rack/tempfile_reaper.rb:20:in 'Rack::TempfileReaper#call'
rack (3.1.15) lib/rack/etag.rb:29:in 'Rack::ETag#call'
rack (3.1.15) lib/rack/conditional_get.rb:43:in 'Rack::ConditionalGet#call'
rack (3.1.15) lib/rack/head.rb:15:in 'Rack::Head#call'
actionpack (8.0.2) lib/action_dispatch/http/permissions_policy.rb:38:in 'ActionDispatch::PermissionsPolicy::Middleware#call'
actionpack (8.0.2) lib/action_dispatch/http/content_security_policy.rb:38:in 'ActionDispatch::ContentSecurityPolicy::Middleware#call'
rack-session (2.1.1) lib/rack/session/abstract/id.rb:274:in 'Rack::Session::Abstract::Persisted#context'
rack-session (2.1.1) lib/rack/session/abstract/id.rb:268:in 'Rack::Session::Abstract::Persisted#call'
actionpack (8.0.2) lib/action_dispatch/middleware/cookies.rb:706:in 'ActionDispatch::Cookies#call'
activerecord (8.0.2) lib/active_record/migration.rb:671:in 'ActiveRecord::Migration::CheckPending#call'
actionpack (8.0.2) lib/action_dispatch/middleware/callbacks.rb:31:in 'block in ActionDispatch::Callbacks#call'
activesupport (8.0.2) lib/active_support/callbacks.rb:100:in 'ActiveSupport::Callbacks#run_callbacks'
actionpack (8.0.2) lib/action_dispatch/middleware/callbacks.rb:30:in 'ActionDispatch::Callbacks#call'
actionpack (8.0.2) lib/action_dispatch/middleware/executor.rb:16:in 'ActionDispatch::Executor#call'
actionpack (8.0.2) lib/action_dispatch/middleware/actionable_exceptions.rb:18:in 'ActionDispatch::ActionableExceptions#call'
actionpack (8.0.2) lib/action_dispatch/middleware/debug_exceptions.rb:31:in 'ActionDispatch::DebugExceptions#call'
web-console (4.2.1) lib/web_console/middleware.rb:132:in 'WebConsole::Middleware#call_app'
web-console (4.2.1) lib/web_console/middleware.rb:28:in 'block in WebConsole::Middleware#call'
web-console (4.2.1) lib/web_console/middleware.rb:17:in 'Kernel#catch'
web-console (4.2.1) lib/web_console/middleware.rb:17:in 'WebConsole::Middleware#call'
actionpack (8.0.2) lib/action_dispatch/middleware/show_exceptions.rb:32:in 'ActionDispatch::ShowExceptions#call'
railties (8.0.2) lib/rails/rack/logger.rb:41:in 'Rails::Rack::Logger#call_app'
railties (8.0.2) lib/rails/rack/logger.rb:29:in 'Rails::Rack::Logger#call'
actionpack (8.0.2) lib/action_dispatch/middleware/remote_ip.rb:96:in 'ActionDispatch::RemoteIp#call'
actionpack (8.0.2) lib/action_dispatch/middleware/request_id.rb:34:in 'ActionDispatch::RequestId#call'
rack (3.1.15) lib/rack/method_override.rb:28:in 'Rack::MethodOverride#call'
rack (3.1.15) lib/rack/runtime.rb:24:in 'Rack::Runtime#call'
actionpack (8.0.2) lib/action_dispatch/middleware/server_timing.rb:61:in 'block in ActionDispatch::ServerTiming#call'
actionpack (8.0.2) lib/action_dispatch/middleware/server_timing.rb:26:in 'ActionDispatch::ServerTiming::Subscriber#collect_events'
actionpack (8.0.2) lib/action_dispatch/middleware/server_timing.rb:60:in 'ActionDispatch::ServerTiming#call'
actionpack (8.0.2) lib/action_dispatch/middleware/executor.rb:16:in 'ActionDispatch::Executor#call'
actionpack (8.0.2) lib/action_dispatch/middleware/static.rb:27:in 'ActionDispatch::Static#call'
rack (3.1.15) lib/rack/sendfile.rb:114:in 'Rack::Sendfile#call'
actionpack (8.0.2) lib/action_dispatch/middleware/host_authorization.rb:143:in 'ActionDispatch::HostAuthorization#call'
railties (8.0.2) lib/rails/engine.rb:535:in 'Rails::Engine#call'
puma (6.6.0) lib/puma/configuration.rb:279:in 'Puma::Configuration::ConfigMiddleware#call'
puma (6.6.0) lib/puma/request.rb:99:in 'block in Puma::Request#handle_request'
puma (6.6.0) lib/puma/thread_pool.rb:390:in 'Puma::ThreadPool#with_force_shutdown'
puma (6.6.0) lib/puma/request.rb:98:in 'Puma::Request#handle_request'
puma (6.6.0) lib/puma/server.rb:472:in 'Puma::Server#process_client'
puma (6.6.0) lib/puma/server.rb:254:in 'block in Puma::Server#run'
puma (6.6.0) lib/puma/thread_pool.rb:167:in 'block in Puma::ThreadPool#spawn_thread'
Started GET "/health" for ::1 at 2025-05-29 10:41:03 +0530
Started POST "/login" for ::1 at 2025-05-29 10:41:50 +0530
  
ActionController::RoutingError (uninitialized constant SessionsController)
Caused by: ActionDispatch::MissingController (uninitialized constant SessionsController)
Caused by: NameError (uninitialized constant SessionsController)

Information for: ActionController::RoutingError (uninitialized constant SessionsController):
  

Information for cause: ActionDispatch::MissingController (uninitialized constant SessionsController):
  
actionpack (8.0.2) lib/action_dispatch/http/request.rb:102:in 'ActionDispatch::Request#controller_class_for'
actionpack (8.0.2) lib/action_dispatch/http/request.rb:91:in 'ActionDispatch::Request#controller_class'
actionpack (8.0.2) lib/action_dispatch/routing/route_set.rb:61:in 'ActionDispatch::Routing::RouteSet::Dispatcher#controller'
actionpack (8.0.2) lib/action_dispatch/routing/route_set.rb:48:in 'ActionDispatch::Routing::RouteSet::Dispatcher#serve'
actionpack (8.0.2) lib/action_dispatch/journey/router.rb:53:in 'block in ActionDispatch::Journey::Router#serve'
actionpack (8.0.2) lib/action_dispatch/journey/router.rb:133:in 'block in ActionDispatch::Journey::Router#find_routes'
actionpack (8.0.2) lib/action_dispatch/journey/router.rb:126:in 'Array#each'
actionpack (8.0.2) lib/action_dispatch/journey/router.rb:126:in 'ActionDispatch::Journey::Router#find_routes'
actionpack (8.0.2) lib/action_dispatch/journey/router.rb:34:in 'ActionDispatch::Journey::Router#serve'
actionpack (8.0.2) lib/action_dispatch/routing/route_set.rb:908:in 'ActionDispatch::Routing::RouteSet#call'
railties (8.0.2) lib/rails/engine/lazy_route_set.rb:68:in 'Rails::Engine::LazyRouteSet#call'
rack (3.1.15) lib/rack/tempfile_reaper.rb:20:in 'Rack::TempfileReaper#call'
rack (3.1.15) lib/rack/etag.rb:29:in 'Rack::ETag#call'
rack (3.1.15) lib/rack/conditional_get.rb:43:in 'Rack::ConditionalGet#call'
rack (3.1.15) lib/rack/head.rb:15:in 'Rack::Head#call'
actionpack (8.0.2) lib/action_dispatch/http/permissions_policy.rb:38:in 'ActionDispatch::PermissionsPolicy::Middleware#call'
actionpack (8.0.2) lib/action_dispatch/http/content_security_policy.rb:38:in 'ActionDispatch::ContentSecurityPolicy::Middleware#call'
rack-session (2.1.1) lib/rack/session/abstract/id.rb:274:in 'Rack::Session::Abstract::Persisted#context'
rack-session (2.1.1) lib/rack/session/abstract/id.rb:268:in 'Rack::Session::Abstract::Persisted#call'
actionpack (8.0.2) lib/action_dispatch/middleware/cookies.rb:706:in 'ActionDispatch::Cookies#call'
activerecord (8.0.2) lib/active_record/migration.rb:671:in 'ActiveRecord::Migration::CheckPending#call'
actionpack (8.0.2) lib/action_dispatch/middleware/callbacks.rb:31:in 'block in ActionDispatch::Callbacks#call'
activesupport (8.0.2) lib/active_support/callbacks.rb:100:in 'ActiveSupport::Callbacks#run_callbacks'
actionpack (8.0.2) lib/action_dispatch/middleware/callbacks.rb:30:in 'ActionDispatch::Callbacks#call'
actionpack (8.0.2) lib/action_dispatch/middleware/executor.rb:16:in 'ActionDispatch::Executor#call'
actionpack (8.0.2) lib/action_dispatch/middleware/actionable_exceptions.rb:18:in 'ActionDispatch::ActionableExceptions#call'
actionpack (8.0.2) lib/action_dispatch/middleware/debug_exceptions.rb:31:in 'ActionDispatch::DebugExceptions#call'
web-console (4.2.1) lib/web_console/middleware.rb:132:in 'WebConsole::Middleware#call_app'
web-console (4.2.1) lib/web_console/middleware.rb:28:in 'block in WebConsole::Middleware#call'
web-console (4.2.1) lib/web_console/middleware.rb:17:in 'Kernel#catch'
web-console (4.2.1) lib/web_console/middleware.rb:17:in 'WebConsole::Middleware#call'
actionpack (8.0.2) lib/action_dispatch/middleware/show_exceptions.rb:32:in 'ActionDispatch::ShowExceptions#call'
railties (8.0.2) lib/rails/rack/logger.rb:41:in 'Rails::Rack::Logger#call_app'
railties (8.0.2) lib/rails/rack/logger.rb:29:in 'Rails::Rack::Logger#call'
actionpack (8.0.2) lib/action_dispatch/middleware/remote_ip.rb:96:in 'ActionDispatch::RemoteIp#call'
actionpack (8.0.2) lib/action_dispatch/middleware/request_id.rb:34:in 'ActionDispatch::RequestId#call'
rack (3.1.15) lib/rack/method_override.rb:28:in 'Rack::MethodOverride#call'
rack (3.1.15) lib/rack/runtime.rb:24:in 'Rack::Runtime#call'
actionpack (8.0.2) lib/action_dispatch/middleware/server_timing.rb:61:in 'block in ActionDispatch::ServerTiming#call'
actionpack (8.0.2) lib/action_dispatch/middleware/server_timing.rb:26:in 'ActionDispatch::ServerTiming::Subscriber#collect_events'
actionpack (8.0.2) lib/action_dispatch/middleware/server_timing.rb:60:in 'ActionDispatch::ServerTiming#call'
actionpack (8.0.2) lib/action_dispatch/middleware/executor.rb:16:in 'ActionDispatch::Executor#call'
actionpack (8.0.2) lib/action_dispatch/middleware/static.rb:27:in 'ActionDispatch::Static#call'
rack (3.1.15) lib/rack/sendfile.rb:114:in 'Rack::Sendfile#call'
actionpack (8.0.2) lib/action_dispatch/middleware/host_authorization.rb:143:in 'ActionDispatch::HostAuthorization#call'
railties (8.0.2) lib/rails/engine.rb:535:in 'Rails::Engine#call'
puma (6.6.0) lib/puma/configuration.rb:279:in 'Puma::Configuration::ConfigMiddleware#call'
puma (6.6.0) lib/puma/request.rb:99:in 'block in Puma::Request#handle_request'
puma (6.6.0) lib/puma/thread_pool.rb:390:in 'Puma::ThreadPool#with_force_shutdown'
puma (6.6.0) lib/puma/request.rb:98:in 'Puma::Request#handle_request'
puma (6.6.0) lib/puma/server.rb:472:in 'Puma::Server#process_client'
puma (6.6.0) lib/puma/server.rb:254:in 'block in Puma::Server#run'
puma (6.6.0) lib/puma/thread_pool.rb:167:in 'block in Puma::ThreadPool#spawn_thread'

Information for cause: NameError (uninitialized constant SessionsController):
  
activesupport (8.0.2) lib/active_support/inflector/methods.rb:290:in 'ActiveSupport::Inflector#constantize'
activesupport (8.0.2) lib/active_support/core_ext/string/inflections.rb:74:in 'String#constantize'
actionpack (8.0.2) lib/action_dispatch/http/request.rb:99:in 'ActionDispatch::Request#controller_class_for'
actionpack (8.0.2) lib/action_dispatch/http/request.rb:91:in 'ActionDispatch::Request#controller_class'
actionpack (8.0.2) lib/action_dispatch/routing/route_set.rb:61:in 'ActionDispatch::Routing::RouteSet::Dispatcher#controller'
actionpack (8.0.2) lib/action_dispatch/routing/route_set.rb:48:in 'ActionDispatch::Routing::RouteSet::Dispatcher#serve'
actionpack (8.0.2) lib/action_dispatch/journey/router.rb:53:in 'block in ActionDispatch::Journey::Router#serve'
actionpack (8.0.2) lib/action_dispatch/journey/router.rb:133:in 'block in ActionDispatch::Journey::Router#find_routes'
actionpack (8.0.2) lib/action_dispatch/journey/router.rb:126:in 'Array#each'
actionpack (8.0.2) lib/action_dispatch/journey/router.rb:126:in 'ActionDispatch::Journey::Router#find_routes'
actionpack (8.0.2) lib/action_dispatch/journey/router.rb:34:in 'ActionDispatch::Journey::Router#serve'
actionpack (8.0.2) lib/action_dispatch/routing/route_set.rb:908:in 'ActionDispatch::Routing::RouteSet#call'
railties (8.0.2) lib/rails/engine/lazy_route_set.rb:68:in 'Rails::Engine::LazyRouteSet#call'
rack (3.1.15) lib/rack/tempfile_reaper.rb:20:in 'Rack::TempfileReaper#call'
rack (3.1.15) lib/rack/etag.rb:29:in 'Rack::ETag#call'
rack (3.1.15) lib/rack/conditional_get.rb:43:in 'Rack::ConditionalGet#call'
rack (3.1.15) lib/rack/head.rb:15:in 'Rack::Head#call'
actionpack (8.0.2) lib/action_dispatch/http/permissions_policy.rb:38:in 'ActionDispatch::PermissionsPolicy::Middleware#call'
actionpack (8.0.2) lib/action_dispatch/http/content_security_policy.rb:38:in 'ActionDispatch::ContentSecurityPolicy::Middleware#call'
rack-session (2.1.1) lib/rack/session/abstract/id.rb:274:in 'Rack::Session::Abstract::Persisted#context'
rack-session (2.1.1) lib/rack/session/abstract/id.rb:268:in 'Rack::Session::Abstract::Persisted#call'
actionpack (8.0.2) lib/action_dispatch/middleware/cookies.rb:706:in 'ActionDispatch::Cookies#call'
activerecord (8.0.2) lib/active_record/migration.rb:671:in 'ActiveRecord::Migration::CheckPending#call'
actionpack (8.0.2) lib/action_dispatch/middleware/callbacks.rb:31:in 'block in ActionDispatch::Callbacks#call'
activesupport (8.0.2) lib/active_support/callbacks.rb:100:in 'ActiveSupport::Callbacks#run_callbacks'
actionpack (8.0.2) lib/action_dispatch/middleware/callbacks.rb:30:in 'ActionDispatch::Callbacks#call'
actionpack (8.0.2) lib/action_dispatch/middleware/executor.rb:16:in 'ActionDispatch::Executor#call'
actionpack (8.0.2) lib/action_dispatch/middleware/actionable_exceptions.rb:18:in 'ActionDispatch::ActionableExceptions#call'
actionpack (8.0.2) lib/action_dispatch/middleware/debug_exceptions.rb:31:in 'ActionDispatch::DebugExceptions#call'
web-console (4.2.1) lib/web_console/middleware.rb:132:in 'WebConsole::Middleware#call_app'
web-console (4.2.1) lib/web_console/middleware.rb:28:in 'block in WebConsole::Middleware#call'
web-console (4.2.1) lib/web_console/middleware.rb:17:in 'Kernel#catch'
web-console (4.2.1) lib/web_console/middleware.rb:17:in 'WebConsole::Middleware#call'
actionpack (8.0.2) lib/action_dispatch/middleware/show_exceptions.rb:32:in 'ActionDispatch::ShowExceptions#call'
railties (8.0.2) lib/rails/rack/logger.rb:41:in 'Rails::Rack::Logger#call_app'
railties (8.0.2) lib/rails/rack/logger.rb:29:in 'Rails::Rack::Logger#call'
actionpack (8.0.2) lib/action_dispatch/middleware/remote_ip.rb:96:in 'ActionDispatch::RemoteIp#call'
actionpack (8.0.2) lib/action_dispatch/middleware/request_id.rb:34:in 'ActionDispatch::RequestId#call'
rack (3.1.15) lib/rack/method_override.rb:28:in 'Rack::MethodOverride#call'
rack (3.1.15) lib/rack/runtime.rb:24:in 'Rack::Runtime#call'
actionpack (8.0.2) lib/action_dispatch/middleware/server_timing.rb:61:in 'block in ActionDispatch::ServerTiming#call'
actionpack (8.0.2) lib/action_dispatch/middleware/server_timing.rb:26:in 'ActionDispatch::ServerTiming::Subscriber#collect_events'
actionpack (8.0.2) lib/action_dispatch/middleware/server_timing.rb:60:in 'ActionDispatch::ServerTiming#call'
actionpack (8.0.2) lib/action_dispatch/middleware/executor.rb:16:in 'ActionDispatch::Executor#call'
actionpack (8.0.2) lib/action_dispatch/middleware/static.rb:27:in 'ActionDispatch::Static#call'
rack (3.1.15) lib/rack/sendfile.rb:114:in 'Rack::Sendfile#call'
actionpack (8.0.2) lib/action_dispatch/middleware/host_authorization.rb:143:in 'ActionDispatch::HostAuthorization#call'
railties (8.0.2) lib/rails/engine.rb:535:in 'Rails::Engine#call'
puma (6.6.0) lib/puma/configuration.rb:279:in 'Puma::Configuration::ConfigMiddleware#call'
puma (6.6.0) lib/puma/request.rb:99:in 'block in Puma::Request#handle_request'
puma (6.6.0) lib/puma/thread_pool.rb:390:in 'Puma::ThreadPool#with_force_shutdown'
puma (6.6.0) lib/puma/request.rb:98:in 'Puma::Request#handle_request'
puma (6.6.0) lib/puma/server.rb:472:in 'Puma::Server#process_client'
puma (6.6.0) lib/puma/server.rb:254:in 'block in Puma::Server#run'
puma (6.6.0) lib/puma/thread_pool.rb:167:in 'block in Puma::ThreadPool#spawn_thread'
Started GET "/health" for ::1 at 2025-05-29 10:42:03 +0530
Started POST "/login" for ::1 at 2025-05-29 10:42:12 +0530
  [1m[36mActiveRecord::SchemaMigration Load (1.3ms)[0m  [1m[34mSELECT "schema_migrations"."version" FROM "schema_migrations" ORDER BY "schema_migrations"."version" ASC /*application='UserManagement'*/[0m
  
ActionController::RoutingError (uninitialized constant SessionsController)
Caused by: ActionDispatch::MissingController (uninitialized constant SessionsController)
Caused by: NameError (uninitialized constant SessionsController)

Information for: ActionController::RoutingError (uninitialized constant SessionsController):
  

Information for cause: ActionDispatch::MissingController (uninitialized constant SessionsController):
  
actionpack (8.0.2) lib/action_dispatch/http/request.rb:102:in 'ActionDispatch::Request#controller_class_for'
actionpack (8.0.2) lib/action_dispatch/http/request.rb:91:in 'ActionDispatch::Request#controller_class'
actionpack (8.0.2) lib/action_dispatch/routing/route_set.rb:61:in 'ActionDispatch::Routing::RouteSet::Dispatcher#controller'
actionpack (8.0.2) lib/action_dispatch/routing/route_set.rb:48:in 'ActionDispatch::Routing::RouteSet::Dispatcher#serve'
actionpack (8.0.2) lib/action_dispatch/journey/router.rb:53:in 'block in ActionDispatch::Journey::Router#serve'
actionpack (8.0.2) lib/action_dispatch/journey/router.rb:133:in 'block in ActionDispatch::Journey::Router#find_routes'
actionpack (8.0.2) lib/action_dispatch/journey/router.rb:126:in 'Array#each'
actionpack (8.0.2) lib/action_dispatch/journey/router.rb:126:in 'ActionDispatch::Journey::Router#find_routes'
actionpack (8.0.2) lib/action_dispatch/journey/router.rb:34:in 'ActionDispatch::Journey::Router#serve'
actionpack (8.0.2) lib/action_dispatch/routing/route_set.rb:908:in 'ActionDispatch::Routing::RouteSet#call'
railties (8.0.2) lib/rails/engine/lazy_route_set.rb:68:in 'Rails::Engine::LazyRouteSet#call'
rack (3.1.15) lib/rack/tempfile_reaper.rb:20:in 'Rack::TempfileReaper#call'
rack (3.1.15) lib/rack/etag.rb:29:in 'Rack::ETag#call'
rack (3.1.15) lib/rack/conditional_get.rb:43:in 'Rack::ConditionalGet#call'
rack (3.1.15) lib/rack/head.rb:15:in 'Rack::Head#call'
actionpack (8.0.2) lib/action_dispatch/http/permissions_policy.rb:38:in 'ActionDispatch::PermissionsPolicy::Middleware#call'
actionpack (8.0.2) lib/action_dispatch/http/content_security_policy.rb:38:in 'ActionDispatch::ContentSecurityPolicy::Middleware#call'
rack-session (2.1.1) lib/rack/session/abstract/id.rb:274:in 'Rack::Session::Abstract::Persisted#context'
rack-session (2.1.1) lib/rack/session/abstract/id.rb:268:in 'Rack::Session::Abstract::Persisted#call'
actionpack (8.0.2) lib/action_dispatch/middleware/cookies.rb:706:in 'ActionDispatch::Cookies#call'
activerecord (8.0.2) lib/active_record/migration.rb:671:in 'ActiveRecord::Migration::CheckPending#call'
actionpack (8.0.2) lib/action_dispatch/middleware/callbacks.rb:31:in 'block in ActionDispatch::Callbacks#call'
activesupport (8.0.2) lib/active_support/callbacks.rb:100:in 'ActiveSupport::Callbacks#run_callbacks'
actionpack (8.0.2) lib/action_dispatch/middleware/callbacks.rb:30:in 'ActionDispatch::Callbacks#call'
actionpack (8.0.2) lib/action_dispatch/middleware/executor.rb:16:in 'ActionDispatch::Executor#call'
actionpack (8.0.2) lib/action_dispatch/middleware/actionable_exceptions.rb:18:in 'ActionDispatch::ActionableExceptions#call'
actionpack (8.0.2) lib/action_dispatch/middleware/debug_exceptions.rb:31:in 'ActionDispatch::DebugExceptions#call'
web-console (4.2.1) lib/web_console/middleware.rb:132:in 'WebConsole::Middleware#call_app'
web-console (4.2.1) lib/web_console/middleware.rb:28:in 'block in WebConsole::Middleware#call'
web-console (4.2.1) lib/web_console/middleware.rb:17:in 'Kernel#catch'
web-console (4.2.1) lib/web_console/middleware.rb:17:in 'WebConsole::Middleware#call'
actionpack (8.0.2) lib/action_dispatch/middleware/show_exceptions.rb:32:in 'ActionDispatch::ShowExceptions#call'
railties (8.0.2) lib/rails/rack/logger.rb:41:in 'Rails::Rack::Logger#call_app'
railties (8.0.2) lib/rails/rack/logger.rb:29:in 'Rails::Rack::Logger#call'
actionpack (8.0.2) lib/action_dispatch/middleware/remote_ip.rb:96:in 'ActionDispatch::RemoteIp#call'
actionpack (8.0.2) lib/action_dispatch/middleware/request_id.rb:34:in 'ActionDispatch::RequestId#call'
rack (3.1.15) lib/rack/method_override.rb:28:in 'Rack::MethodOverride#call'
rack (3.1.15) lib/rack/runtime.rb:24:in 'Rack::Runtime#call'
actionpack (8.0.2) lib/action_dispatch/middleware/server_timing.rb:61:in 'block in ActionDispatch::ServerTiming#call'
actionpack (8.0.2) lib/action_dispatch/middleware/server_timing.rb:26:in 'ActionDispatch::ServerTiming::Subscriber#collect_events'
actionpack (8.0.2) lib/action_dispatch/middleware/server_timing.rb:60:in 'ActionDispatch::ServerTiming#call'
actionpack (8.0.2) lib/action_dispatch/middleware/executor.rb:16:in 'ActionDispatch::Executor#call'
actionpack (8.0.2) lib/action_dispatch/middleware/static.rb:27:in 'ActionDispatch::Static#call'
rack (3.1.15) lib/rack/sendfile.rb:114:in 'Rack::Sendfile#call'
actionpack (8.0.2) lib/action_dispatch/middleware/host_authorization.rb:143:in 'ActionDispatch::HostAuthorization#call'
railties (8.0.2) lib/rails/engine.rb:535:in 'Rails::Engine#call'
puma (6.6.0) lib/puma/configuration.rb:279:in 'Puma::Configuration::ConfigMiddleware#call'
puma (6.6.0) lib/puma/request.rb:99:in 'block in Puma::Request#handle_request'
puma (6.6.0) lib/puma/thread_pool.rb:390:in 'Puma::ThreadPool#with_force_shutdown'
puma (6.6.0) lib/puma/request.rb:98:in 'Puma::Request#handle_request'
puma (6.6.0) lib/puma/server.rb:472:in 'Puma::Server#process_client'
puma (6.6.0) lib/puma/server.rb:254:in 'block in Puma::Server#run'
puma (6.6.0) lib/puma/thread_pool.rb:167:in 'block in Puma::ThreadPool#spawn_thread'

Information for cause: NameError (uninitialized constant SessionsController):
  
activesupport (8.0.2) lib/active_support/inflector/methods.rb:290:in 'ActiveSupport::Inflector#constantize'
activesupport (8.0.2) lib/active_support/core_ext/string/inflections.rb:74:in 'String#constantize'
actionpack (8.0.2) lib/action_dispatch/http/request.rb:99:in 'ActionDispatch::Request#controller_class_for'
actionpack (8.0.2) lib/action_dispatch/http/request.rb:91:in 'ActionDispatch::Request#controller_class'
actionpack (8.0.2) lib/action_dispatch/routing/route_set.rb:61:in 'ActionDispatch::Routing::RouteSet::Dispatcher#controller'
actionpack (8.0.2) lib/action_dispatch/routing/route_set.rb:48:in 'ActionDispatch::Routing::RouteSet::Dispatcher#serve'
actionpack (8.0.2) lib/action_dispatch/journey/router.rb:53:in 'block in ActionDispatch::Journey::Router#serve'
actionpack (8.0.2) lib/action_dispatch/journey/router.rb:133:in 'block in ActionDispatch::Journey::Router#find_routes'
actionpack (8.0.2) lib/action_dispatch/journey/router.rb:126:in 'Array#each'
actionpack (8.0.2) lib/action_dispatch/journey/router.rb:126:in 'ActionDispatch::Journey::Router#find_routes'
actionpack (8.0.2) lib/action_dispatch/journey/router.rb:34:in 'ActionDispatch::Journey::Router#serve'
actionpack (8.0.2) lib/action_dispatch/routing/route_set.rb:908:in 'ActionDispatch::Routing::RouteSet#call'
railties (8.0.2) lib/rails/engine/lazy_route_set.rb:68:in 'Rails::Engine::LazyRouteSet#call'
rack (3.1.15) lib/rack/tempfile_reaper.rb:20:in 'Rack::TempfileReaper#call'
rack (3.1.15) lib/rack/etag.rb:29:in 'Rack::ETag#call'
rack (3.1.15) lib/rack/conditional_get.rb:43:in 'Rack::ConditionalGet#call'
rack (3.1.15) lib/rack/head.rb:15:in 'Rack::Head#call'
actionpack (8.0.2) lib/action_dispatch/http/permissions_policy.rb:38:in 'ActionDispatch::PermissionsPolicy::Middleware#call'
actionpack (8.0.2) lib/action_dispatch/http/content_security_policy.rb:38:in 'ActionDispatch::ContentSecurityPolicy::Middleware#call'
rack-session (2.1.1) lib/rack/session/abstract/id.rb:274:in 'Rack::Session::Abstract::Persisted#context'
rack-session (2.1.1) lib/rack/session/abstract/id.rb:268:in 'Rack::Session::Abstract::Persisted#call'
actionpack (8.0.2) lib/action_dispatch/middleware/cookies.rb:706:in 'ActionDispatch::Cookies#call'
activerecord (8.0.2) lib/active_record/migration.rb:671:in 'ActiveRecord::Migration::CheckPending#call'
actionpack (8.0.2) lib/action_dispatch/middleware/callbacks.rb:31:in 'block in ActionDispatch::Callbacks#call'
activesupport (8.0.2) lib/active_support/callbacks.rb:100:in 'ActiveSupport::Callbacks#run_callbacks'
actionpack (8.0.2) lib/action_dispatch/middleware/callbacks.rb:30:in 'ActionDispatch::Callbacks#call'
actionpack (8.0.2) lib/action_dispatch/middleware/executor.rb:16:in 'ActionDispatch::Executor#call'
actionpack (8.0.2) lib/action_dispatch/middleware/actionable_exceptions.rb:18:in 'ActionDispatch::ActionableExceptions#call'
actionpack (8.0.2) lib/action_dispatch/middleware/debug_exceptions.rb:31:in 'ActionDispatch::DebugExceptions#call'
web-console (4.2.1) lib/web_console/middleware.rb:132:in 'WebConsole::Middleware#call_app'
web-console (4.2.1) lib/web_console/middleware.rb:28:in 'block in WebConsole::Middleware#call'
web-console (4.2.1) lib/web_console/middleware.rb:17:in 'Kernel#catch'
web-console (4.2.1) lib/web_console/middleware.rb:17:in 'WebConsole::Middleware#call'
actionpack (8.0.2) lib/action_dispatch/middleware/show_exceptions.rb:32:in 'ActionDispatch::ShowExceptions#call'
railties (8.0.2) lib/rails/rack/logger.rb:41:in 'Rails::Rack::Logger#call_app'
railties (8.0.2) lib/rails/rack/logger.rb:29:in 'Rails::Rack::Logger#call'
actionpack (8.0.2) lib/action_dispatch/middleware/remote_ip.rb:96:in 'ActionDispatch::RemoteIp#call'
actionpack (8.0.2) lib/action_dispatch/middleware/request_id.rb:34:in 'ActionDispatch::RequestId#call'
rack (3.1.15) lib/rack/method_override.rb:28:in 'Rack::MethodOverride#call'
rack (3.1.15) lib/rack/runtime.rb:24:in 'Rack::Runtime#call'
actionpack (8.0.2) lib/action_dispatch/middleware/server_timing.rb:61:in 'block in ActionDispatch::ServerTiming#call'
actionpack (8.0.2) lib/action_dispatch/middleware/server_timing.rb:26:in 'ActionDispatch::ServerTiming::Subscriber#collect_events'
actionpack (8.0.2) lib/action_dispatch/middleware/server_timing.rb:60:in 'ActionDispatch::ServerTiming#call'
actionpack (8.0.2) lib/action_dispatch/middleware/executor.rb:16:in 'ActionDispatch::Executor#call'
actionpack (8.0.2) lib/action_dispatch/middleware/static.rb:27:in 'ActionDispatch::Static#call'
rack (3.1.15) lib/rack/sendfile.rb:114:in 'Rack::Sendfile#call'
actionpack (8.0.2) lib/action_dispatch/middleware/host_authorization.rb:143:in 'ActionDispatch::HostAuthorization#call'
railties (8.0.2) lib/rails/engine.rb:535:in 'Rails::Engine#call'
puma (6.6.0) lib/puma/configuration.rb:279:in 'Puma::Configuration::ConfigMiddleware#call'
puma (6.6.0) lib/puma/request.rb:99:in 'block in Puma::Request#handle_request'
puma (6.6.0) lib/puma/thread_pool.rb:390:in 'Puma::ThreadPool#with_force_shutdown'
puma (6.6.0) lib/puma/request.rb:98:in 'Puma::Request#handle_request'
puma (6.6.0) lib/puma/server.rb:472:in 'Puma::Server#process_client'
puma (6.6.0) lib/puma/server.rb:254:in 'block in Puma::Server#run'
puma (6.6.0) lib/puma/thread_pool.rb:167:in 'block in Puma::ThreadPool#spawn_thread'
Started POST "/login" for ::1 at 2025-05-29 10:42:30 +0530
  
ActionController::RoutingError (uninitialized constant SessionController)
Caused by: ActionDispatch::MissingController (uninitialized constant SessionController)
Caused by: NameError (uninitialized constant SessionController)

Information for: ActionController::RoutingError (uninitialized constant SessionController):
  

Information for cause: ActionDispatch::MissingController (uninitialized constant SessionController):
  
actionpack (8.0.2) lib/action_dispatch/http/request.rb:102:in 'ActionDispatch::Request#controller_class_for'
actionpack (8.0.2) lib/action_dispatch/http/request.rb:91:in 'ActionDispatch::Request#controller_class'
actionpack (8.0.2) lib/action_dispatch/routing/route_set.rb:61:in 'ActionDispatch::Routing::RouteSet::Dispatcher#controller'
actionpack (8.0.2) lib/action_dispatch/routing/route_set.rb:48:in 'ActionDispatch::Routing::RouteSet::Dispatcher#serve'
actionpack (8.0.2) lib/action_dispatch/journey/router.rb:53:in 'block in ActionDispatch::Journey::Router#serve'
actionpack (8.0.2) lib/action_dispatch/journey/router.rb:133:in 'block in ActionDispatch::Journey::Router#find_routes'
actionpack (8.0.2) lib/action_dispatch/journey/router.rb:126:in 'Array#each'
actionpack (8.0.2) lib/action_dispatch/journey/router.rb:126:in 'ActionDispatch::Journey::Router#find_routes'
actionpack (8.0.2) lib/action_dispatch/journey/router.rb:34:in 'ActionDispatch::Journey::Router#serve'
actionpack (8.0.2) lib/action_dispatch/routing/route_set.rb:908:in 'ActionDispatch::Routing::RouteSet#call'
railties (8.0.2) lib/rails/engine/lazy_route_set.rb:68:in 'Rails::Engine::LazyRouteSet#call'
rack (3.1.15) lib/rack/tempfile_reaper.rb:20:in 'Rack::TempfileReaper#call'
rack (3.1.15) lib/rack/etag.rb:29:in 'Rack::ETag#call'
rack (3.1.15) lib/rack/conditional_get.rb:43:in 'Rack::ConditionalGet#call'
rack (3.1.15) lib/rack/head.rb:15:in 'Rack::Head#call'
actionpack (8.0.2) lib/action_dispatch/http/permissions_policy.rb:38:in 'ActionDispatch::PermissionsPolicy::Middleware#call'
actionpack (8.0.2) lib/action_dispatch/http/content_security_policy.rb:38:in 'ActionDispatch::ContentSecurityPolicy::Middleware#call'
rack-session (2.1.1) lib/rack/session/abstract/id.rb:274:in 'Rack::Session::Abstract::Persisted#context'
rack-session (2.1.1) lib/rack/session/abstract/id.rb:268:in 'Rack::Session::Abstract::Persisted#call'
actionpack (8.0.2) lib/action_dispatch/middleware/cookies.rb:706:in 'ActionDispatch::Cookies#call'
activerecord (8.0.2) lib/active_record/migration.rb:671:in 'ActiveRecord::Migration::CheckPending#call'
actionpack (8.0.2) lib/action_dispatch/middleware/callbacks.rb:31:in 'block in ActionDispatch::Callbacks#call'
activesupport (8.0.2) lib/active_support/callbacks.rb:100:in 'ActiveSupport::Callbacks#run_callbacks'
actionpack (8.0.2) lib/action_dispatch/middleware/callbacks.rb:30:in 'ActionDispatch::Callbacks#call'
actionpack (8.0.2) lib/action_dispatch/middleware/executor.rb:16:in 'ActionDispatch::Executor#call'
actionpack (8.0.2) lib/action_dispatch/middleware/actionable_exceptions.rb:18:in 'ActionDispatch::ActionableExceptions#call'
actionpack (8.0.2) lib/action_dispatch/middleware/debug_exceptions.rb:31:in 'ActionDispatch::DebugExceptions#call'
web-console (4.2.1) lib/web_console/middleware.rb:132:in 'WebConsole::Middleware#call_app'
web-console (4.2.1) lib/web_console/middleware.rb:28:in 'block in WebConsole::Middleware#call'
web-console (4.2.1) lib/web_console/middleware.rb:17:in 'Kernel#catch'
web-console (4.2.1) lib/web_console/middleware.rb:17:in 'WebConsole::Middleware#call'
actionpack (8.0.2) lib/action_dispatch/middleware/show_exceptions.rb:32:in 'ActionDispatch::ShowExceptions#call'
railties (8.0.2) lib/rails/rack/logger.rb:41:in 'Rails::Rack::Logger#call_app'
railties (8.0.2) lib/rails/rack/logger.rb:29:in 'Rails::Rack::Logger#call'
actionpack (8.0.2) lib/action_dispatch/middleware/remote_ip.rb:96:in 'ActionDispatch::RemoteIp#call'
actionpack (8.0.2) lib/action_dispatch/middleware/request_id.rb:34:in 'ActionDispatch::RequestId#call'
rack (3.1.15) lib/rack/method_override.rb:28:in 'Rack::MethodOverride#call'
rack (3.1.15) lib/rack/runtime.rb:24:in 'Rack::Runtime#call'
actionpack (8.0.2) lib/action_dispatch/middleware/server_timing.rb:61:in 'block in ActionDispatch::ServerTiming#call'
actionpack (8.0.2) lib/action_dispatch/middleware/server_timing.rb:26:in 'ActionDispatch::ServerTiming::Subscriber#collect_events'
actionpack (8.0.2) lib/action_dispatch/middleware/server_timing.rb:60:in 'ActionDispatch::ServerTiming#call'
actionpack (8.0.2) lib/action_dispatch/middleware/executor.rb:16:in 'ActionDispatch::Executor#call'
actionpack (8.0.2) lib/action_dispatch/middleware/static.rb:27:in 'ActionDispatch::Static#call'
rack (3.1.15) lib/rack/sendfile.rb:114:in 'Rack::Sendfile#call'
actionpack (8.0.2) lib/action_dispatch/middleware/host_authorization.rb:143:in 'ActionDispatch::HostAuthorization#call'
railties (8.0.2) lib/rails/engine.rb:535:in 'Rails::Engine#call'
puma (6.6.0) lib/puma/configuration.rb:279:in 'Puma::Configuration::ConfigMiddleware#call'
puma (6.6.0) lib/puma/request.rb:99:in 'block in Puma::Request#handle_request'
puma (6.6.0) lib/puma/thread_pool.rb:390:in 'Puma::ThreadPool#with_force_shutdown'
puma (6.6.0) lib/puma/request.rb:98:in 'Puma::Request#handle_request'
puma (6.6.0) lib/puma/server.rb:472:in 'Puma::Server#process_client'
puma (6.6.0) lib/puma/server.rb:254:in 'block in Puma::Server#run'
puma (6.6.0) lib/puma/thread_pool.rb:167:in 'block in Puma::ThreadPool#spawn_thread'

Information for cause: NameError (uninitialized constant SessionController):
  
activesupport (8.0.2) lib/active_support/inflector/methods.rb:290:in 'ActiveSupport::Inflector#constantize'
activesupport (8.0.2) lib/active_support/core_ext/string/inflections.rb:74:in 'String#constantize'
actionpack (8.0.2) lib/action_dispatch/http/request.rb:99:in 'ActionDispatch::Request#controller_class_for'
actionpack (8.0.2) lib/action_dispatch/http/request.rb:91:in 'ActionDispatch::Request#controller_class'
actionpack (8.0.2) lib/action_dispatch/routing/route_set.rb:61:in 'ActionDispatch::Routing::RouteSet::Dispatcher#controller'
actionpack (8.0.2) lib/action_dispatch/routing/route_set.rb:48:in 'ActionDispatch::Routing::RouteSet::Dispatcher#serve'
actionpack (8.0.2) lib/action_dispatch/journey/router.rb:53:in 'block in ActionDispatch::Journey::Router#serve'
actionpack (8.0.2) lib/action_dispatch/journey/router.rb:133:in 'block in ActionDispatch::Journey::Router#find_routes'
actionpack (8.0.2) lib/action_dispatch/journey/router.rb:126:in 'Array#each'
actionpack (8.0.2) lib/action_dispatch/journey/router.rb:126:in 'ActionDispatch::Journey::Router#find_routes'
actionpack (8.0.2) lib/action_dispatch/journey/router.rb:34:in 'ActionDispatch::Journey::Router#serve'
actionpack (8.0.2) lib/action_dispatch/routing/route_set.rb:908:in 'ActionDispatch::Routing::RouteSet#call'
railties (8.0.2) lib/rails/engine/lazy_route_set.rb:68:in 'Rails::Engine::LazyRouteSet#call'
rack (3.1.15) lib/rack/tempfile_reaper.rb:20:in 'Rack::TempfileReaper#call'
rack (3.1.15) lib/rack/etag.rb:29:in 'Rack::ETag#call'
rack (3.1.15) lib/rack/conditional_get.rb:43:in 'Rack::ConditionalGet#call'
rack (3.1.15) lib/rack/head.rb:15:in 'Rack::Head#call'
actionpack (8.0.2) lib/action_dispatch/http/permissions_policy.rb:38:in 'ActionDispatch::PermissionsPolicy::Middleware#call'
actionpack (8.0.2) lib/action_dispatch/http/content_security_policy.rb:38:in 'ActionDispatch::ContentSecurityPolicy::Middleware#call'
rack-session (2.1.1) lib/rack/session/abstract/id.rb:274:in 'Rack::Session::Abstract::Persisted#context'
rack-session (2.1.1) lib/rack/session/abstract/id.rb:268:in 'Rack::Session::Abstract::Persisted#call'
actionpack (8.0.2) lib/action_dispatch/middleware/cookies.rb:706:in 'ActionDispatch::Cookies#call'
activerecord (8.0.2) lib/active_record/migration.rb:671:in 'ActiveRecord::Migration::CheckPending#call'
actionpack (8.0.2) lib/action_dispatch/middleware/callbacks.rb:31:in 'block in ActionDispatch::Callbacks#call'
activesupport (8.0.2) lib/active_support/callbacks.rb:100:in 'ActiveSupport::Callbacks#run_callbacks'
actionpack (8.0.2) lib/action_dispatch/middleware/callbacks.rb:30:in 'ActionDispatch::Callbacks#call'
actionpack (8.0.2) lib/action_dispatch/middleware/executor.rb:16:in 'ActionDispatch::Executor#call'
actionpack (8.0.2) lib/action_dispatch/middleware/actionable_exceptions.rb:18:in 'ActionDispatch::ActionableExceptions#call'
actionpack (8.0.2) lib/action_dispatch/middleware/debug_exceptions.rb:31:in 'ActionDispatch::DebugExceptions#call'
web-console (4.2.1) lib/web_console/middleware.rb:132:in 'WebConsole::Middleware#call_app'
web-console (4.2.1) lib/web_console/middleware.rb:28:in 'block in WebConsole::Middleware#call'
web-console (4.2.1) lib/web_console/middleware.rb:17:in 'Kernel#catch'
web-console (4.2.1) lib/web_console/middleware.rb:17:in 'WebConsole::Middleware#call'
actionpack (8.0.2) lib/action_dispatch/middleware/show_exceptions.rb:32:in 'ActionDispatch::ShowExceptions#call'
railties (8.0.2) lib/rails/rack/logger.rb:41:in 'Rails::Rack::Logger#call_app'
railties (8.0.2) lib/rails/rack/logger.rb:29:in 'Rails::Rack::Logger#call'
actionpack (8.0.2) lib/action_dispatch/middleware/remote_ip.rb:96:in 'ActionDispatch::RemoteIp#call'
actionpack (8.0.2) lib/action_dispatch/middleware/request_id.rb:34:in 'ActionDispatch::RequestId#call'
rack (3.1.15) lib/rack/method_override.rb:28:in 'Rack::MethodOverride#call'
rack (3.1.15) lib/rack/runtime.rb:24:in 'Rack::Runtime#call'
actionpack (8.0.2) lib/action_dispatch/middleware/server_timing.rb:61:in 'block in ActionDispatch::ServerTiming#call'
actionpack (8.0.2) lib/action_dispatch/middleware/server_timing.rb:26:in 'ActionDispatch::ServerTiming::Subscriber#collect_events'
actionpack (8.0.2) lib/action_dispatch/middleware/server_timing.rb:60:in 'ActionDispatch::ServerTiming#call'
actionpack (8.0.2) lib/action_dispatch/middleware/executor.rb:16:in 'ActionDispatch::Executor#call'
actionpack (8.0.2) lib/action_dispatch/middleware/static.rb:27:in 'ActionDispatch::Static#call'
rack (3.1.15) lib/rack/sendfile.rb:114:in 'Rack::Sendfile#call'
actionpack (8.0.2) lib/action_dispatch/middleware/host_authorization.rb:143:in 'ActionDispatch::HostAuthorization#call'
railties (8.0.2) lib/rails/engine.rb:535:in 'Rails::Engine#call'
puma (6.6.0) lib/puma/configuration.rb:279:in 'Puma::Configuration::ConfigMiddleware#call'
puma (6.6.0) lib/puma/request.rb:99:in 'block in Puma::Request#handle_request'
puma (6.6.0) lib/puma/thread_pool.rb:390:in 'Puma::ThreadPool#with_force_shutdown'
puma (6.6.0) lib/puma/request.rb:98:in 'Puma::Request#handle_request'
puma (6.6.0) lib/puma/server.rb:472:in 'Puma::Server#process_client'
puma (6.6.0) lib/puma/server.rb:254:in 'block in Puma::Server#run'
puma (6.6.0) lib/puma/thread_pool.rb:167:in 'block in Puma::ThreadPool#spawn_thread'
Started POST "/login" for ::1 at 2025-05-29 10:42:32 +0530
  
ActionController::RoutingError (uninitialized constant SessionController)
Caused by: ActionDispatch::MissingController (uninitialized constant SessionController)
Caused by: NameError (uninitialized constant SessionController)

Information for: ActionController::RoutingError (uninitialized constant SessionController):
  

Information for cause: ActionDispatch::MissingController (uninitialized constant SessionController):
  
actionpack (8.0.2) lib/action_dispatch/http/request.rb:102:in 'ActionDispatch::Request#controller_class_for'
actionpack (8.0.2) lib/action_dispatch/http/request.rb:91:in 'ActionDispatch::Request#controller_class'
actionpack (8.0.2) lib/action_dispatch/routing/route_set.rb:61:in 'ActionDispatch::Routing::RouteSet::Dispatcher#controller'
actionpack (8.0.2) lib/action_dispatch/routing/route_set.rb:48:in 'ActionDispatch::Routing::RouteSet::Dispatcher#serve'
actionpack (8.0.2) lib/action_dispatch/journey/router.rb:53:in 'block in ActionDispatch::Journey::Router#serve'
actionpack (8.0.2) lib/action_dispatch/journey/router.rb:133:in 'block in ActionDispatch::Journey::Router#find_routes'
actionpack (8.0.2) lib/action_dispatch/journey/router.rb:126:in 'Array#each'
actionpack (8.0.2) lib/action_dispatch/journey/router.rb:126:in 'ActionDispatch::Journey::Router#find_routes'
actionpack (8.0.2) lib/action_dispatch/journey/router.rb:34:in 'ActionDispatch::Journey::Router#serve'
actionpack (8.0.2) lib/action_dispatch/routing/route_set.rb:908:in 'ActionDispatch::Routing::RouteSet#call'
railties (8.0.2) lib/rails/engine/lazy_route_set.rb:68:in 'Rails::Engine::LazyRouteSet#call'
rack (3.1.15) lib/rack/tempfile_reaper.rb:20:in 'Rack::TempfileReaper#call'
rack (3.1.15) lib/rack/etag.rb:29:in 'Rack::ETag#call'
rack (3.1.15) lib/rack/conditional_get.rb:43:in 'Rack::ConditionalGet#call'
rack (3.1.15) lib/rack/head.rb:15:in 'Rack::Head#call'
actionpack (8.0.2) lib/action_dispatch/http/permissions_policy.rb:38:in 'ActionDispatch::PermissionsPolicy::Middleware#call'
actionpack (8.0.2) lib/action_dispatch/http/content_security_policy.rb:38:in 'ActionDispatch::ContentSecurityPolicy::Middleware#call'
rack-session (2.1.1) lib/rack/session/abstract/id.rb:274:in 'Rack::Session::Abstract::Persisted#context'
rack-session (2.1.1) lib/rack/session/abstract/id.rb:268:in 'Rack::Session::Abstract::Persisted#call'
actionpack (8.0.2) lib/action_dispatch/middleware/cookies.rb:706:in 'ActionDispatch::Cookies#call'
activerecord (8.0.2) lib/active_record/migration.rb:671:in 'ActiveRecord::Migration::CheckPending#call'
actionpack (8.0.2) lib/action_dispatch/middleware/callbacks.rb:31:in 'block in ActionDispatch::Callbacks#call'
activesupport (8.0.2) lib/active_support/callbacks.rb:100:in 'ActiveSupport::Callbacks#run_callbacks'
actionpack (8.0.2) lib/action_dispatch/middleware/callbacks.rb:30:in 'ActionDispatch::Callbacks#call'
actionpack (8.0.2) lib/action_dispatch/middleware/executor.rb:16:in 'ActionDispatch::Executor#call'
actionpack (8.0.2) lib/action_dispatch/middleware/actionable_exceptions.rb:18:in 'ActionDispatch::ActionableExceptions#call'
actionpack (8.0.2) lib/action_dispatch/middleware/debug_exceptions.rb:31:in 'ActionDispatch::DebugExceptions#call'
web-console (4.2.1) lib/web_console/middleware.rb:132:in 'WebConsole::Middleware#call_app'
web-console (4.2.1) lib/web_console/middleware.rb:28:in 'block in WebConsole::Middleware#call'
web-console (4.2.1) lib/web_console/middleware.rb:17:in 'Kernel#catch'
web-console (4.2.1) lib/web_console/middleware.rb:17:in 'WebConsole::Middleware#call'
actionpack (8.0.2) lib/action_dispatch/middleware/show_exceptions.rb:32:in 'ActionDispatch::ShowExceptions#call'
railties (8.0.2) lib/rails/rack/logger.rb:41:in 'Rails::Rack::Logger#call_app'
railties (8.0.2) lib/rails/rack/logger.rb:29:in 'Rails::Rack::Logger#call'
actionpack (8.0.2) lib/action_dispatch/middleware/remote_ip.rb:96:in 'ActionDispatch::RemoteIp#call'
actionpack (8.0.2) lib/action_dispatch/middleware/request_id.rb:34:in 'ActionDispatch::RequestId#call'
rack (3.1.15) lib/rack/method_override.rb:28:in 'Rack::MethodOverride#call'
rack (3.1.15) lib/rack/runtime.rb:24:in 'Rack::Runtime#call'
actionpack (8.0.2) lib/action_dispatch/middleware/server_timing.rb:61:in 'block in ActionDispatch::ServerTiming#call'
actionpack (8.0.2) lib/action_dispatch/middleware/server_timing.rb:26:in 'ActionDispatch::ServerTiming::Subscriber#collect_events'
actionpack (8.0.2) lib/action_dispatch/middleware/server_timing.rb:60:in 'ActionDispatch::ServerTiming#call'
actionpack (8.0.2) lib/action_dispatch/middleware/executor.rb:16:in 'ActionDispatch::Executor#call'
actionpack (8.0.2) lib/action_dispatch/middleware/static.rb:27:in 'ActionDispatch::Static#call'
rack (3.1.15) lib/rack/sendfile.rb:114:in 'Rack::Sendfile#call'
actionpack (8.0.2) lib/action_dispatch/middleware/host_authorization.rb:143:in 'ActionDispatch::HostAuthorization#call'
railties (8.0.2) lib/rails/engine.rb:535:in 'Rails::Engine#call'
puma (6.6.0) lib/puma/configuration.rb:279:in 'Puma::Configuration::ConfigMiddleware#call'
puma (6.6.0) lib/puma/request.rb:99:in 'block in Puma::Request#handle_request'
puma (6.6.0) lib/puma/thread_pool.rb:390:in 'Puma::ThreadPool#with_force_shutdown'
puma (6.6.0) lib/puma/request.rb:98:in 'Puma::Request#handle_request'
puma (6.6.0) lib/puma/server.rb:472:in 'Puma::Server#process_client'
puma (6.6.0) lib/puma/server.rb:254:in 'block in Puma::Server#run'
puma (6.6.0) lib/puma/thread_pool.rb:167:in 'block in Puma::ThreadPool#spawn_thread'

Information for cause: NameError (uninitialized constant SessionController):
  
activesupport (8.0.2) lib/active_support/inflector/methods.rb:290:in 'ActiveSupport::Inflector#constantize'
activesupport (8.0.2) lib/active_support/core_ext/string/inflections.rb:74:in 'String#constantize'
actionpack (8.0.2) lib/action_dispatch/http/request.rb:99:in 'ActionDispatch::Request#controller_class_for'
actionpack (8.0.2) lib/action_dispatch/http/request.rb:91:in 'ActionDispatch::Request#controller_class'
actionpack (8.0.2) lib/action_dispatch/routing/route_set.rb:61:in 'ActionDispatch::Routing::RouteSet::Dispatcher#controller'
actionpack (8.0.2) lib/action_dispatch/routing/route_set.rb:48:in 'ActionDispatch::Routing::RouteSet::Dispatcher#serve'
actionpack (8.0.2) lib/action_dispatch/journey/router.rb:53:in 'block in ActionDispatch::Journey::Router#serve'
actionpack (8.0.2) lib/action_dispatch/journey/router.rb:133:in 'block in ActionDispatch::Journey::Router#find_routes'
actionpack (8.0.2) lib/action_dispatch/journey/router.rb:126:in 'Array#each'
actionpack (8.0.2) lib/action_dispatch/journey/router.rb:126:in 'ActionDispatch::Journey::Router#find_routes'
actionpack (8.0.2) lib/action_dispatch/journey/router.rb:34:in 'ActionDispatch::Journey::Router#serve'
actionpack (8.0.2) lib/action_dispatch/routing/route_set.rb:908:in 'ActionDispatch::Routing::RouteSet#call'
railties (8.0.2) lib/rails/engine/lazy_route_set.rb:68:in 'Rails::Engine::LazyRouteSet#call'
rack (3.1.15) lib/rack/tempfile_reaper.rb:20:in 'Rack::TempfileReaper#call'
rack (3.1.15) lib/rack/etag.rb:29:in 'Rack::ETag#call'
rack (3.1.15) lib/rack/conditional_get.rb:43:in 'Rack::ConditionalGet#call'
rack (3.1.15) lib/rack/head.rb:15:in 'Rack::Head#call'
actionpack (8.0.2) lib/action_dispatch/http/permissions_policy.rb:38:in 'ActionDispatch::PermissionsPolicy::Middleware#call'
actionpack (8.0.2) lib/action_dispatch/http/content_security_policy.rb:38:in 'ActionDispatch::ContentSecurityPolicy::Middleware#call'
rack-session (2.1.1) lib/rack/session/abstract/id.rb:274:in 'Rack::Session::Abstract::Persisted#context'
rack-session (2.1.1) lib/rack/session/abstract/id.rb:268:in 'Rack::Session::Abstract::Persisted#call'
actionpack (8.0.2) lib/action_dispatch/middleware/cookies.rb:706:in 'ActionDispatch::Cookies#call'
activerecord (8.0.2) lib/active_record/migration.rb:671:in 'ActiveRecord::Migration::CheckPending#call'
actionpack (8.0.2) lib/action_dispatch/middleware/callbacks.rb:31:in 'block in ActionDispatch::Callbacks#call'
activesupport (8.0.2) lib/active_support/callbacks.rb:100:in 'ActiveSupport::Callbacks#run_callbacks'
actionpack (8.0.2) lib/action_dispatch/middleware/callbacks.rb:30:in 'ActionDispatch::Callbacks#call'
actionpack (8.0.2) lib/action_dispatch/middleware/executor.rb:16:in 'ActionDispatch::Executor#call'
actionpack (8.0.2) lib/action_dispatch/middleware/actionable_exceptions.rb:18:in 'ActionDispatch::ActionableExceptions#call'
actionpack (8.0.2) lib/action_dispatch/middleware/debug_exceptions.rb:31:in 'ActionDispatch::DebugExceptions#call'
web-console (4.2.1) lib/web_console/middleware.rb:132:in 'WebConsole::Middleware#call_app'
web-console (4.2.1) lib/web_console/middleware.rb:28:in 'block in WebConsole::Middleware#call'
web-console (4.2.1) lib/web_console/middleware.rb:17:in 'Kernel#catch'
web-console (4.2.1) lib/web_console/middleware.rb:17:in 'WebConsole::Middleware#call'
actionpack (8.0.2) lib/action_dispatch/middleware/show_exceptions.rb:32:in 'ActionDispatch::ShowExceptions#call'
railties (8.0.2) lib/rails/rack/logger.rb:41:in 'Rails::Rack::Logger#call_app'
railties (8.0.2) lib/rails/rack/logger.rb:29:in 'Rails::Rack::Logger#call'
actionpack (8.0.2) lib/action_dispatch/middleware/remote_ip.rb:96:in 'ActionDispatch::RemoteIp#call'
actionpack (8.0.2) lib/action_dispatch/middleware/request_id.rb:34:in 'ActionDispatch::RequestId#call'
rack (3.1.15) lib/rack/method_override.rb:28:in 'Rack::MethodOverride#call'
rack (3.1.15) lib/rack/runtime.rb:24:in 'Rack::Runtime#call'
actionpack (8.0.2) lib/action_dispatch/middleware/server_timing.rb:61:in 'block in ActionDispatch::ServerTiming#call'
actionpack (8.0.2) lib/action_dispatch/middleware/server_timing.rb:26:in 'ActionDispatch::ServerTiming::Subscriber#collect_events'
actionpack (8.0.2) lib/action_dispatch/middleware/server_timing.rb:60:in 'ActionDispatch::ServerTiming#call'
actionpack (8.0.2) lib/action_dispatch/middleware/executor.rb:16:in 'ActionDispatch::Executor#call'
actionpack (8.0.2) lib/action_dispatch/middleware/static.rb:27:in 'ActionDispatch::Static#call'
rack (3.1.15) lib/rack/sendfile.rb:114:in 'Rack::Sendfile#call'
actionpack (8.0.2) lib/action_dispatch/middleware/host_authorization.rb:143:in 'ActionDispatch::HostAuthorization#call'
railties (8.0.2) lib/rails/engine.rb:535:in 'Rails::Engine#call'
puma (6.6.0) lib/puma/configuration.rb:279:in 'Puma::Configuration::ConfigMiddleware#call'
puma (6.6.0) lib/puma/request.rb:99:in 'block in Puma::Request#handle_request'
puma (6.6.0) lib/puma/thread_pool.rb:390:in 'Puma::ThreadPool#with_force_shutdown'
puma (6.6.0) lib/puma/request.rb:98:in 'Puma::Request#handle_request'
puma (6.6.0) lib/puma/server.rb:472:in 'Puma::Server#process_client'
puma (6.6.0) lib/puma/server.rb:254:in 'block in Puma::Server#run'
puma (6.6.0) lib/puma/thread_pool.rb:167:in 'block in Puma::ThreadPool#spawn_thread'
Started POST "/login" for ::1 at 2025-05-29 10:42:40 +0530
  
ActionController::RoutingError (uninitialized constant SessionController)
Caused by: ActionDispatch::MissingController (uninitialized constant SessionController)
Caused by: NameError (uninitialized constant SessionController)

Information for: ActionController::RoutingError (uninitialized constant SessionController):
  

Information for cause: ActionDispatch::MissingController (uninitialized constant SessionController):
  
actionpack (8.0.2) lib/action_dispatch/http/request.rb:102:in 'ActionDispatch::Request#controller_class_for'
actionpack (8.0.2) lib/action_dispatch/http/request.rb:91:in 'ActionDispatch::Request#controller_class'
actionpack (8.0.2) lib/action_dispatch/routing/route_set.rb:61:in 'ActionDispatch::Routing::RouteSet::Dispatcher#controller'
actionpack (8.0.2) lib/action_dispatch/routing/route_set.rb:48:in 'ActionDispatch::Routing::RouteSet::Dispatcher#serve'
actionpack (8.0.2) lib/action_dispatch/journey/router.rb:53:in 'block in ActionDispatch::Journey::Router#serve'
actionpack (8.0.2) lib/action_dispatch/journey/router.rb:133:in 'block in ActionDispatch::Journey::Router#find_routes'
actionpack (8.0.2) lib/action_dispatch/journey/router.rb:126:in 'Array#each'
actionpack (8.0.2) lib/action_dispatch/journey/router.rb:126:in 'ActionDispatch::Journey::Router#find_routes'
actionpack (8.0.2) lib/action_dispatch/journey/router.rb:34:in 'ActionDispatch::Journey::Router#serve'
actionpack (8.0.2) lib/action_dispatch/routing/route_set.rb:908:in 'ActionDispatch::Routing::RouteSet#call'
railties (8.0.2) lib/rails/engine/lazy_route_set.rb:68:in 'Rails::Engine::LazyRouteSet#call'
rack (3.1.15) lib/rack/tempfile_reaper.rb:20:in 'Rack::TempfileReaper#call'
rack (3.1.15) lib/rack/etag.rb:29:in 'Rack::ETag#call'
rack (3.1.15) lib/rack/conditional_get.rb:43:in 'Rack::ConditionalGet#call'
rack (3.1.15) lib/rack/head.rb:15:in 'Rack::Head#call'
actionpack (8.0.2) lib/action_dispatch/http/permissions_policy.rb:38:in 'ActionDispatch::PermissionsPolicy::Middleware#call'
actionpack (8.0.2) lib/action_dispatch/http/content_security_policy.rb:38:in 'ActionDispatch::ContentSecurityPolicy::Middleware#call'
rack-session (2.1.1) lib/rack/session/abstract/id.rb:274:in 'Rack::Session::Abstract::Persisted#context'
rack-session (2.1.1) lib/rack/session/abstract/id.rb:268:in 'Rack::Session::Abstract::Persisted#call'
actionpack (8.0.2) lib/action_dispatch/middleware/cookies.rb:706:in 'ActionDispatch::Cookies#call'
activerecord (8.0.2) lib/active_record/migration.rb:671:in 'ActiveRecord::Migration::CheckPending#call'
actionpack (8.0.2) lib/action_dispatch/middleware/callbacks.rb:31:in 'block in ActionDispatch::Callbacks#call'
activesupport (8.0.2) lib/active_support/callbacks.rb:100:in 'ActiveSupport::Callbacks#run_callbacks'
actionpack (8.0.2) lib/action_dispatch/middleware/callbacks.rb:30:in 'ActionDispatch::Callbacks#call'
actionpack (8.0.2) lib/action_dispatch/middleware/executor.rb:16:in 'ActionDispatch::Executor#call'
actionpack (8.0.2) lib/action_dispatch/middleware/actionable_exceptions.rb:18:in 'ActionDispatch::ActionableExceptions#call'
actionpack (8.0.2) lib/action_dispatch/middleware/debug_exceptions.rb:31:in 'ActionDispatch::DebugExceptions#call'
web-console (4.2.1) lib/web_console/middleware.rb:132:in 'WebConsole::Middleware#call_app'
web-console (4.2.1) lib/web_console/middleware.rb:28:in 'block in WebConsole::Middleware#call'
web-console (4.2.1) lib/web_console/middleware.rb:17:in 'Kernel#catch'
web-console (4.2.1) lib/web_console/middleware.rb:17:in 'WebConsole::Middleware#call'
actionpack (8.0.2) lib/action_dispatch/middleware/show_exceptions.rb:32:in 'ActionDispatch::ShowExceptions#call'
railties (8.0.2) lib/rails/rack/logger.rb:41:in 'Rails::Rack::Logger#call_app'
railties (8.0.2) lib/rails/rack/logger.rb:29:in 'Rails::Rack::Logger#call'
actionpack (8.0.2) lib/action_dispatch/middleware/remote_ip.rb:96:in 'ActionDispatch::RemoteIp#call'
actionpack (8.0.2) lib/action_dispatch/middleware/request_id.rb:34:in 'ActionDispatch::RequestId#call'
rack (3.1.15) lib/rack/method_override.rb:28:in 'Rack::MethodOverride#call'
rack (3.1.15) lib/rack/runtime.rb:24:in 'Rack::Runtime#call'
actionpack (8.0.2) lib/action_dispatch/middleware/server_timing.rb:61:in 'block in ActionDispatch::ServerTiming#call'
actionpack (8.0.2) lib/action_dispatch/middleware/server_timing.rb:26:in 'ActionDispatch::ServerTiming::Subscriber#collect_events'
actionpack (8.0.2) lib/action_dispatch/middleware/server_timing.rb:60:in 'ActionDispatch::ServerTiming#call'
actionpack (8.0.2) lib/action_dispatch/middleware/executor.rb:16:in 'ActionDispatch::Executor#call'
actionpack (8.0.2) lib/action_dispatch/middleware/static.rb:27:in 'ActionDispatch::Static#call'
rack (3.1.15) lib/rack/sendfile.rb:114:in 'Rack::Sendfile#call'
actionpack (8.0.2) lib/action_dispatch/middleware/host_authorization.rb:143:in 'ActionDispatch::HostAuthorization#call'
railties (8.0.2) lib/rails/engine.rb:535:in 'Rails::Engine#call'
puma (6.6.0) lib/puma/configuration.rb:279:in 'Puma::Configuration::ConfigMiddleware#call'
puma (6.6.0) lib/puma/request.rb:99:in 'block in Puma::Request#handle_request'
puma (6.6.0) lib/puma/thread_pool.rb:390:in 'Puma::ThreadPool#with_force_shutdown'
puma (6.6.0) lib/puma/request.rb:98:in 'Puma::Request#handle_request'
puma (6.6.0) lib/puma/server.rb:472:in 'Puma::Server#process_client'
puma (6.6.0) lib/puma/server.rb:254:in 'block in Puma::Server#run'
puma (6.6.0) lib/puma/thread_pool.rb:167:in 'block in Puma::ThreadPool#spawn_thread'

Information for cause: NameError (uninitialized constant SessionController):
  
activesupport (8.0.2) lib/active_support/inflector/methods.rb:290:in 'ActiveSupport::Inflector#constantize'
activesupport (8.0.2) lib/active_support/core_ext/string/inflections.rb:74:in 'String#constantize'
actionpack (8.0.2) lib/action_dispatch/http/request.rb:99:in 'ActionDispatch::Request#controller_class_for'
actionpack (8.0.2) lib/action_dispatch/http/request.rb:91:in 'ActionDispatch::Request#controller_class'
actionpack (8.0.2) lib/action_dispatch/routing/route_set.rb:61:in 'ActionDispatch::Routing::RouteSet::Dispatcher#controller'
actionpack (8.0.2) lib/action_dispatch/routing/route_set.rb:48:in 'ActionDispatch::Routing::RouteSet::Dispatcher#serve'
actionpack (8.0.2) lib/action_dispatch/journey/router.rb:53:in 'block in ActionDispatch::Journey::Router#serve'
actionpack (8.0.2) lib/action_dispatch/journey/router.rb:133:in 'block in ActionDispatch::Journey::Router#find_routes'
actionpack (8.0.2) lib/action_dispatch/journey/router.rb:126:in 'Array#each'
actionpack (8.0.2) lib/action_dispatch/journey/router.rb:126:in 'ActionDispatch::Journey::Router#find_routes'
actionpack (8.0.2) lib/action_dispatch/journey/router.rb:34:in 'ActionDispatch::Journey::Router#serve'
actionpack (8.0.2) lib/action_dispatch/routing/route_set.rb:908:in 'ActionDispatch::Routing::RouteSet#call'
railties (8.0.2) lib/rails/engine/lazy_route_set.rb:68:in 'Rails::Engine::LazyRouteSet#call'
rack (3.1.15) lib/rack/tempfile_reaper.rb:20:in 'Rack::TempfileReaper#call'
rack (3.1.15) lib/rack/etag.rb:29:in 'Rack::ETag#call'
rack (3.1.15) lib/rack/conditional_get.rb:43:in 'Rack::ConditionalGet#call'
rack (3.1.15) lib/rack/head.rb:15:in 'Rack::Head#call'
actionpack (8.0.2) lib/action_dispatch/http/permissions_policy.rb:38:in 'ActionDispatch::PermissionsPolicy::Middleware#call'
actionpack (8.0.2) lib/action_dispatch/http/content_security_policy.rb:38:in 'ActionDispatch::ContentSecurityPolicy::Middleware#call'
rack-session (2.1.1) lib/rack/session/abstract/id.rb:274:in 'Rack::Session::Abstract::Persisted#context'
rack-session (2.1.1) lib/rack/session/abstract/id.rb:268:in 'Rack::Session::Abstract::Persisted#call'
actionpack (8.0.2) lib/action_dispatch/middleware/cookies.rb:706:in 'ActionDispatch::Cookies#call'
activerecord (8.0.2) lib/active_record/migration.rb:671:in 'ActiveRecord::Migration::CheckPending#call'
actionpack (8.0.2) lib/action_dispatch/middleware/callbacks.rb:31:in 'block in ActionDispatch::Callbacks#call'
activesupport (8.0.2) lib/active_support/callbacks.rb:100:in 'ActiveSupport::Callbacks#run_callbacks'
actionpack (8.0.2) lib/action_dispatch/middleware/callbacks.rb:30:in 'ActionDispatch::Callbacks#call'
actionpack (8.0.2) lib/action_dispatch/middleware/executor.rb:16:in 'ActionDispatch::Executor#call'
actionpack (8.0.2) lib/action_dispatch/middleware/actionable_exceptions.rb:18:in 'ActionDispatch::ActionableExceptions#call'
actionpack (8.0.2) lib/action_dispatch/middleware/debug_exceptions.rb:31:in 'ActionDispatch::DebugExceptions#call'
web-console (4.2.1) lib/web_console/middleware.rb:132:in 'WebConsole::Middleware#call_app'
web-console (4.2.1) lib/web_console/middleware.rb:28:in 'block in WebConsole::Middleware#call'
web-console (4.2.1) lib/web_console/middleware.rb:17:in 'Kernel#catch'
web-console (4.2.1) lib/web_console/middleware.rb:17:in 'WebConsole::Middleware#call'
actionpack (8.0.2) lib/action_dispatch/middleware/show_exceptions.rb:32:in 'ActionDispatch::ShowExceptions#call'
railties (8.0.2) lib/rails/rack/logger.rb:41:in 'Rails::Rack::Logger#call_app'
railties (8.0.2) lib/rails/rack/logger.rb:29:in 'Rails::Rack::Logger#call'
actionpack (8.0.2) lib/action_dispatch/middleware/remote_ip.rb:96:in 'ActionDispatch::RemoteIp#call'
actionpack (8.0.2) lib/action_dispatch/middleware/request_id.rb:34:in 'ActionDispatch::RequestId#call'
rack (3.1.15) lib/rack/method_override.rb:28:in 'Rack::MethodOverride#call'
rack (3.1.15) lib/rack/runtime.rb:24:in 'Rack::Runtime#call'
actionpack (8.0.2) lib/action_dispatch/middleware/server_timing.rb:61:in 'block in ActionDispatch::ServerTiming#call'
actionpack (8.0.2) lib/action_dispatch/middleware/server_timing.rb:26:in 'ActionDispatch::ServerTiming::Subscriber#collect_events'
actionpack (8.0.2) lib/action_dispatch/middleware/server_timing.rb:60:in 'ActionDispatch::ServerTiming#call'
actionpack (8.0.2) lib/action_dispatch/middleware/executor.rb:16:in 'ActionDispatch::Executor#call'
actionpack (8.0.2) lib/action_dispatch/middleware/static.rb:27:in 'ActionDispatch::Static#call'
rack (3.1.15) lib/rack/sendfile.rb:114:in 'Rack::Sendfile#call'
actionpack (8.0.2) lib/action_dispatch/middleware/host_authorization.rb:143:in 'ActionDispatch::HostAuthorization#call'
railties (8.0.2) lib/rails/engine.rb:535:in 'Rails::Engine#call'
puma (6.6.0) lib/puma/configuration.rb:279:in 'Puma::Configuration::ConfigMiddleware#call'
puma (6.6.0) lib/puma/request.rb:99:in 'block in Puma::Request#handle_request'
puma (6.6.0) lib/puma/thread_pool.rb:390:in 'Puma::ThreadPool#with_force_shutdown'
puma (6.6.0) lib/puma/request.rb:98:in 'Puma::Request#handle_request'
puma (6.6.0) lib/puma/server.rb:472:in 'Puma::Server#process_client'
puma (6.6.0) lib/puma/server.rb:254:in 'block in Puma::Server#run'
puma (6.6.0) lib/puma/thread_pool.rb:167:in 'block in Puma::ThreadPool#spawn_thread'
Started POST "/login" for ::1 at 2025-05-29 10:42:45 +0530
  [1m[36mActiveRecord::SchemaMigration Load (1.4ms)[0m  [1m[34mSELECT "schema_migrations"."version" FROM "schema_migrations" ORDER BY "schema_migrations"."version" ASC /*application='UserManagement'*/[0m
  
ActionController::RoutingError (uninitialized constant SessionController)
Caused by: ActionDispatch::MissingController (uninitialized constant SessionController)
Caused by: NameError (uninitialized constant SessionController)

Information for: ActionController::RoutingError (uninitialized constant SessionController):
  

Information for cause: ActionDispatch::MissingController (uninitialized constant SessionController):
  
actionpack (8.0.2) lib/action_dispatch/http/request.rb:102:in 'ActionDispatch::Request#controller_class_for'
actionpack (8.0.2) lib/action_dispatch/http/request.rb:91:in 'ActionDispatch::Request#controller_class'
actionpack (8.0.2) lib/action_dispatch/routing/route_set.rb:61:in 'ActionDispatch::Routing::RouteSet::Dispatcher#controller'
actionpack (8.0.2) lib/action_dispatch/routing/route_set.rb:48:in 'ActionDispatch::Routing::RouteSet::Dispatcher#serve'
actionpack (8.0.2) lib/action_dispatch/journey/router.rb:53:in 'block in ActionDispatch::Journey::Router#serve'
actionpack (8.0.2) lib/action_dispatch/journey/router.rb:133:in 'block in ActionDispatch::Journey::Router#find_routes'
actionpack (8.0.2) lib/action_dispatch/journey/router.rb:126:in 'Array#each'
actionpack (8.0.2) lib/action_dispatch/journey/router.rb:126:in 'ActionDispatch::Journey::Router#find_routes'
actionpack (8.0.2) lib/action_dispatch/journey/router.rb:34:in 'ActionDispatch::Journey::Router#serve'
actionpack (8.0.2) lib/action_dispatch/routing/route_set.rb:908:in 'ActionDispatch::Routing::RouteSet#call'
railties (8.0.2) lib/rails/engine/lazy_route_set.rb:68:in 'Rails::Engine::LazyRouteSet#call'
rack (3.1.15) lib/rack/tempfile_reaper.rb:20:in 'Rack::TempfileReaper#call'
rack (3.1.15) lib/rack/etag.rb:29:in 'Rack::ETag#call'
rack (3.1.15) lib/rack/conditional_get.rb:43:in 'Rack::ConditionalGet#call'
rack (3.1.15) lib/rack/head.rb:15:in 'Rack::Head#call'
actionpack (8.0.2) lib/action_dispatch/http/permissions_policy.rb:38:in 'ActionDispatch::PermissionsPolicy::Middleware#call'
actionpack (8.0.2) lib/action_dispatch/http/content_security_policy.rb:38:in 'ActionDispatch::ContentSecurityPolicy::Middleware#call'
rack-session (2.1.1) lib/rack/session/abstract/id.rb:274:in 'Rack::Session::Abstract::Persisted#context'
rack-session (2.1.1) lib/rack/session/abstract/id.rb:268:in 'Rack::Session::Abstract::Persisted#call'
actionpack (8.0.2) lib/action_dispatch/middleware/cookies.rb:706:in 'ActionDispatch::Cookies#call'
activerecord (8.0.2) lib/active_record/migration.rb:671:in 'ActiveRecord::Migration::CheckPending#call'
actionpack (8.0.2) lib/action_dispatch/middleware/callbacks.rb:31:in 'block in ActionDispatch::Callbacks#call'
activesupport (8.0.2) lib/active_support/callbacks.rb:100:in 'ActiveSupport::Callbacks#run_callbacks'
actionpack (8.0.2) lib/action_dispatch/middleware/callbacks.rb:30:in 'ActionDispatch::Callbacks#call'
actionpack (8.0.2) lib/action_dispatch/middleware/executor.rb:16:in 'ActionDispatch::Executor#call'
actionpack (8.0.2) lib/action_dispatch/middleware/actionable_exceptions.rb:18:in 'ActionDispatch::ActionableExceptions#call'
actionpack (8.0.2) lib/action_dispatch/middleware/debug_exceptions.rb:31:in 'ActionDispatch::DebugExceptions#call'
web-console (4.2.1) lib/web_console/middleware.rb:132:in 'WebConsole::Middleware#call_app'
web-console (4.2.1) lib/web_console/middleware.rb:28:in 'block in WebConsole::Middleware#call'
web-console (4.2.1) lib/web_console/middleware.rb:17:in 'Kernel#catch'
web-console (4.2.1) lib/web_console/middleware.rb:17:in 'WebConsole::Middleware#call'
actionpack (8.0.2) lib/action_dispatch/middleware/show_exceptions.rb:32:in 'ActionDispatch::ShowExceptions#call'
railties (8.0.2) lib/rails/rack/logger.rb:41:in 'Rails::Rack::Logger#call_app'
railties (8.0.2) lib/rails/rack/logger.rb:29:in 'Rails::Rack::Logger#call'
actionpack (8.0.2) lib/action_dispatch/middleware/remote_ip.rb:96:in 'ActionDispatch::RemoteIp#call'
actionpack (8.0.2) lib/action_dispatch/middleware/request_id.rb:34:in 'ActionDispatch::RequestId#call'
rack (3.1.15) lib/rack/method_override.rb:28:in 'Rack::MethodOverride#call'
rack (3.1.15) lib/rack/runtime.rb:24:in 'Rack::Runtime#call'
actionpack (8.0.2) lib/action_dispatch/middleware/server_timing.rb:61:in 'block in ActionDispatch::ServerTiming#call'
actionpack (8.0.2) lib/action_dispatch/middleware/server_timing.rb:26:in 'ActionDispatch::ServerTiming::Subscriber#collect_events'
actionpack (8.0.2) lib/action_dispatch/middleware/server_timing.rb:60:in 'ActionDispatch::ServerTiming#call'
actionpack (8.0.2) lib/action_dispatch/middleware/executor.rb:16:in 'ActionDispatch::Executor#call'
actionpack (8.0.2) lib/action_dispatch/middleware/static.rb:27:in 'ActionDispatch::Static#call'
rack (3.1.15) lib/rack/sendfile.rb:114:in 'Rack::Sendfile#call'
actionpack (8.0.2) lib/action_dispatch/middleware/host_authorization.rb:143:in 'ActionDispatch::HostAuthorization#call'
railties (8.0.2) lib/rails/engine.rb:535:in 'Rails::Engine#call'
puma (6.6.0) lib/puma/configuration.rb:279:in 'Puma::Configuration::ConfigMiddleware#call'
puma (6.6.0) lib/puma/request.rb:99:in 'block in Puma::Request#handle_request'
puma (6.6.0) lib/puma/thread_pool.rb:390:in 'Puma::ThreadPool#with_force_shutdown'
puma (6.6.0) lib/puma/request.rb:98:in 'Puma::Request#handle_request'
puma (6.6.0) lib/puma/server.rb:472:in 'Puma::Server#process_client'
puma (6.6.0) lib/puma/server.rb:254:in 'block in Puma::Server#run'
puma (6.6.0) lib/puma/thread_pool.rb:167:in 'block in Puma::ThreadPool#spawn_thread'

Information for cause: NameError (uninitialized constant SessionController):
  
activesupport (8.0.2) lib/active_support/inflector/methods.rb:290:in 'ActiveSupport::Inflector#constantize'
activesupport (8.0.2) lib/active_support/core_ext/string/inflections.rb:74:in 'String#constantize'
actionpack (8.0.2) lib/action_dispatch/http/request.rb:99:in 'ActionDispatch::Request#controller_class_for'
actionpack (8.0.2) lib/action_dispatch/http/request.rb:91:in 'ActionDispatch::Request#controller_class'
actionpack (8.0.2) lib/action_dispatch/routing/route_set.rb:61:in 'ActionDispatch::Routing::RouteSet::Dispatcher#controller'
actionpack (8.0.2) lib/action_dispatch/routing/route_set.rb:48:in 'ActionDispatch::Routing::RouteSet::Dispatcher#serve'
actionpack (8.0.2) lib/action_dispatch/journey/router.rb:53:in 'block in ActionDispatch::Journey::Router#serve'
actionpack (8.0.2) lib/action_dispatch/journey/router.rb:133:in 'block in ActionDispatch::Journey::Router#find_routes'
actionpack (8.0.2) lib/action_dispatch/journey/router.rb:126:in 'Array#each'
actionpack (8.0.2) lib/action_dispatch/journey/router.rb:126:in 'ActionDispatch::Journey::Router#find_routes'
actionpack (8.0.2) lib/action_dispatch/journey/router.rb:34:in 'ActionDispatch::Journey::Router#serve'
actionpack (8.0.2) lib/action_dispatch/routing/route_set.rb:908:in 'ActionDispatch::Routing::RouteSet#call'
railties (8.0.2) lib/rails/engine/lazy_route_set.rb:68:in 'Rails::Engine::LazyRouteSet#call'
rack (3.1.15) lib/rack/tempfile_reaper.rb:20:in 'Rack::TempfileReaper#call'
rack (3.1.15) lib/rack/etag.rb:29:in 'Rack::ETag#call'
rack (3.1.15) lib/rack/conditional_get.rb:43:in 'Rack::ConditionalGet#call'
rack (3.1.15) lib/rack/head.rb:15:in 'Rack::Head#call'
actionpack (8.0.2) lib/action_dispatch/http/permissions_policy.rb:38:in 'ActionDispatch::PermissionsPolicy::Middleware#call'
actionpack (8.0.2) lib/action_dispatch/http/content_security_policy.rb:38:in 'ActionDispatch::ContentSecurityPolicy::Middleware#call'
rack-session (2.1.1) lib/rack/session/abstract/id.rb:274:in 'Rack::Session::Abstract::Persisted#context'
rack-session (2.1.1) lib/rack/session/abstract/id.rb:268:in 'Rack::Session::Abstract::Persisted#call'
actionpack (8.0.2) lib/action_dispatch/middleware/cookies.rb:706:in 'ActionDispatch::Cookies#call'
activerecord (8.0.2) lib/active_record/migration.rb:671:in 'ActiveRecord::Migration::CheckPending#call'
actionpack (8.0.2) lib/action_dispatch/middleware/callbacks.rb:31:in 'block in ActionDispatch::Callbacks#call'
activesupport (8.0.2) lib/active_support/callbacks.rb:100:in 'ActiveSupport::Callbacks#run_callbacks'
actionpack (8.0.2) lib/action_dispatch/middleware/callbacks.rb:30:in 'ActionDispatch::Callbacks#call'
actionpack (8.0.2) lib/action_dispatch/middleware/executor.rb:16:in 'ActionDispatch::Executor#call'
actionpack (8.0.2) lib/action_dispatch/middleware/actionable_exceptions.rb:18:in 'ActionDispatch::ActionableExceptions#call'
actionpack (8.0.2) lib/action_dispatch/middleware/debug_exceptions.rb:31:in 'ActionDispatch::DebugExceptions#call'
web-console (4.2.1) lib/web_console/middleware.rb:132:in 'WebConsole::Middleware#call_app'
web-console (4.2.1) lib/web_console/middleware.rb:28:in 'block in WebConsole::Middleware#call'
web-console (4.2.1) lib/web_console/middleware.rb:17:in 'Kernel#catch'
web-console (4.2.1) lib/web_console/middleware.rb:17:in 'WebConsole::Middleware#call'
actionpack (8.0.2) lib/action_dispatch/middleware/show_exceptions.rb:32:in 'ActionDispatch::ShowExceptions#call'
railties (8.0.2) lib/rails/rack/logger.rb:41:in 'Rails::Rack::Logger#call_app'
railties (8.0.2) lib/rails/rack/logger.rb:29:in 'Rails::Rack::Logger#call'
actionpack (8.0.2) lib/action_dispatch/middleware/remote_ip.rb:96:in 'ActionDispatch::RemoteIp#call'
actionpack (8.0.2) lib/action_dispatch/middleware/request_id.rb:34:in 'ActionDispatch::RequestId#call'
rack (3.1.15) lib/rack/method_override.rb:28:in 'Rack::MethodOverride#call'
rack (3.1.15) lib/rack/runtime.rb:24:in 'Rack::Runtime#call'
actionpack (8.0.2) lib/action_dispatch/middleware/server_timing.rb:61:in 'block in ActionDispatch::ServerTiming#call'
actionpack (8.0.2) lib/action_dispatch/middleware/server_timing.rb:26:in 'ActionDispatch::ServerTiming::Subscriber#collect_events'
actionpack (8.0.2) lib/action_dispatch/middleware/server_timing.rb:60:in 'ActionDispatch::ServerTiming#call'
actionpack (8.0.2) lib/action_dispatch/middleware/executor.rb:16:in 'ActionDispatch::Executor#call'
actionpack (8.0.2) lib/action_dispatch/middleware/static.rb:27:in 'ActionDispatch::Static#call'
rack (3.1.15) lib/rack/sendfile.rb:114:in 'Rack::Sendfile#call'
actionpack (8.0.2) lib/action_dispatch/middleware/host_authorization.rb:143:in 'ActionDispatch::HostAuthorization#call'
railties (8.0.2) lib/rails/engine.rb:535:in 'Rails::Engine#call'
puma (6.6.0) lib/puma/configuration.rb:279:in 'Puma::Configuration::ConfigMiddleware#call'
puma (6.6.0) lib/puma/request.rb:99:in 'block in Puma::Request#handle_request'
puma (6.6.0) lib/puma/thread_pool.rb:390:in 'Puma::ThreadPool#with_force_shutdown'
puma (6.6.0) lib/puma/request.rb:98:in 'Puma::Request#handle_request'
puma (6.6.0) lib/puma/server.rb:472:in 'Puma::Server#process_client'
puma (6.6.0) lib/puma/server.rb:254:in 'block in Puma::Server#run'
puma (6.6.0) lib/puma/thread_pool.rb:167:in 'block in Puma::ThreadPool#spawn_thread'
Started POST "/login" for ::1 at 2025-05-29 10:42:59 +0530
  
ActionController::RoutingError (uninitialized constant SessionController)
Caused by: ActionDispatch::MissingController (uninitialized constant SessionController)
Caused by: NameError (uninitialized constant SessionController)

Information for: ActionController::RoutingError (uninitialized constant SessionController):
  

Information for cause: ActionDispatch::MissingController (uninitialized constant SessionController):
  
actionpack (8.0.2) lib/action_dispatch/http/request.rb:102:in 'ActionDispatch::Request#controller_class_for'
actionpack (8.0.2) lib/action_dispatch/http/request.rb:91:in 'ActionDispatch::Request#controller_class'
actionpack (8.0.2) lib/action_dispatch/routing/route_set.rb:61:in 'ActionDispatch::Routing::RouteSet::Dispatcher#controller'
actionpack (8.0.2) lib/action_dispatch/routing/route_set.rb:48:in 'ActionDispatch::Routing::RouteSet::Dispatcher#serve'
actionpack (8.0.2) lib/action_dispatch/journey/router.rb:53:in 'block in ActionDispatch::Journey::Router#serve'
actionpack (8.0.2) lib/action_dispatch/journey/router.rb:133:in 'block in ActionDispatch::Journey::Router#find_routes'
actionpack (8.0.2) lib/action_dispatch/journey/router.rb:126:in 'Array#each'
actionpack (8.0.2) lib/action_dispatch/journey/router.rb:126:in 'ActionDispatch::Journey::Router#find_routes'
actionpack (8.0.2) lib/action_dispatch/journey/router.rb:34:in 'ActionDispatch::Journey::Router#serve'
actionpack (8.0.2) lib/action_dispatch/routing/route_set.rb:908:in 'ActionDispatch::Routing::RouteSet#call'
railties (8.0.2) lib/rails/engine/lazy_route_set.rb:68:in 'Rails::Engine::LazyRouteSet#call'
rack (3.1.15) lib/rack/tempfile_reaper.rb:20:in 'Rack::TempfileReaper#call'
rack (3.1.15) lib/rack/etag.rb:29:in 'Rack::ETag#call'
rack (3.1.15) lib/rack/conditional_get.rb:43:in 'Rack::ConditionalGet#call'
rack (3.1.15) lib/rack/head.rb:15:in 'Rack::Head#call'
actionpack (8.0.2) lib/action_dispatch/http/permissions_policy.rb:38:in 'ActionDispatch::PermissionsPolicy::Middleware#call'
actionpack (8.0.2) lib/action_dispatch/http/content_security_policy.rb:38:in 'ActionDispatch::ContentSecurityPolicy::Middleware#call'
rack-session (2.1.1) lib/rack/session/abstract/id.rb:274:in 'Rack::Session::Abstract::Persisted#context'
rack-session (2.1.1) lib/rack/session/abstract/id.rb:268:in 'Rack::Session::Abstract::Persisted#call'
actionpack (8.0.2) lib/action_dispatch/middleware/cookies.rb:706:in 'ActionDispatch::Cookies#call'
activerecord (8.0.2) lib/active_record/migration.rb:671:in 'ActiveRecord::Migration::CheckPending#call'
actionpack (8.0.2) lib/action_dispatch/middleware/callbacks.rb:31:in 'block in ActionDispatch::Callbacks#call'
activesupport (8.0.2) lib/active_support/callbacks.rb:100:in 'ActiveSupport::Callbacks#run_callbacks'
actionpack (8.0.2) lib/action_dispatch/middleware/callbacks.rb:30:in 'ActionDispatch::Callbacks#call'
actionpack (8.0.2) lib/action_dispatch/middleware/executor.rb:16:in 'ActionDispatch::Executor#call'
actionpack (8.0.2) lib/action_dispatch/middleware/actionable_exceptions.rb:18:in 'ActionDispatch::ActionableExceptions#call'
actionpack (8.0.2) lib/action_dispatch/middleware/debug_exceptions.rb:31:in 'ActionDispatch::DebugExceptions#call'
web-console (4.2.1) lib/web_console/middleware.rb:132:in 'WebConsole::Middleware#call_app'
web-console (4.2.1) lib/web_console/middleware.rb:28:in 'block in WebConsole::Middleware#call'
web-console (4.2.1) lib/web_console/middleware.rb:17:in 'Kernel#catch'
web-console (4.2.1) lib/web_console/middleware.rb:17:in 'WebConsole::Middleware#call'
actionpack (8.0.2) lib/action_dispatch/middleware/show_exceptions.rb:32:in 'ActionDispatch::ShowExceptions#call'
railties (8.0.2) lib/rails/rack/logger.rb:41:in 'Rails::Rack::Logger#call_app'
railties (8.0.2) lib/rails/rack/logger.rb:29:in 'Rails::Rack::Logger#call'
actionpack (8.0.2) lib/action_dispatch/middleware/remote_ip.rb:96:in 'ActionDispatch::RemoteIp#call'
actionpack (8.0.2) lib/action_dispatch/middleware/request_id.rb:34:in 'ActionDispatch::RequestId#call'
rack (3.1.15) lib/rack/method_override.rb:28:in 'Rack::MethodOverride#call'
rack (3.1.15) lib/rack/runtime.rb:24:in 'Rack::Runtime#call'
actionpack (8.0.2) lib/action_dispatch/middleware/server_timing.rb:61:in 'block in ActionDispatch::ServerTiming#call'
actionpack (8.0.2) lib/action_dispatch/middleware/server_timing.rb:26:in 'ActionDispatch::ServerTiming::Subscriber#collect_events'
actionpack (8.0.2) lib/action_dispatch/middleware/server_timing.rb:60:in 'ActionDispatch::ServerTiming#call'
actionpack (8.0.2) lib/action_dispatch/middleware/executor.rb:16:in 'ActionDispatch::Executor#call'
actionpack (8.0.2) lib/action_dispatch/middleware/static.rb:27:in 'ActionDispatch::Static#call'
rack (3.1.15) lib/rack/sendfile.rb:114:in 'Rack::Sendfile#call'
actionpack (8.0.2) lib/action_dispatch/middleware/host_authorization.rb:143:in 'ActionDispatch::HostAuthorization#call'
railties (8.0.2) lib/rails/engine.rb:535:in 'Rails::Engine#call'
puma (6.6.0) lib/puma/configuration.rb:279:in 'Puma::Configuration::ConfigMiddleware#call'
puma (6.6.0) lib/puma/request.rb:99:in 'block in Puma::Request#handle_request'
puma (6.6.0) lib/puma/thread_pool.rb:390:in 'Puma::ThreadPool#with_force_shutdown'
puma (6.6.0) lib/puma/request.rb:98:in 'Puma::Request#handle_request'
puma (6.6.0) lib/puma/server.rb:472:in 'Puma::Server#process_client'
puma (6.6.0) lib/puma/server.rb:254:in 'block in Puma::Server#run'
puma (6.6.0) lib/puma/thread_pool.rb:167:in 'block in Puma::ThreadPool#spawn_thread'

Information for cause: NameError (uninitialized constant SessionController):
  
activesupport (8.0.2) lib/active_support/inflector/methods.rb:290:in 'ActiveSupport::Inflector#constantize'
activesupport (8.0.2) lib/active_support/core_ext/string/inflections.rb:74:in 'String#constantize'
actionpack (8.0.2) lib/action_dispatch/http/request.rb:99:in 'ActionDispatch::Request#controller_class_for'
actionpack (8.0.2) lib/action_dispatch/http/request.rb:91:in 'ActionDispatch::Request#controller_class'
actionpack (8.0.2) lib/action_dispatch/routing/route_set.rb:61:in 'ActionDispatch::Routing::RouteSet::Dispatcher#controller'
actionpack (8.0.2) lib/action_dispatch/routing/route_set.rb:48:in 'ActionDispatch::Routing::RouteSet::Dispatcher#serve'
actionpack (8.0.2) lib/action_dispatch/journey/router.rb:53:in 'block in ActionDispatch::Journey::Router#serve'
actionpack (8.0.2) lib/action_dispatch/journey/router.rb:133:in 'block in ActionDispatch::Journey::Router#find_routes'
actionpack (8.0.2) lib/action_dispatch/journey/router.rb:126:in 'Array#each'
actionpack (8.0.2) lib/action_dispatch/journey/router.rb:126:in 'ActionDispatch::Journey::Router#find_routes'
actionpack (8.0.2) lib/action_dispatch/journey/router.rb:34:in 'ActionDispatch::Journey::Router#serve'
actionpack (8.0.2) lib/action_dispatch/routing/route_set.rb:908:in 'ActionDispatch::Routing::RouteSet#call'
railties (8.0.2) lib/rails/engine/lazy_route_set.rb:68:in 'Rails::Engine::LazyRouteSet#call'
rack (3.1.15) lib/rack/tempfile_reaper.rb:20:in 'Rack::TempfileReaper#call'
rack (3.1.15) lib/rack/etag.rb:29:in 'Rack::ETag#call'
rack (3.1.15) lib/rack/conditional_get.rb:43:in 'Rack::ConditionalGet#call'
rack (3.1.15) lib/rack/head.rb:15:in 'Rack::Head#call'
actionpack (8.0.2) lib/action_dispatch/http/permissions_policy.rb:38:in 'ActionDispatch::PermissionsPolicy::Middleware#call'
actionpack (8.0.2) lib/action_dispatch/http/content_security_policy.rb:38:in 'ActionDispatch::ContentSecurityPolicy::Middleware#call'
rack-session (2.1.1) lib/rack/session/abstract/id.rb:274:in 'Rack::Session::Abstract::Persisted#context'
rack-session (2.1.1) lib/rack/session/abstract/id.rb:268:in 'Rack::Session::Abstract::Persisted#call'
actionpack (8.0.2) lib/action_dispatch/middleware/cookies.rb:706:in 'ActionDispatch::Cookies#call'
activerecord (8.0.2) lib/active_record/migration.rb:671:in 'ActiveRecord::Migration::CheckPending#call'
actionpack (8.0.2) lib/action_dispatch/middleware/callbacks.rb:31:in 'block in ActionDispatch::Callbacks#call'
activesupport (8.0.2) lib/active_support/callbacks.rb:100:in 'ActiveSupport::Callbacks#run_callbacks'
actionpack (8.0.2) lib/action_dispatch/middleware/callbacks.rb:30:in 'ActionDispatch::Callbacks#call'
actionpack (8.0.2) lib/action_dispatch/middleware/executor.rb:16:in 'ActionDispatch::Executor#call'
actionpack (8.0.2) lib/action_dispatch/middleware/actionable_exceptions.rb:18:in 'ActionDispatch::ActionableExceptions#call'
actionpack (8.0.2) lib/action_dispatch/middleware/debug_exceptions.rb:31:in 'ActionDispatch::DebugExceptions#call'
web-console (4.2.1) lib/web_console/middleware.rb:132:in 'WebConsole::Middleware#call_app'
web-console (4.2.1) lib/web_console/middleware.rb:28:in 'block in WebConsole::Middleware#call'
web-console (4.2.1) lib/web_console/middleware.rb:17:in 'Kernel#catch'
web-console (4.2.1) lib/web_console/middleware.rb:17:in 'WebConsole::Middleware#call'
actionpack (8.0.2) lib/action_dispatch/middleware/show_exceptions.rb:32:in 'ActionDispatch::ShowExceptions#call'
railties (8.0.2) lib/rails/rack/logger.rb:41:in 'Rails::Rack::Logger#call_app'
railties (8.0.2) lib/rails/rack/logger.rb:29:in 'Rails::Rack::Logger#call'
actionpack (8.0.2) lib/action_dispatch/middleware/remote_ip.rb:96:in 'ActionDispatch::RemoteIp#call'
actionpack (8.0.2) lib/action_dispatch/middleware/request_id.rb:34:in 'ActionDispatch::RequestId#call'
rack (3.1.15) lib/rack/method_override.rb:28:in 'Rack::MethodOverride#call'
rack (3.1.15) lib/rack/runtime.rb:24:in 'Rack::Runtime#call'
actionpack (8.0.2) lib/action_dispatch/middleware/server_timing.rb:61:in 'block in ActionDispatch::ServerTiming#call'
actionpack (8.0.2) lib/action_dispatch/middleware/server_timing.rb:26:in 'ActionDispatch::ServerTiming::Subscriber#collect_events'
actionpack (8.0.2) lib/action_dispatch/middleware/server_timing.rb:60:in 'ActionDispatch::ServerTiming#call'
actionpack (8.0.2) lib/action_dispatch/middleware/executor.rb:16:in 'ActionDispatch::Executor#call'
actionpack (8.0.2) lib/action_dispatch/middleware/static.rb:27:in 'ActionDispatch::Static#call'
rack (3.1.15) lib/rack/sendfile.rb:114:in 'Rack::Sendfile#call'
actionpack (8.0.2) lib/action_dispatch/middleware/host_authorization.rb:143:in 'ActionDispatch::HostAuthorization#call'
railties (8.0.2) lib/rails/engine.rb:535:in 'Rails::Engine#call'
puma (6.6.0) lib/puma/configuration.rb:279:in 'Puma::Configuration::ConfigMiddleware#call'
puma (6.6.0) lib/puma/request.rb:99:in 'block in Puma::Request#handle_request'
puma (6.6.0) lib/puma/thread_pool.rb:390:in 'Puma::ThreadPool#with_force_shutdown'
puma (6.6.0) lib/puma/request.rb:98:in 'Puma::Request#handle_request'
puma (6.6.0) lib/puma/server.rb:472:in 'Puma::Server#process_client'
puma (6.6.0) lib/puma/server.rb:254:in 'block in Puma::Server#run'
puma (6.6.0) lib/puma/thread_pool.rb:167:in 'block in Puma::ThreadPool#spawn_thread'
Started GET "/health" for ::1 at 2025-05-29 10:43:03 +0530
Started POST "/login" for ::1 at 2025-05-29 10:43:58 +0530
  
ActionController::RoutingError (uninitialized constant SessionsController)
Caused by: ActionDispatch::MissingController (uninitialized constant SessionsController)
Caused by: NameError (uninitialized constant SessionsController)

Information for: ActionController::RoutingError (uninitialized constant SessionsController):
  

Information for cause: ActionDispatch::MissingController (uninitialized constant SessionsController):
  
actionpack (8.0.2) lib/action_dispatch/http/request.rb:102:in 'ActionDispatch::Request#controller_class_for'
actionpack (8.0.2) lib/action_dispatch/http/request.rb:91:in 'ActionDispatch::Request#controller_class'
actionpack (8.0.2) lib/action_dispatch/routing/route_set.rb:61:in 'ActionDispatch::Routing::RouteSet::Dispatcher#controller'
actionpack (8.0.2) lib/action_dispatch/routing/route_set.rb:48:in 'ActionDispatch::Routing::RouteSet::Dispatcher#serve'
actionpack (8.0.2) lib/action_dispatch/journey/router.rb:53:in 'block in ActionDispatch::Journey::Router#serve'
actionpack (8.0.2) lib/action_dispatch/journey/router.rb:133:in 'block in ActionDispatch::Journey::Router#find_routes'
actionpack (8.0.2) lib/action_dispatch/journey/router.rb:126:in 'Array#each'
actionpack (8.0.2) lib/action_dispatch/journey/router.rb:126:in 'ActionDispatch::Journey::Router#find_routes'
actionpack (8.0.2) lib/action_dispatch/journey/router.rb:34:in 'ActionDispatch::Journey::Router#serve'
actionpack (8.0.2) lib/action_dispatch/routing/route_set.rb:908:in 'ActionDispatch::Routing::RouteSet#call'
railties (8.0.2) lib/rails/engine/lazy_route_set.rb:68:in 'Rails::Engine::LazyRouteSet#call'
rack (3.1.15) lib/rack/tempfile_reaper.rb:20:in 'Rack::TempfileReaper#call'
rack (3.1.15) lib/rack/etag.rb:29:in 'Rack::ETag#call'
rack (3.1.15) lib/rack/conditional_get.rb:43:in 'Rack::ConditionalGet#call'
rack (3.1.15) lib/rack/head.rb:15:in 'Rack::Head#call'
actionpack (8.0.2) lib/action_dispatch/http/permissions_policy.rb:38:in 'ActionDispatch::PermissionsPolicy::Middleware#call'
actionpack (8.0.2) lib/action_dispatch/http/content_security_policy.rb:38:in 'ActionDispatch::ContentSecurityPolicy::Middleware#call'
rack-session (2.1.1) lib/rack/session/abstract/id.rb:274:in 'Rack::Session::Abstract::Persisted#context'
rack-session (2.1.1) lib/rack/session/abstract/id.rb:268:in 'Rack::Session::Abstract::Persisted#call'
actionpack (8.0.2) lib/action_dispatch/middleware/cookies.rb:706:in 'ActionDispatch::Cookies#call'
activerecord (8.0.2) lib/active_record/migration.rb:671:in 'ActiveRecord::Migration::CheckPending#call'
actionpack (8.0.2) lib/action_dispatch/middleware/callbacks.rb:31:in 'block in ActionDispatch::Callbacks#call'
activesupport (8.0.2) lib/active_support/callbacks.rb:100:in 'ActiveSupport::Callbacks#run_callbacks'
actionpack (8.0.2) lib/action_dispatch/middleware/callbacks.rb:30:in 'ActionDispatch::Callbacks#call'
actionpack (8.0.2) lib/action_dispatch/middleware/executor.rb:16:in 'ActionDispatch::Executor#call'
actionpack (8.0.2) lib/action_dispatch/middleware/actionable_exceptions.rb:18:in 'ActionDispatch::ActionableExceptions#call'
actionpack (8.0.2) lib/action_dispatch/middleware/debug_exceptions.rb:31:in 'ActionDispatch::DebugExceptions#call'
web-console (4.2.1) lib/web_console/middleware.rb:132:in 'WebConsole::Middleware#call_app'
web-console (4.2.1) lib/web_console/middleware.rb:28:in 'block in WebConsole::Middleware#call'
web-console (4.2.1) lib/web_console/middleware.rb:17:in 'Kernel#catch'
web-console (4.2.1) lib/web_console/middleware.rb:17:in 'WebConsole::Middleware#call'
actionpack (8.0.2) lib/action_dispatch/middleware/show_exceptions.rb:32:in 'ActionDispatch::ShowExceptions#call'
railties (8.0.2) lib/rails/rack/logger.rb:41:in 'Rails::Rack::Logger#call_app'
railties (8.0.2) lib/rails/rack/logger.rb:29:in 'Rails::Rack::Logger#call'
actionpack (8.0.2) lib/action_dispatch/middleware/remote_ip.rb:96:in 'ActionDispatch::RemoteIp#call'
actionpack (8.0.2) lib/action_dispatch/middleware/request_id.rb:34:in 'ActionDispatch::RequestId#call'
rack (3.1.15) lib/rack/method_override.rb:28:in 'Rack::MethodOverride#call'
rack (3.1.15) lib/rack/runtime.rb:24:in 'Rack::Runtime#call'
actionpack (8.0.2) lib/action_dispatch/middleware/server_timing.rb:61:in 'block in ActionDispatch::ServerTiming#call'
actionpack (8.0.2) lib/action_dispatch/middleware/server_timing.rb:26:in 'ActionDispatch::ServerTiming::Subscriber#collect_events'
actionpack (8.0.2) lib/action_dispatch/middleware/server_timing.rb:60:in 'ActionDispatch::ServerTiming#call'
actionpack (8.0.2) lib/action_dispatch/middleware/executor.rb:16:in 'ActionDispatch::Executor#call'
actionpack (8.0.2) lib/action_dispatch/middleware/static.rb:27:in 'ActionDispatch::Static#call'
rack (3.1.15) lib/rack/sendfile.rb:114:in 'Rack::Sendfile#call'
actionpack (8.0.2) lib/action_dispatch/middleware/host_authorization.rb:143:in 'ActionDispatch::HostAuthorization#call'
railties (8.0.2) lib/rails/engine.rb:535:in 'Rails::Engine#call'
puma (6.6.0) lib/puma/configuration.rb:279:in 'Puma::Configuration::ConfigMiddleware#call'
puma (6.6.0) lib/puma/request.rb:99:in 'block in Puma::Request#handle_request'
puma (6.6.0) lib/puma/thread_pool.rb:390:in 'Puma::ThreadPool#with_force_shutdown'
puma (6.6.0) lib/puma/request.rb:98:in 'Puma::Request#handle_request'
puma (6.6.0) lib/puma/server.rb:472:in 'Puma::Server#process_client'
puma (6.6.0) lib/puma/server.rb:254:in 'block in Puma::Server#run'
puma (6.6.0) lib/puma/thread_pool.rb:167:in 'block in Puma::ThreadPool#spawn_thread'

Information for cause: NameError (uninitialized constant SessionsController):
  
activesupport (8.0.2) lib/active_support/inflector/methods.rb:290:in 'ActiveSupport::Inflector#constantize'
activesupport (8.0.2) lib/active_support/core_ext/string/inflections.rb:74:in 'String#constantize'
actionpack (8.0.2) lib/action_dispatch/http/request.rb:99:in 'ActionDispatch::Request#controller_class_for'
actionpack (8.0.2) lib/action_dispatch/http/request.rb:91:in 'ActionDispatch::Request#controller_class'
actionpack (8.0.2) lib/action_dispatch/routing/route_set.rb:61:in 'ActionDispatch::Routing::RouteSet::Dispatcher#controller'
actionpack (8.0.2) lib/action_dispatch/routing/route_set.rb:48:in 'ActionDispatch::Routing::RouteSet::Dispatcher#serve'
actionpack (8.0.2) lib/action_dispatch/journey/router.rb:53:in 'block in ActionDispatch::Journey::Router#serve'
actionpack (8.0.2) lib/action_dispatch/journey/router.rb:133:in 'block in ActionDispatch::Journey::Router#find_routes'
actionpack (8.0.2) lib/action_dispatch/journey/router.rb:126:in 'Array#each'
actionpack (8.0.2) lib/action_dispatch/journey/router.rb:126:in 'ActionDispatch::Journey::Router#find_routes'
actionpack (8.0.2) lib/action_dispatch/journey/router.rb:34:in 'ActionDispatch::Journey::Router#serve'
actionpack (8.0.2) lib/action_dispatch/routing/route_set.rb:908:in 'ActionDispatch::Routing::RouteSet#call'
railties (8.0.2) lib/rails/engine/lazy_route_set.rb:68:in 'Rails::Engine::LazyRouteSet#call'
rack (3.1.15) lib/rack/tempfile_reaper.rb:20:in 'Rack::TempfileReaper#call'
rack (3.1.15) lib/rack/etag.rb:29:in 'Rack::ETag#call'
rack (3.1.15) lib/rack/conditional_get.rb:43:in 'Rack::ConditionalGet#call'
rack (3.1.15) lib/rack/head.rb:15:in 'Rack::Head#call'
actionpack (8.0.2) lib/action_dispatch/http/permissions_policy.rb:38:in 'ActionDispatch::PermissionsPolicy::Middleware#call'
actionpack (8.0.2) lib/action_dispatch/http/content_security_policy.rb:38:in 'ActionDispatch::ContentSecurityPolicy::Middleware#call'
rack-session (2.1.1) lib/rack/session/abstract/id.rb:274:in 'Rack::Session::Abstract::Persisted#context'
rack-session (2.1.1) lib/rack/session/abstract/id.rb:268:in 'Rack::Session::Abstract::Persisted#call'
actionpack (8.0.2) lib/action_dispatch/middleware/cookies.rb:706:in 'ActionDispatch::Cookies#call'
activerecord (8.0.2) lib/active_record/migration.rb:671:in 'ActiveRecord::Migration::CheckPending#call'
actionpack (8.0.2) lib/action_dispatch/middleware/callbacks.rb:31:in 'block in ActionDispatch::Callbacks#call'
activesupport (8.0.2) lib/active_support/callbacks.rb:100:in 'ActiveSupport::Callbacks#run_callbacks'
actionpack (8.0.2) lib/action_dispatch/middleware/callbacks.rb:30:in 'ActionDispatch::Callbacks#call'
actionpack (8.0.2) lib/action_dispatch/middleware/executor.rb:16:in 'ActionDispatch::Executor#call'
actionpack (8.0.2) lib/action_dispatch/middleware/actionable_exceptions.rb:18:in 'ActionDispatch::ActionableExceptions#call'
actionpack (8.0.2) lib/action_dispatch/middleware/debug_exceptions.rb:31:in 'ActionDispatch::DebugExceptions#call'
web-console (4.2.1) lib/web_console/middleware.rb:132:in 'WebConsole::Middleware#call_app'
web-console (4.2.1) lib/web_console/middleware.rb:28:in 'block in WebConsole::Middleware#call'
web-console (4.2.1) lib/web_console/middleware.rb:17:in 'Kernel#catch'
web-console (4.2.1) lib/web_console/middleware.rb:17:in 'WebConsole::Middleware#call'
actionpack (8.0.2) lib/action_dispatch/middleware/show_exceptions.rb:32:in 'ActionDispatch::ShowExceptions#call'
railties (8.0.2) lib/rails/rack/logger.rb:41:in 'Rails::Rack::Logger#call_app'
railties (8.0.2) lib/rails/rack/logger.rb:29:in 'Rails::Rack::Logger#call'
actionpack (8.0.2) lib/action_dispatch/middleware/remote_ip.rb:96:in 'ActionDispatch::RemoteIp#call'
actionpack (8.0.2) lib/action_dispatch/middleware/request_id.rb:34:in 'ActionDispatch::RequestId#call'
rack (3.1.15) lib/rack/method_override.rb:28:in 'Rack::MethodOverride#call'
rack (3.1.15) lib/rack/runtime.rb:24:in 'Rack::Runtime#call'
actionpack (8.0.2) lib/action_dispatch/middleware/server_timing.rb:61:in 'block in ActionDispatch::ServerTiming#call'
actionpack (8.0.2) lib/action_dispatch/middleware/server_timing.rb:26:in 'ActionDispatch::ServerTiming::Subscriber#collect_events'
actionpack (8.0.2) lib/action_dispatch/middleware/server_timing.rb:60:in 'ActionDispatch::ServerTiming#call'
actionpack (8.0.2) lib/action_dispatch/middleware/executor.rb:16:in 'ActionDispatch::Executor#call'
actionpack (8.0.2) lib/action_dispatch/middleware/static.rb:27:in 'ActionDispatch::Static#call'
rack (3.1.15) lib/rack/sendfile.rb:114:in 'Rack::Sendfile#call'
actionpack (8.0.2) lib/action_dispatch/middleware/host_authorization.rb:143:in 'ActionDispatch::HostAuthorization#call'
railties (8.0.2) lib/rails/engine.rb:535:in 'Rails::Engine#call'
puma (6.6.0) lib/puma/configuration.rb:279:in 'Puma::Configuration::ConfigMiddleware#call'
puma (6.6.0) lib/puma/request.rb:99:in 'block in Puma::Request#handle_request'
puma (6.6.0) lib/puma/thread_pool.rb:390:in 'Puma::ThreadPool#with_force_shutdown'
puma (6.6.0) lib/puma/request.rb:98:in 'Puma::Request#handle_request'
puma (6.6.0) lib/puma/server.rb:472:in 'Puma::Server#process_client'
puma (6.6.0) lib/puma/server.rb:254:in 'block in Puma::Server#run'
puma (6.6.0) lib/puma/thread_pool.rb:167:in 'block in Puma::ThreadPool#spawn_thread'
Started GET "/health" for ::1 at 2025-05-29 10:44:03 +0530
Started POST "/login" for ::1 at 2025-05-29 10:44:21 +0530
  [1m[36mActiveRecord::SchemaMigration Load (12.5ms)[0m  [1m[34mSELECT "schema_migrations"."version" FROM "schema_migrations" ORDER BY "schema_migrations"."version" ASC /*application='UserManagement'*/[0m
  
ActionController::RoutingError (uninitialized constant SessionsController)
Caused by: ActionDispatch::MissingController (uninitialized constant SessionsController)
Caused by: NameError (uninitialized constant SessionsController)

Information for: ActionController::RoutingError (uninitialized constant SessionsController):
  

Information for cause: ActionDispatch::MissingController (uninitialized constant SessionsController):
  
actionpack (8.0.2) lib/action_dispatch/http/request.rb:102:in 'ActionDispatch::Request#controller_class_for'
actionpack (8.0.2) lib/action_dispatch/http/request.rb:91:in 'ActionDispatch::Request#controller_class'
actionpack (8.0.2) lib/action_dispatch/routing/route_set.rb:61:in 'ActionDispatch::Routing::RouteSet::Dispatcher#controller'
actionpack (8.0.2) lib/action_dispatch/routing/route_set.rb:48:in 'ActionDispatch::Routing::RouteSet::Dispatcher#serve'
actionpack (8.0.2) lib/action_dispatch/journey/router.rb:53:in 'block in ActionDispatch::Journey::Router#serve'
actionpack (8.0.2) lib/action_dispatch/journey/router.rb:133:in 'block in ActionDispatch::Journey::Router#find_routes'
actionpack (8.0.2) lib/action_dispatch/journey/router.rb:126:in 'Array#each'
actionpack (8.0.2) lib/action_dispatch/journey/router.rb:126:in 'ActionDispatch::Journey::Router#find_routes'
actionpack (8.0.2) lib/action_dispatch/journey/router.rb:34:in 'ActionDispatch::Journey::Router#serve'
actionpack (8.0.2) lib/action_dispatch/routing/route_set.rb:908:in 'ActionDispatch::Routing::RouteSet#call'
railties (8.0.2) lib/rails/engine/lazy_route_set.rb:68:in 'Rails::Engine::LazyRouteSet#call'
rack (3.1.15) lib/rack/tempfile_reaper.rb:20:in 'Rack::TempfileReaper#call'
rack (3.1.15) lib/rack/etag.rb:29:in 'Rack::ETag#call'
rack (3.1.15) lib/rack/conditional_get.rb:43:in 'Rack::ConditionalGet#call'
rack (3.1.15) lib/rack/head.rb:15:in 'Rack::Head#call'
actionpack (8.0.2) lib/action_dispatch/http/permissions_policy.rb:38:in 'ActionDispatch::PermissionsPolicy::Middleware#call'
actionpack (8.0.2) lib/action_dispatch/http/content_security_policy.rb:38:in 'ActionDispatch::ContentSecurityPolicy::Middleware#call'
rack-session (2.1.1) lib/rack/session/abstract/id.rb:274:in 'Rack::Session::Abstract::Persisted#context'
rack-session (2.1.1) lib/rack/session/abstract/id.rb:268:in 'Rack::Session::Abstract::Persisted#call'
actionpack (8.0.2) lib/action_dispatch/middleware/cookies.rb:706:in 'ActionDispatch::Cookies#call'
activerecord (8.0.2) lib/active_record/migration.rb:671:in 'ActiveRecord::Migration::CheckPending#call'
actionpack (8.0.2) lib/action_dispatch/middleware/callbacks.rb:31:in 'block in ActionDispatch::Callbacks#call'
activesupport (8.0.2) lib/active_support/callbacks.rb:100:in 'ActiveSupport::Callbacks#run_callbacks'
actionpack (8.0.2) lib/action_dispatch/middleware/callbacks.rb:30:in 'ActionDispatch::Callbacks#call'
actionpack (8.0.2) lib/action_dispatch/middleware/executor.rb:16:in 'ActionDispatch::Executor#call'
actionpack (8.0.2) lib/action_dispatch/middleware/actionable_exceptions.rb:18:in 'ActionDispatch::ActionableExceptions#call'
actionpack (8.0.2) lib/action_dispatch/middleware/debug_exceptions.rb:31:in 'ActionDispatch::DebugExceptions#call'
web-console (4.2.1) lib/web_console/middleware.rb:132:in 'WebConsole::Middleware#call_app'
web-console (4.2.1) lib/web_console/middleware.rb:28:in 'block in WebConsole::Middleware#call'
web-console (4.2.1) lib/web_console/middleware.rb:17:in 'Kernel#catch'
web-console (4.2.1) lib/web_console/middleware.rb:17:in 'WebConsole::Middleware#call'
actionpack (8.0.2) lib/action_dispatch/middleware/show_exceptions.rb:32:in 'ActionDispatch::ShowExceptions#call'
railties (8.0.2) lib/rails/rack/logger.rb:41:in 'Rails::Rack::Logger#call_app'
railties (8.0.2) lib/rails/rack/logger.rb:29:in 'Rails::Rack::Logger#call'
actionpack (8.0.2) lib/action_dispatch/middleware/remote_ip.rb:96:in 'ActionDispatch::RemoteIp#call'
actionpack (8.0.2) lib/action_dispatch/middleware/request_id.rb:34:in 'ActionDispatch::RequestId#call'
rack (3.1.15) lib/rack/method_override.rb:28:in 'Rack::MethodOverride#call'
rack (3.1.15) lib/rack/runtime.rb:24:in 'Rack::Runtime#call'
actionpack (8.0.2) lib/action_dispatch/middleware/server_timing.rb:61:in 'block in ActionDispatch::ServerTiming#call'
actionpack (8.0.2) lib/action_dispatch/middleware/server_timing.rb:26:in 'ActionDispatch::ServerTiming::Subscriber#collect_events'
actionpack (8.0.2) lib/action_dispatch/middleware/server_timing.rb:60:in 'ActionDispatch::ServerTiming#call'
actionpack (8.0.2) lib/action_dispatch/middleware/executor.rb:16:in 'ActionDispatch::Executor#call'
actionpack (8.0.2) lib/action_dispatch/middleware/static.rb:27:in 'ActionDispatch::Static#call'
rack (3.1.15) lib/rack/sendfile.rb:114:in 'Rack::Sendfile#call'
actionpack (8.0.2) lib/action_dispatch/middleware/host_authorization.rb:143:in 'ActionDispatch::HostAuthorization#call'
railties (8.0.2) lib/rails/engine.rb:535:in 'Rails::Engine#call'
puma (6.6.0) lib/puma/configuration.rb:279:in 'Puma::Configuration::ConfigMiddleware#call'
puma (6.6.0) lib/puma/request.rb:99:in 'block in Puma::Request#handle_request'
puma (6.6.0) lib/puma/thread_pool.rb:390:in 'Puma::ThreadPool#with_force_shutdown'
puma (6.6.0) lib/puma/request.rb:98:in 'Puma::Request#handle_request'
puma (6.6.0) lib/puma/server.rb:472:in 'Puma::Server#process_client'
puma (6.6.0) lib/puma/server.rb:254:in 'block in Puma::Server#run'
puma (6.6.0) lib/puma/thread_pool.rb:167:in 'block in Puma::ThreadPool#spawn_thread'

Information for cause: NameError (uninitialized constant SessionsController):
  
activesupport (8.0.2) lib/active_support/inflector/methods.rb:290:in 'ActiveSupport::Inflector#constantize'
activesupport (8.0.2) lib/active_support/core_ext/string/inflections.rb:74:in 'String#constantize'
actionpack (8.0.2) lib/action_dispatch/http/request.rb:99:in 'ActionDispatch::Request#controller_class_for'
actionpack (8.0.2) lib/action_dispatch/http/request.rb:91:in 'ActionDispatch::Request#controller_class'
actionpack (8.0.2) lib/action_dispatch/routing/route_set.rb:61:in 'ActionDispatch::Routing::RouteSet::Dispatcher#controller'
actionpack (8.0.2) lib/action_dispatch/routing/route_set.rb:48:in 'ActionDispatch::Routing::RouteSet::Dispatcher#serve'
actionpack (8.0.2) lib/action_dispatch/journey/router.rb:53:in 'block in ActionDispatch::Journey::Router#serve'
actionpack (8.0.2) lib/action_dispatch/journey/router.rb:133:in 'block in ActionDispatch::Journey::Router#find_routes'
actionpack (8.0.2) lib/action_dispatch/journey/router.rb:126:in 'Array#each'
actionpack (8.0.2) lib/action_dispatch/journey/router.rb:126:in 'ActionDispatch::Journey::Router#find_routes'
actionpack (8.0.2) lib/action_dispatch/journey/router.rb:34:in 'ActionDispatch::Journey::Router#serve'
actionpack (8.0.2) lib/action_dispatch/routing/route_set.rb:908:in 'ActionDispatch::Routing::RouteSet#call'
railties (8.0.2) lib/rails/engine/lazy_route_set.rb:68:in 'Rails::Engine::LazyRouteSet#call'
rack (3.1.15) lib/rack/tempfile_reaper.rb:20:in 'Rack::TempfileReaper#call'
rack (3.1.15) lib/rack/etag.rb:29:in 'Rack::ETag#call'
rack (3.1.15) lib/rack/conditional_get.rb:43:in 'Rack::ConditionalGet#call'
rack (3.1.15) lib/rack/head.rb:15:in 'Rack::Head#call'
actionpack (8.0.2) lib/action_dispatch/http/permissions_policy.rb:38:in 'ActionDispatch::PermissionsPolicy::Middleware#call'
actionpack (8.0.2) lib/action_dispatch/http/content_security_policy.rb:38:in 'ActionDispatch::ContentSecurityPolicy::Middleware#call'
rack-session (2.1.1) lib/rack/session/abstract/id.rb:274:in 'Rack::Session::Abstract::Persisted#context'
rack-session (2.1.1) lib/rack/session/abstract/id.rb:268:in 'Rack::Session::Abstract::Persisted#call'
actionpack (8.0.2) lib/action_dispatch/middleware/cookies.rb:706:in 'ActionDispatch::Cookies#call'
activerecord (8.0.2) lib/active_record/migration.rb:671:in 'ActiveRecord::Migration::CheckPending#call'
actionpack (8.0.2) lib/action_dispatch/middleware/callbacks.rb:31:in 'block in ActionDispatch::Callbacks#call'
activesupport (8.0.2) lib/active_support/callbacks.rb:100:in 'ActiveSupport::Callbacks#run_callbacks'
actionpack (8.0.2) lib/action_dispatch/middleware/callbacks.rb:30:in 'ActionDispatch::Callbacks#call'
actionpack (8.0.2) lib/action_dispatch/middleware/executor.rb:16:in 'ActionDispatch::Executor#call'
actionpack (8.0.2) lib/action_dispatch/middleware/actionable_exceptions.rb:18:in 'ActionDispatch::ActionableExceptions#call'
actionpack (8.0.2) lib/action_dispatch/middleware/debug_exceptions.rb:31:in 'ActionDispatch::DebugExceptions#call'
web-console (4.2.1) lib/web_console/middleware.rb:132:in 'WebConsole::Middleware#call_app'
web-console (4.2.1) lib/web_console/middleware.rb:28:in 'block in WebConsole::Middleware#call'
web-console (4.2.1) lib/web_console/middleware.rb:17:in 'Kernel#catch'
web-console (4.2.1) lib/web_console/middleware.rb:17:in 'WebConsole::Middleware#call'
actionpack (8.0.2) lib/action_dispatch/middleware/show_exceptions.rb:32:in 'ActionDispatch::ShowExceptions#call'
railties (8.0.2) lib/rails/rack/logger.rb:41:in 'Rails::Rack::Logger#call_app'
railties (8.0.2) lib/rails/rack/logger.rb:29:in 'Rails::Rack::Logger#call'
actionpack (8.0.2) lib/action_dispatch/middleware/remote_ip.rb:96:in 'ActionDispatch::RemoteIp#call'
actionpack (8.0.2) lib/action_dispatch/middleware/request_id.rb:34:in 'ActionDispatch::RequestId#call'
rack (3.1.15) lib/rack/method_override.rb:28:in 'Rack::MethodOverride#call'
rack (3.1.15) lib/rack/runtime.rb:24:in 'Rack::Runtime#call'
actionpack (8.0.2) lib/action_dispatch/middleware/server_timing.rb:61:in 'block in ActionDispatch::ServerTiming#call'
actionpack (8.0.2) lib/action_dispatch/middleware/server_timing.rb:26:in 'ActionDispatch::ServerTiming::Subscriber#collect_events'
actionpack (8.0.2) lib/action_dispatch/middleware/server_timing.rb:60:in 'ActionDispatch::ServerTiming#call'
actionpack (8.0.2) lib/action_dispatch/middleware/executor.rb:16:in 'ActionDispatch::Executor#call'
actionpack (8.0.2) lib/action_dispatch/middleware/static.rb:27:in 'ActionDispatch::Static#call'
rack (3.1.15) lib/rack/sendfile.rb:114:in 'Rack::Sendfile#call'
actionpack (8.0.2) lib/action_dispatch/middleware/host_authorization.rb:143:in 'ActionDispatch::HostAuthorization#call'
railties (8.0.2) lib/rails/engine.rb:535:in 'Rails::Engine#call'
puma (6.6.0) lib/puma/configuration.rb:279:in 'Puma::Configuration::ConfigMiddleware#call'
puma (6.6.0) lib/puma/request.rb:99:in 'block in Puma::Request#handle_request'
puma (6.6.0) lib/puma/thread_pool.rb:390:in 'Puma::ThreadPool#with_force_shutdown'
puma (6.6.0) lib/puma/request.rb:98:in 'Puma::Request#handle_request'
puma (6.6.0) lib/puma/server.rb:472:in 'Puma::Server#process_client'
puma (6.6.0) lib/puma/server.rb:254:in 'block in Puma::Server#run'
puma (6.6.0) lib/puma/thread_pool.rb:167:in 'block in Puma::ThreadPool#spawn_thread'
Started GET "/health" for ::1 at 2025-05-29 10:45:03 +0530
Started GET "/health" for ::1 at 2025-05-29 10:46:03 +0530
Started POST "/login" for ::1 at 2025-05-29 10:46:20 +0530
  [1m[36mActiveRecord::SchemaMigration Load (1.0ms)[0m  [1m[34mSELECT "schema_migrations"."version" FROM "schema_migrations" ORDER BY "schema_migrations"."version" ASC /*application='UserManagement'*/[0m
Processing by SessionsController#create as */*
  Parameters: {"email" => "[FILTERED]", "password" => "[FILTERED]", "session" => {"email" => "[FILTERED]", "password" => "[FILTERED]"}}
Can't verify CSRF token authenticity.
Completed 422 Unprocessable Content in 0ms (ActiveRecord: 0.0ms (0 queries, 0 cached) | GC: 0.0ms)


  
ActionController::InvalidAuthenticityToken (Can't verify CSRF token authenticity.):
  
actionpack (8.0.2) lib/action_controller/metal/request_forgery_protection.rb:314:in 'ActionController::RequestForgeryProtection::ProtectionMethods::Exception#handle_unverified_request'
actionpack (8.0.2) lib/action_controller/metal/request_forgery_protection.rb:408:in 'ActionController::RequestForgeryProtection#handle_unverified_request'
actionpack (8.0.2) lib/action_controller/metal/request_forgery_protection.rb:397:in 'ActionController::RequestForgeryProtection#verify_authenticity_token'
activesupport (8.0.2) lib/active_support/callbacks.rb:361:in 'block in ActiveSupport::Callbacks::CallTemplate::MethodCall#make_lambda'
activesupport (8.0.2) lib/active_support/callbacks.rb:178:in 'block in ActiveSupport::Callbacks::Filters::Before#call'
actionpack (8.0.2) lib/abstract_controller/callbacks.rb:34:in 'block (2 levels) in <module:Callbacks>'
activesupport (8.0.2) lib/active_support/callbacks.rb:179:in 'ActiveSupport::Callbacks::Filters::Before#call'
activesupport (8.0.2) lib/active_support/callbacks.rb:559:in 'block in ActiveSupport::Callbacks::CallbackSequence#invoke_before'
activesupport (8.0.2) lib/active_support/callbacks.rb:559:in 'Array#each'
activesupport (8.0.2) lib/active_support/callbacks.rb:559:in 'ActiveSupport::Callbacks::CallbackSequence#invoke_before'
activesupport (8.0.2) lib/active_support/callbacks.rb:118:in 'block in ActiveSupport::Callbacks#run_callbacks'
activesupport (8.0.2) lib/active_support/callbacks.rb:140:in 'ActiveSupport::Callbacks#run_callbacks'
actionpack (8.0.2) lib/abstract_controller/callbacks.rb:260:in 'AbstractController::Callbacks#process_action'
actionpack (8.0.2) lib/action_controller/metal/rescue.rb:27:in 'ActionController::Rescue#process_action'
actionpack (8.0.2) lib/action_controller/metal/instrumentation.rb:76:in 'block in ActionController::Instrumentation#process_action'
activesupport (8.0.2) lib/active_support/notifications.rb:210:in 'block in ActiveSupport::Notifications.instrument'
activesupport (8.0.2) lib/active_support/notifications/instrumenter.rb:58:in 'ActiveSupport::Notifications::Instrumenter#instrument'
activesupport (8.0.2) lib/active_support/notifications.rb:210:in 'ActiveSupport::Notifications.instrument'
actionpack (8.0.2) lib/action_controller/metal/instrumentation.rb:75:in 'ActionController::Instrumentation#process_action'
actionpack (8.0.2) lib/action_controller/metal/params_wrapper.rb:259:in 'ActionController::ParamsWrapper#process_action'
activerecord (8.0.2) lib/active_record/railties/controller_runtime.rb:39:in 'ActiveRecord::Railties::ControllerRuntime#process_action'
actionpack (8.0.2) lib/abstract_controller/base.rb:163:in 'AbstractController::Base#process'
actionview (8.0.2) lib/action_view/rendering.rb:40:in 'ActionView::Rendering#process'
actionpack (8.0.2) lib/action_controller/metal.rb:252:in 'ActionController::Metal#dispatch'
actionpack (8.0.2) lib/action_controller/metal.rb:335:in 'ActionController::Metal.dispatch'
actionpack (8.0.2) lib/action_dispatch/routing/route_set.rb:67:in 'ActionDispatch::Routing::RouteSet::Dispatcher#dispatch'
actionpack (8.0.2) lib/action_dispatch/routing/route_set.rb:50:in 'ActionDispatch::Routing::RouteSet::Dispatcher#serve'
actionpack (8.0.2) lib/action_dispatch/journey/router.rb:53:in 'block in ActionDispatch::Journey::Router#serve'
actionpack (8.0.2) lib/action_dispatch/journey/router.rb:133:in 'block in ActionDispatch::Journey::Router#find_routes'
actionpack (8.0.2) lib/action_dispatch/journey/router.rb:126:in 'Array#each'
actionpack (8.0.2) lib/action_dispatch/journey/router.rb:126:in 'ActionDispatch::Journey::Router#find_routes'
actionpack (8.0.2) lib/action_dispatch/journey/router.rb:34:in 'ActionDispatch::Journey::Router#serve'
actionpack (8.0.2) lib/action_dispatch/routing/route_set.rb:908:in 'ActionDispatch::Routing::RouteSet#call'
railties (8.0.2) lib/rails/engine/lazy_route_set.rb:68:in 'Rails::Engine::LazyRouteSet#call'
rack (3.1.15) lib/rack/tempfile_reaper.rb:20:in 'Rack::TempfileReaper#call'
rack (3.1.15) lib/rack/etag.rb:29:in 'Rack::ETag#call'
rack (3.1.15) lib/rack/conditional_get.rb:43:in 'Rack::ConditionalGet#call'
rack (3.1.15) lib/rack/head.rb:15:in 'Rack::Head#call'
actionpack (8.0.2) lib/action_dispatch/http/permissions_policy.rb:38:in 'ActionDispatch::PermissionsPolicy::Middleware#call'
actionpack (8.0.2) lib/action_dispatch/http/content_security_policy.rb:38:in 'ActionDispatch::ContentSecurityPolicy::Middleware#call'
rack-session (2.1.1) lib/rack/session/abstract/id.rb:274:in 'Rack::Session::Abstract::Persisted#context'
rack-session (2.1.1) lib/rack/session/abstract/id.rb:268:in 'Rack::Session::Abstract::Persisted#call'
actionpack (8.0.2) lib/action_dispatch/middleware/cookies.rb:706:in 'ActionDispatch::Cookies#call'
activerecord (8.0.2) lib/active_record/migration.rb:671:in 'ActiveRecord::Migration::CheckPending#call'
actionpack (8.0.2) lib/action_dispatch/middleware/callbacks.rb:31:in 'block in ActionDispatch::Callbacks#call'
activesupport (8.0.2) lib/active_support/callbacks.rb:100:in 'ActiveSupport::Callbacks#run_callbacks'
actionpack (8.0.2) lib/action_dispatch/middleware/callbacks.rb:30:in 'ActionDispatch::Callbacks#call'
actionpack (8.0.2) lib/action_dispatch/middleware/executor.rb:16:in 'ActionDispatch::Executor#call'
actionpack (8.0.2) lib/action_dispatch/middleware/actionable_exceptions.rb:18:in 'ActionDispatch::ActionableExceptions#call'
actionpack (8.0.2) lib/action_dispatch/middleware/debug_exceptions.rb:31:in 'ActionDispatch::DebugExceptions#call'
web-console (4.2.1) lib/web_console/middleware.rb:132:in 'WebConsole::Middleware#call_app'
web-console (4.2.1) lib/web_console/middleware.rb:28:in 'block in WebConsole::Middleware#call'
web-console (4.2.1) lib/web_console/middleware.rb:17:in 'Kernel#catch'
web-console (4.2.1) lib/web_console/middleware.rb:17:in 'WebConsole::Middleware#call'
actionpack (8.0.2) lib/action_dispatch/middleware/show_exceptions.rb:32:in 'ActionDispatch::ShowExceptions#call'
railties (8.0.2) lib/rails/rack/logger.rb:41:in 'Rails::Rack::Logger#call_app'
railties (8.0.2) lib/rails/rack/logger.rb:29:in 'Rails::Rack::Logger#call'
actionpack (8.0.2) lib/action_dispatch/middleware/remote_ip.rb:96:in 'ActionDispatch::RemoteIp#call'
actionpack (8.0.2) lib/action_dispatch/middleware/request_id.rb:34:in 'ActionDispatch::RequestId#call'
rack (3.1.15) lib/rack/method_override.rb:28:in 'Rack::MethodOverride#call'
rack (3.1.15) lib/rack/runtime.rb:24:in 'Rack::Runtime#call'
actionpack (8.0.2) lib/action_dispatch/middleware/server_timing.rb:61:in 'block in ActionDispatch::ServerTiming#call'
actionpack (8.0.2) lib/action_dispatch/middleware/server_timing.rb:26:in 'ActionDispatch::ServerTiming::Subscriber#collect_events'
actionpack (8.0.2) lib/action_dispatch/middleware/server_timing.rb:60:in 'ActionDispatch::ServerTiming#call'
actionpack (8.0.2) lib/action_dispatch/middleware/executor.rb:16:in 'ActionDispatch::Executor#call'
actionpack (8.0.2) lib/action_dispatch/middleware/static.rb:27:in 'ActionDispatch::Static#call'
rack (3.1.15) lib/rack/sendfile.rb:114:in 'Rack::Sendfile#call'
actionpack (8.0.2) lib/action_dispatch/middleware/host_authorization.rb:143:in 'ActionDispatch::HostAuthorization#call'
railties (8.0.2) lib/rails/engine.rb:535:in 'Rails::Engine#call'
puma (6.6.0) lib/puma/configuration.rb:279:in 'Puma::Configuration::ConfigMiddleware#call'
puma (6.6.0) lib/puma/request.rb:99:in 'block in Puma::Request#handle_request'
puma (6.6.0) lib/puma/thread_pool.rb:390:in 'Puma::ThreadPool#with_force_shutdown'
puma (6.6.0) lib/puma/request.rb:98:in 'Puma::Request#handle_request'
puma (6.6.0) lib/puma/server.rb:472:in 'Puma::Server#process_client'
puma (6.6.0) lib/puma/server.rb:254:in 'block in Puma::Server#run'
puma (6.6.0) lib/puma/thread_pool.rb:167:in 'block in Puma::ThreadPool#spawn_thread'
Started POST "/login" for ::1 at 2025-05-29 10:46:37 +0530
Processing by SessionsController#create as */*
  Parameters: {"email" => "[FILTERED]", "password" => "[FILTERED]", "session" => {"email" => "[FILTERED]", "password" => "[FILTERED]"}}
  [1m[36mUser Load (2.3ms)[0m  [1m[34mSELECT "users".* FROM "users" WHERE "users"."email" = 'venkatoffi@gmail.com' LIMIT 1 /*action='create',application='UserManagement',controller='sessions'*/[0m
  ↳ app/controllers/sessions_controller.rb:6:in 'SessionsController#create'
Completed 200 OK in 5288ms (Views: 0.2ms | ActiveRecord: 17.0ms (1 query, 0 cached) | GC: 24.8ms)


Started GET "/health" for ::1 at 2025-05-29 10:47:03 +0530
Started POST "/login" for ::1 at 2025-05-29 10:47:29 +0530
Processing by SessionsController#create as */*
  Parameters: {"email" => "[FILTERED]", "password" => "[FILTERED]", "session" => {"email" => "[FILTERED]", "password" => "[FILTERED]"}}
  [1m[36mUser Load (0.4ms)[0m  [1m[34mSELECT "users".* FROM "users" WHERE "users"."email" = 'venkatoffi@gmail.com' LIMIT 1 /*action='create',application='UserManagement',controller='sessions'*/[0m
  ↳ app/controllers/sessions_controller.rb:5:in 'SessionsController#create'
Completed 200 OK in 3107ms (Views: 0.1ms | ActiveRecord: 6.1ms (1 query, 0 cached) | GC: 0.0ms)


Started GET "/health" for ::1 at 2025-05-29 10:48:03 +0530
Started GET "/health" for ::1 at 2025-05-29 10:49:03 +0530
Started GET "/health" for ::1 at 2025-05-29 10:50:03 +0530
Started GET "/health" for ::1 at 2025-05-29 10:51:03 +0530
Started POST "/login" for ::1 at 2025-05-29 11:52:37 +0530
  [1m[36mActiveRecord::SchemaMigration Load (1.2ms)[0m  [1m[34mSELECT "schema_migrations"."version" FROM "schema_migrations" ORDER BY "schema_migrations"."version" ASC /*application='UserManagement'*/[0m
Processing by SessionsController#create as */*
  Parameters: {"email" => "[FILTERED]", "password" => "[FILTERED]", "session" => {"email" => "[FILTERED]", "password" => "[FILTERED]"}}
  [1m[36mUser Load (1.1ms)[0m  [1m[34mSELECT "users".* FROM "users" WHERE "users"."email" = 'venkatoffi@gmail.com' LIMIT 1 /*action='create',application='UserManagement',controller='sessions'*/[0m
  ↳ app/controllers/sessions_controller.rb:4:in 'SessionsController#create'
Started GET "/health" for ::1 at 2025-05-29 11:53:11 +0530
Started GET "/health" for ::1 at 2025-05-29 11:54:11 +0530
Started GET "/health" for ::1 at 2025-05-29 11:55:11 +0530
Started GET "/health" for ::1 at 2025-05-29 11:56:11 +0530
Started GET "/health" for ::1 at 2025-05-29 11:57:11 +0530
Started GET "/health" for ::1 at 2025-05-29 11:58:11 +0530
Started GET "/health" for ::1 at 2025-05-29 11:59:11 +0530
Started GET "/health" for ::1 at 2025-05-29 12:00:11 +0530
Started GET "/health" for ::1 at 2025-05-29 12:03:49 +0530
Started GET "/health" for ::1 at 2025-05-29 12:04:49 +0530
Started GET "/health" for ::1 at 2025-05-29 12:05:49 +0530
Completed 200 OK in 819227ms (Views: 1.1ms | ActiveRecord: 12.2ms (1 query, 0 cached) | GC: 132.3ms)


  [1m[35m (0.5ms)[0m  [1m[34mSELECT pg_try_advisory_lock(8478641152927346625) /*application='UserManagement'*/[0m
  [1m[36mActiveRecord::SchemaMigration Load (1.2ms)[0m  [1m[34mSELECT "schema_migrations"."version" FROM "schema_migrations" ORDER BY "schema_migrations"."version" ASC /*application='UserManagement'*/[0m
  [1m[36mActiveRecord::InternalMetadata Load (2.3ms)[0m  [1m[34mSELECT * FROM "ar_internal_metadata" WHERE "ar_internal_metadata"."key" = 'environment' ORDER BY "ar_internal_metadata"."key" ASC LIMIT 1 /*application='UserManagement'*/[0m
Migrating to AddSessionsTable (20250529063831)
  [1m[36mTRANSACTION (0.2ms)[0m  [1m[35mBEGIN /*application='UserManagement'*/[0m
  [1m[35m (19.0ms)[0m  [1m[35mCREATE TABLE "sessions" ("id" bigserial primary key, "session_id" character varying NOT NULL, "data" text, "created_at" timestamp(6) NOT NULL, "updated_at" timestamp(6) NOT NULL) /*application='UserManagement'*/[0m
  [1m[35m (1.8ms)[0m  [1m[35mCREATE UNIQUE INDEX "index_sessions_on_session_id" ON "sessions" ("session_id") /*application='UserManagement'*/[0m
  [1m[35m (1.2ms)[0m  [1m[35mCREATE INDEX "index_sessions_on_updated_at" ON "sessions" ("updated_at") /*application='UserManagement'*/[0m
  [1m[36mActiveRecord::SchemaMigration Create (0.6ms)[0m  [1m[32mINSERT INTO "schema_migrations" ("version") VALUES ('20250529063831') RETURNING "version" /*application='UserManagement'*/[0m
  [1m[36mTRANSACTION (2.4ms)[0m  [1m[35mCOMMIT /*application='UserManagement'*/[0m
  [1m[35m (0.8ms)[0m  [1m[34mSELECT pg_advisory_unlock(8478641152927346625) /*application='UserManagement'*/[0m
  [1m[36mActiveRecord::SchemaMigration Load (0.2ms)[0m  [1m[34mSELECT "schema_migrations"."version" FROM "schema_migrations" ORDER BY "schema_migrations"."version" ASC /*application='UserManagement'*/[0m
  [1m[35m (0.2ms)[0m  [1m[34mSELECT pg_try_advisory_lock(8478641152927346625) /*application='UserManagement'*/[0m
  [1m[36mActiveRecord::SchemaMigration Load (1.4ms)[0m  [1m[34mSELECT "schema_migrations"."version" FROM "schema_migrations" ORDER BY "schema_migrations"."version" ASC /*application='UserManagement'*/[0m
  [1m[36mActiveRecord::InternalMetadata Load (1.3ms)[0m  [1m[34mSELECT * FROM "ar_internal_metadata" WHERE "ar_internal_metadata"."key" = 'environment' ORDER BY "ar_internal_metadata"."key" ASC LIMIT 1 /*application='UserManagement'*/[0m
  [1m[35m (0.2ms)[0m  [1m[34mSELECT pg_advisory_unlock(8478641152927346625) /*application='UserManagement'*/[0m
  [1m[36mActiveRecord::SchemaMigration Load (0.2ms)[0m  [1m[34mSELECT "schema_migrations"."version" FROM "schema_migrations" ORDER BY "schema_migrations"."version" ASC /*application='UserManagement'*/[0m
  [1m[36mActiveRecord::SchemaMigration Load (1.1ms)[0m  [1m[34mSELECT "schema_migrations"."version" FROM "schema_migrations" ORDER BY "schema_migrations"."version" ASC /*application='UserManagement'*/[0m
  [1m[36mActiveRecord::SchemaMigration Load (0.2ms)[0m  [1m[34mSELECT "schema_migrations"."version" FROM "schema_migrations" ORDER BY "schema_migrations"."version" ASC /*application='UserManagement'*/[0m
  [1m[36mActiveRecord::SchemaMigration Load (0.3ms)[0m  [1m[34mSELECT "schema_migrations"."version" FROM "schema_migrations" ORDER BY "schema_migrations"."version" ASC /*application='UserManagement'*/[0m
  [1m[35m (0.3ms)[0m  [1m[34mSELECT pg_try_advisory_lock(8478641152927346625) /*application='UserManagement'*/[0m
  [1m[36mActiveRecord::SchemaMigration Load (0.2ms)[0m  [1m[34mSELECT "schema_migrations"."version" FROM "schema_migrations" ORDER BY "schema_migrations"."version" ASC /*application='UserManagement'*/[0m
Migrating to AddSessionsTable (20250529063831)
  [1m[36mTRANSACTION (0.1ms)[0m  [1m[35mBEGIN /*application='UserManagement'*/[0m
  [1m[35m (2.8ms)[0m  [1m[35mDROP INDEX  "index_sessions_on_updated_at" /*application='UserManagement'*/[0m
  [1m[35m (0.3ms)[0m  [1m[35mDROP INDEX  "index_sessions_on_session_id" /*application='UserManagement'*/[0m
  [1m[35m (2.7ms)[0m  [1m[35mDROP TABLE "sessions" /*application='UserManagement'*/[0m
  [1m[36mActiveRecord::SchemaMigration Destroy (0.4ms)[0m  [1m[31mDELETE FROM "schema_migrations" WHERE "schema_migrations"."version" = '20250529063831' /*application='UserManagement'*/[0m
  [1m[36mTRANSACTION (3.5ms)[0m  [1m[35mCOMMIT /*application='UserManagement'*/[0m
  [1m[35m (0.3ms)[0m  [1m[34mSELECT pg_advisory_unlock(8478641152927346625) /*application='UserManagement'*/[0m
  [1m[36mActiveRecord::SchemaMigration Load (0.2ms)[0m  [1m[34mSELECT "schema_migrations"."version" FROM "schema_migrations" ORDER BY "schema_migrations"."version" ASC /*application='UserManagement'*/[0m
  [1m[35m (0.2ms)[0m  [1m[34mSELECT pg_try_advisory_lock(8478641152927346625) /*application='UserManagement'*/[0m
  [1m[36mActiveRecord::SchemaMigration Load (1.2ms)[0m  [1m[34mSELECT "schema_migrations"."version" FROM "schema_migrations" ORDER BY "schema_migrations"."version" ASC /*application='UserManagement'*/[0m
  [1m[36mActiveRecord::InternalMetadata Load (1.2ms)[0m  [1m[34mSELECT * FROM "ar_internal_metadata" WHERE "ar_internal_metadata"."key" = 'environment' ORDER BY "ar_internal_metadata"."key" ASC LIMIT 1 /*application='UserManagement'*/[0m
Migrating to AddSessionsTable (20250529063831)
  [1m[36mTRANSACTION (0.1ms)[0m  [1m[35mBEGIN /*application='UserManagement'*/[0m
  [1m[35m (9.4ms)[0m  [1m[35mCREATE TABLE "sessions" ("id" bigserial primary key, "session_id" character varying NOT NULL, "data" text, "created_at" timestamp(6) NOT NULL, "updated_at" timestamp(6) NOT NULL) /*application='UserManagement'*/[0m
  [1m[35m (1.6ms)[0m  [1m[35mCREATE UNIQUE INDEX "index_sessions_on_session_id" ON "sessions" ("session_id") /*application='UserManagement'*/[0m
  [1m[35m (1.5ms)[0m  [1m[35mCREATE INDEX "index_sessions_on_updated_at" ON "sessions" ("updated_at") /*application='UserManagement'*/[0m
  [1m[36mActiveRecord::SchemaMigration Create (0.3ms)[0m  [1m[32mINSERT INTO "schema_migrations" ("version") VALUES ('20250529063831') RETURNING "version" /*application='UserManagement'*/[0m
  [1m[36mTRANSACTION (0.5ms)[0m  [1m[35mCOMMIT /*application='UserManagement'*/[0m
  [1m[35m (0.8ms)[0m  [1m[34mSELECT pg_advisory_unlock(8478641152927346625) /*application='UserManagement'*/[0m
  [1m[36mActiveRecord::SchemaMigration Load (0.2ms)[0m  [1m[34mSELECT "schema_migrations"."version" FROM "schema_migrations" ORDER BY "schema_migrations"."version" ASC /*application='UserManagement'*/[0m
  [1m[36mActiveRecord::SchemaMigration Load (1.1ms)[0m  [1m[34mSELECT "schema_migrations"."version" FROM "schema_migrations" ORDER BY "schema_migrations"."version" ASC /*application='UserManagement'*/[0m
  [1m[36mActiveRecord::SchemaMigration Load (0.2ms)[0m  [1m[34mSELECT "schema_migrations"."version" FROM "schema_migrations" ORDER BY "schema_migrations"."version" ASC /*application='UserManagement'*/[0m
  [1m[36mActiveRecord::SchemaMigration Load (0.2ms)[0m  [1m[34mSELECT "schema_migrations"."version" FROM "schema_migrations" ORDER BY "schema_migrations"."version" ASC /*application='UserManagement'*/[0m
  [1m[35m (0.2ms)[0m  [1m[34mSELECT pg_try_advisory_lock(8478641152927346625) /*application='UserManagement'*/[0m
  [1m[36mActiveRecord::SchemaMigration Load (0.2ms)[0m  [1m[34mSELECT "schema_migrations"."version" FROM "schema_migrations" ORDER BY "schema_migrations"."version" ASC /*application='UserManagement'*/[0m
Migrating to AddSessionsTable (20250529063831)
  [1m[36mTRANSACTION (0.2ms)[0m  [1m[35mBEGIN /*application='UserManagement'*/[0m
  [1m[35m (0.9ms)[0m  [1m[35mDROP INDEX  "index_sessions_on_updated_at" /*application='UserManagement'*/[0m
  [1m[35m (0.3ms)[0m  [1m[35mDROP INDEX  "index_sessions_on_session_id" /*application='UserManagement'*/[0m
  [1m[35m (1.6ms)[0m  [1m[35mDROP TABLE "sessions" /*application='UserManagement'*/[0m
  [1m[36mActiveRecord::SchemaMigration Destroy (0.5ms)[0m  [1m[31mDELETE FROM "schema_migrations" WHERE "schema_migrations"."version" = '20250529063831' /*application='UserManagement'*/[0m
  [1m[36mTRANSACTION (4.0ms)[0m  [1m[35mCOMMIT /*application='UserManagement'*/[0m
  [1m[35m (0.4ms)[0m  [1m[34mSELECT pg_advisory_unlock(8478641152927346625) /*application='UserManagement'*/[0m
  [1m[36mActiveRecord::SchemaMigration Load (0.3ms)[0m  [1m[34mSELECT "schema_migrations"."version" FROM "schema_migrations" ORDER BY "schema_migrations"."version" ASC /*application='UserManagement'*/[0m
  [1m[35m (0.3ms)[0m  [1m[34mSELECT pg_try_advisory_lock(8478641152927346625) /*application='UserManagement'*/[0m
  [1m[36mActiveRecord::SchemaMigration Load (1.2ms)[0m  [1m[34mSELECT "schema_migrations"."version" FROM "schema_migrations" ORDER BY "schema_migrations"."version" ASC /*application='UserManagement'*/[0m
  [1m[36mActiveRecord::InternalMetadata Load (1.2ms)[0m  [1m[34mSELECT * FROM "ar_internal_metadata" WHERE "ar_internal_metadata"."key" = 'environment' ORDER BY "ar_internal_metadata"."key" ASC LIMIT 1 /*application='UserManagement'*/[0m
Migrating to AddSessionsTable (20250529063831)
  [1m[36mTRANSACTION (0.2ms)[0m  [1m[35mBEGIN /*application='UserManagement'*/[0m
  [1m[35m (8.3ms)[0m  [1m[35mCREATE TABLE "sessions" ("id" bigserial primary key, "session_id" character varying NOT NULL, "user_id" integer NOT NULL, "data" text, "created_at" timestamp(6) NOT NULL, "updated_at" timestamp(6) NOT NULL) /*application='UserManagement'*/[0m
  [1m[35m (2.3ms)[0m  [1m[35mCREATE UNIQUE INDEX "index_sessions_on_session_id" ON "sessions" ("session_id") /*application='UserManagement'*/[0m
  [1m[35m (2.5ms)[0m  [1m[35mCREATE INDEX "index_sessions_on_updated_at" ON "sessions" ("updated_at") /*application='UserManagement'*/[0m
  [1m[36mActiveRecord::SchemaMigration Create (0.3ms)[0m  [1m[32mINSERT INTO "schema_migrations" ("version") VALUES ('20250529063831') RETURNING "version" /*application='UserManagement'*/[0m
  [1m[36mTRANSACTION (0.6ms)[0m  [1m[35mCOMMIT /*application='UserManagement'*/[0m
  [1m[35m (0.4ms)[0m  [1m[34mSELECT pg_advisory_unlock(8478641152927346625) /*application='UserManagement'*/[0m
  [1m[36mActiveRecord::SchemaMigration Load (0.2ms)[0m  [1m[34mSELECT "schema_migrations"."version" FROM "schema_migrations" ORDER BY "schema_migrations"."version" ASC /*application='UserManagement'*/[0m
Started POST "/login" for ::1 at 2025-05-29 12:28:19 +0530
  [1m[36mActiveRecord::SchemaMigration Load (1.1ms)[0m  [1m[34mSELECT "schema_migrations"."version" FROM "schema_migrations" ORDER BY "schema_migrations"."version" ASC /*application='UserManagement'*/[0m
  
ActiveRecord::PendingMigrationError (

Migrations are pending. To resolve this issue, run:

        bin/rails db:migrate

You have 1 pending migration:

db/migrate/20250529065735_create_sessions.rb


):
  
activerecord (8.0.2) lib/active_record/migration.rb:743:in 'ActiveRecord::Migration.check_pending_migrations'
activerecord (8.0.2) lib/active_record/migration.rb:660:in 'block (2 levels) in ActiveRecord::Migration::CheckPending#call'
activesupport (8.0.2) lib/active_support/file_update_checker.rb:85:in 'ActiveSupport::FileUpdateChecker#execute'
activerecord (8.0.2) lib/active_record/migration.rb:665:in 'block in ActiveRecord::Migration::CheckPending#call'
activerecord (8.0.2) lib/active_record/migration.rb:657:in 'Thread::Mutex#synchronize'
activerecord (8.0.2) lib/active_record/migration.rb:657:in 'ActiveRecord::Migration::CheckPending#call'
actionpack (8.0.2) lib/action_dispatch/middleware/callbacks.rb:31:in 'block in ActionDispatch::Callbacks#call'
activesupport (8.0.2) lib/active_support/callbacks.rb:100:in 'ActiveSupport::Callbacks#run_callbacks'
actionpack (8.0.2) lib/action_dispatch/middleware/callbacks.rb:30:in 'ActionDispatch::Callbacks#call'
actionpack (8.0.2) lib/action_dispatch/middleware/executor.rb:16:in 'ActionDispatch::Executor#call'
actionpack (8.0.2) lib/action_dispatch/middleware/actionable_exceptions.rb:18:in 'ActionDispatch::ActionableExceptions#call'
actionpack (8.0.2) lib/action_dispatch/middleware/debug_exceptions.rb:31:in 'ActionDispatch::DebugExceptions#call'
web-console (4.2.1) lib/web_console/middleware.rb:132:in 'WebConsole::Middleware#call_app'
web-console (4.2.1) lib/web_console/middleware.rb:28:in 'block in WebConsole::Middleware#call'
web-console (4.2.1) lib/web_console/middleware.rb:17:in 'Kernel#catch'
web-console (4.2.1) lib/web_console/middleware.rb:17:in 'WebConsole::Middleware#call'
actionpack (8.0.2) lib/action_dispatch/middleware/show_exceptions.rb:32:in 'ActionDispatch::ShowExceptions#call'
railties (8.0.2) lib/rails/rack/logger.rb:41:in 'Rails::Rack::Logger#call_app'
railties (8.0.2) lib/rails/rack/logger.rb:29:in 'Rails::Rack::Logger#call'
actionpack (8.0.2) lib/action_dispatch/middleware/remote_ip.rb:96:in 'ActionDispatch::RemoteIp#call'
actionpack (8.0.2) lib/action_dispatch/middleware/request_id.rb:34:in 'ActionDispatch::RequestId#call'
rack (3.1.15) lib/rack/method_override.rb:28:in 'Rack::MethodOverride#call'
rack (3.1.15) lib/rack/runtime.rb:24:in 'Rack::Runtime#call'
actionpack (8.0.2) lib/action_dispatch/middleware/server_timing.rb:61:in 'block in ActionDispatch::ServerTiming#call'
actionpack (8.0.2) lib/action_dispatch/middleware/server_timing.rb:26:in 'ActionDispatch::ServerTiming::Subscriber#collect_events'
actionpack (8.0.2) lib/action_dispatch/middleware/server_timing.rb:60:in 'ActionDispatch::ServerTiming#call'
actionpack (8.0.2) lib/action_dispatch/middleware/executor.rb:16:in 'ActionDispatch::Executor#call'
actionpack (8.0.2) lib/action_dispatch/middleware/static.rb:27:in 'ActionDispatch::Static#call'
rack (3.1.15) lib/rack/sendfile.rb:114:in 'Rack::Sendfile#call'
actionpack (8.0.2) lib/action_dispatch/middleware/host_authorization.rb:143:in 'ActionDispatch::HostAuthorization#call'
railties (8.0.2) lib/rails/engine.rb:535:in 'Rails::Engine#call'
puma (6.6.0) lib/puma/configuration.rb:279:in 'Puma::Configuration::ConfigMiddleware#call'
puma (6.6.0) lib/puma/request.rb:99:in 'block in Puma::Request#handle_request'
puma (6.6.0) lib/puma/thread_pool.rb:390:in 'Puma::ThreadPool#with_force_shutdown'
puma (6.6.0) lib/puma/request.rb:98:in 'Puma::Request#handle_request'
puma (6.6.0) lib/puma/server.rb:472:in 'Puma::Server#process_client'
puma (6.6.0) lib/puma/server.rb:254:in 'block in Puma::Server#run'
puma (6.6.0) lib/puma/thread_pool.rb:167:in 'block in Puma::ThreadPool#spawn_thread'
  [1m[36mActiveRecord::SchemaMigration Load (1.0ms)[0m  [1m[34mSELECT "schema_migrations"."version" FROM "schema_migrations" ORDER BY "schema_migrations"."version" ASC /*application='UserManagement'*/[0m
  [1m[36mActiveRecord::SchemaMigration Load (1.2ms)[0m  [1m[34mSELECT "schema_migrations"."version" FROM "schema_migrations" ORDER BY "schema_migrations"."version" ASC /*application='UserManagement'*/[0m
Started POST "/login" for ::1 at 2025-05-29 12:29:26 +0530
  [1m[36mActiveRecord::SchemaMigration Load (0.5ms)[0m  [1m[34mSELECT "schema_migrations"."version" FROM "schema_migrations" ORDER BY "schema_migrations"."version" ASC /*application='UserManagement'*/[0m
Processing by SessionsController#create as */*
  Parameters: {"email" => "[FILTERED]", "password" => "[FILTERED]", "session" => {}}
  [1m[36mUser Load (1.7ms)[0m  [1m[34mSELECT "users".* FROM "users" WHERE "users"."email" = 'venkatoffi@gmail.com' LIMIT 1 /*action='create',application='UserManagement',controller='sessions'*/[0m
  ↳ app/controllers/sessions_controller.rb:4:in 'SessionsController#create'
Completed 200 OK in 9012ms (Views: 0.7ms | ActiveRecord: 32.6ms (1 query, 0 cached) | GC: 0.0ms)


Started GET "/health" for ::1 at 2025-05-29 12:30:01 +0530
Started GET "/health" for ::1 at 2025-05-29 12:31:01 +0530
Started GET "/health" for ::1 at 2025-05-29 12:32:01 +0530
Started GET "/health" for ::1 at 2025-05-29 12:33:01 +0530
Started GET "/health" for ::1 at 2025-05-29 12:34:01 +0530
Started GET "/health" for ::1 at 2025-05-29 12:35:01 +0530
Started GET "/health" for ::1 at 2025-05-29 12:36:41 +0530
Started GET "/health" for ::1 at 2025-05-29 12:37:41 +0530
Started GET "/health" for ::1 at 2025-05-29 12:38:41 +0530
Started GET "/health" for ::1 at 2025-05-29 12:39:41 +0530
Started GET "/health" for ::1 at 2025-05-29 12:40:41 +0530
Started GET "/health" for ::1 at 2025-05-29 12:41:41 +0530
Started GET "/health" for ::1 at 2025-05-29 12:42:41 +0530
Started GET "/health" for ::1 at 2025-05-29 12:43:41 +0530
Started GET "/health" for ::1 at 2025-05-29 12:44:41 +0530
Started GET "/health" for ::1 at 2025-05-29 12:45:41 +0530
Started GET "/health" for ::1 at 2025-05-29 12:52:33 +0530
Started GET "/health" for ::1 at 2025-05-29 12:53:33 +0530
Started GET "/health" for ::1 at 2025-05-29 12:54:33 +0530
Started GET "/health" for ::1 at 2025-05-29 12:59:02 +0530
Started GET "/health" for ::1 at 2025-05-29 13:00:02 +0530
Started GET "/health" for ::1 at 2025-05-29 13:01:02 +0530
Started GET "/health" for ::1 at 2025-05-29 13:07:02 +0530
Started GET "/health" for ::1 at 2025-05-29 13:08:02 +0530
Started GET "/health" for ::1 at 2025-05-29 13:09:02 +0530
Started GET "/health" for ::1 at 2025-05-29 13:10:02 +0530
Started GET "/health" for ::1 at 2025-05-29 13:11:02 +0530
Started GET "/health" for ::1 at 2025-05-29 13:14:23 +0530
Started GET "/health" for ::1 at 2025-05-29 13:15:23 +0530
Started GET "/health" for ::1 at 2025-05-29 13:17:06 +0530
Started GET "/health" for ::1 at 2025-05-29 13:18:06 +0530
Started GET "/health" for ::1 at 2025-05-29 13:19:06 +0530
Started GET "/health" for ::1 at 2025-05-29 13:20:06 +0530
Started GET "/health" for ::1 at 2025-05-29 13:21:06 +0530
Started GET "/health" for ::1 at 2025-05-29 13:22:06 +0530
Started GET "/health" for ::1 at 2025-05-29 13:23:06 +0530
Started GET "/health" for ::1 at 2025-05-29 13:24:06 +0530
Started GET "/health" for ::1 at 2025-05-29 13:25:06 +0530
Started GET "/health" for ::1 at 2025-05-29 13:26:06 +0530
Started GET "/health" for ::1 at 2025-05-29 13:27:06 +0530
Started GET "/health" for ::1 at 2025-05-29 13:28:06 +0530
Started GET "/health" for ::1 at 2025-05-29 13:29:06 +0530
Started GET "/health" for ::1 at 2025-05-29 13:30:14 +0530
Started GET "/health" for ::1 at 2025-05-29 13:31:14 +0530
Started GET "/health" for ::1 at 2025-05-29 13:32:14 +0530
Started GET "/health" for ::1 at 2025-05-29 13:33:14 +0530
Started GET "/" for ::1 at 2025-10-17 10:05:14 +0530
  [1m[36mActiveRecord::SchemaMigration Load (3.2ms)[0m  [1m[34mSELECT "schema_migrations"."version" FROM "schema_migrations" ORDER BY "schema_migrations"."version" ASC /*application='UserManagement'*/[0m
Processing by UserController#index as HTML
  Rendering layout layouts/application.html.erb
  Rendering user/index.html.erb within layouts/application
  Rendered user/index.html.erb within layouts/application (Duration: 0.2ms | GC: 0.0ms)
  Rendered layout layouts/application.html.erb (Duration: 5.3ms | GC: 0.0ms)
Completed 200 OK in 67ms (Views: 6.9ms | ActiveRecord: 0.0ms (0 queries, 0 cached) | GC: 0.0ms)


  
ActiveRecord::StatementInvalid (PG::UndefinedTable: ERROR:  relation "legacy_session_table" does not exist
LINE 10:  WHERE a.attrelid = '"legacy_session_table"'::regclass
                             ^
)
Caused by: PG::UndefinedTable (ERROR:  relation "legacy_session_table" does not exist
LINE 10:  WHERE a.attrelid = '"legacy_session_table"'::regclass
                             ^
)

Information for: ActiveRecord::StatementInvalid (PG::UndefinedTable: ERROR:  relation "legacy_session_table" does not exist
LINE 10:  WHERE a.attrelid = '"legacy_session_table"'::regclass
                             ^
):
  

Information for cause: PG::UndefinedTable (ERROR:  relation "legacy_session_table" does not exist
LINE 10:  WHERE a.attrelid = '"legacy_session_table"'::regclass
                             ^
):
  
activerecord (8.0.2) lib/active_record/connection_adapters/postgresql/database_statements.rb:160:in 'PG::Connection#exec'
activerecord (8.0.2) lib/active_record/connection_adapters/postgresql/database_statements.rb:160:in 'ActiveRecord::ConnectionAdapters::PostgreSQL::DatabaseStatements#perform_query'
activerecord (8.0.2) lib/active_record/connection_adapters/abstract/database_statements.rb:556:in 'block (2 levels) in ActiveRecord::ConnectionAdapters::DatabaseStatements#raw_execute'
activerecord (8.0.2) lib/active_record/connection_adapters/abstract_adapter.rb:1015:in 'block in ActiveRecord::ConnectionAdapters::AbstractAdapter#with_raw_connection'
activesupport (8.0.2) lib/active_support/concurrency/null_lock.rb:9:in 'ActiveSupport::Concurrency::NullLock#synchronize'
activerecord (8.0.2) lib/active_record/connection_adapters/abstract_adapter.rb:984:in 'ActiveRecord::ConnectionAdapters::AbstractAdapter#with_raw_connection'
activerecord (8.0.2) lib/active_record/connection_adapters/abstract/database_statements.rb:555:in 'block in ActiveRecord::ConnectionAdapters::DatabaseStatements#raw_execute'
activesupport (8.0.2) lib/active_support/notifications/instrumenter.rb:58:in 'ActiveSupport::Notifications::Instrumenter#instrument'
activerecord (8.0.2) lib/active_record/connection_adapters/abstract_adapter.rb:1135:in 'ActiveRecord::ConnectionAdapters::AbstractAdapter#log'
activerecord (8.0.2) lib/active_record/connection_adapters/abstract/database_statements.rb:554:in 'ActiveRecord::ConnectionAdapters::DatabaseStatements#raw_execute'
activerecord (8.0.2) lib/active_record/connection_adapters/abstract/database_statements.rb:591:in 'ActiveRecord::ConnectionAdapters::DatabaseStatements#internal_execute'
activerecord (8.0.2) lib/active_record/connection_adapters/postgresql/database_statements.rb:15:in 'ActiveRecord::ConnectionAdapters::PostgreSQL::DatabaseStatements#query'
activerecord (8.0.2) lib/active_record/connection_adapters/postgresql_adapter.rb:1035:in 'ActiveRecord::ConnectionAdapters::PostgreSQLAdapter#column_definitions'
activerecord (8.0.2) lib/active_record/connection_adapters/abstract/schema_statements.rb:109:in 'ActiveRecord::ConnectionAdapters::SchemaStatements#columns'
activerecord (8.0.2) lib/active_record/connection_adapters/schema_cache.rb:345:in 'block (2 levels) in ActiveRecord::ConnectionAdapters::SchemaCache#columns'
activerecord (8.0.2) lib/active_record/connection_adapters/abstract/connection_pool.rb:412:in 'ActiveRecord::ConnectionAdapters::ConnectionPool#with_connection'
activerecord (8.0.2) lib/active_record/connection_adapters/schema_cache.rb:344:in 'block in ActiveRecord::ConnectionAdapters::SchemaCache#columns'
activerecord (8.0.2) lib/active_record/connection_adapters/schema_cache.rb:343:in 'Hash#fetch'
activerecord (8.0.2) lib/active_record/connection_adapters/schema_cache.rb:343:in 'ActiveRecord::ConnectionAdapters::SchemaCache#columns'
activerecord (8.0.2) lib/active_record/connection_adapters/schema_cache.rb:354:in 'block in ActiveRecord::ConnectionAdapters::SchemaCache#columns_hash'
activerecord (8.0.2) lib/active_record/connection_adapters/schema_cache.rb:353:in 'Hash#fetch'
activerecord (8.0.2) lib/active_record/connection_adapters/schema_cache.rb:353:in 'ActiveRecord::ConnectionAdapters::SchemaCache#columns_hash'
activerecord (8.0.2) lib/active_record/connection_adapters/schema_cache.rb:54:in 'ActiveRecord::ConnectionAdapters::SchemaReflection#columns_hash'
activerecord (8.0.2) lib/active_record/connection_adapters/schema_cache.rb:198:in 'ActiveRecord::ConnectionAdapters::BoundSchemaReflection#columns_hash'
activerecord (8.0.2) lib/active_record/model_schema.rb:592:in 'ActiveRecord::ModelSchema::ClassMethods#load_schema!'
activerecord (8.0.2) lib/active_record/counter_cache.rb:187:in 'ActiveRecord::CounterCache::ClassMethods#load_schema!'
activerecord (8.0.2) lib/active_record/encryption/encryptable_record.rb:127:in 'ActiveRecord::Encryption::EncryptableRecord::ClassMethods#load_schema!'
activerecord (8.0.2) lib/active_record/model_schema.rb:539:in 'block in ActiveRecord::ModelSchema::ClassMethods#load_schema'
activerecord (8.0.2) lib/active_record/model_schema.rb:536:in 'Monitor#synchronize'
activerecord (8.0.2) lib/active_record/model_schema.rb:536:in 'ActiveRecord::ModelSchema::ClassMethods#load_schema'
activerecord (8.0.2) lib/active_record/model_schema.rb:428:in 'ActiveRecord::ModelSchema::ClassMethods#columns_hash'
activerecord (8.0.2) lib/active_record/attributes.rb:244:in 'block in ActiveRecord::Attributes::ClassMethods#_default_attributes'
activerecord (8.0.2) lib/active_record/connection_adapters/abstract/connection_pool.rb:418:in 'ActiveRecord::ConnectionAdapters::ConnectionPool#with_connection'
activerecord (8.0.2) lib/active_record/connection_handling.rb:310:in 'ActiveRecord::ConnectionHandling#with_connection'
activerecord (8.0.2) lib/active_record/attributes.rb:243:in 'ActiveRecord::Attributes::ClassMethods#_default_attributes'
activemodel (8.0.2) lib/active_model/attribute_registration.rb:38:in 'ActiveModel::AttributeRegistration::ClassMethods#attribute_types'
activerecord (8.0.2) lib/active_record/attribute_methods.rb:261:in 'ActiveRecord::AttributeMethods::ClassMethods#_has_attribute?'
activerecord (8.0.2) lib/active_record/inheritance.rb:61:in 'ActiveRecord::Inheritance::ClassMethods#new'
activerecord-session_store (2.2.0) lib/action_dispatch/session/active_record_store.rb:123:in 'block in ActionDispatch::Session::ActiveRecordStore#get_session_model'
activesupport (8.0.2) lib/active_support/logger_silence.rb:18:in 'block in ActiveSupport::LoggerSilence#silence'
activesupport (8.0.2) lib/active_support/logger_thread_safe_level.rb:37:in 'ActiveSupport::LoggerThreadSafeLevel#log_at'
activesupport (8.0.2) lib/active_support/logger_silence.rb:18:in 'ActiveSupport::LoggerSilence#silence'
activerecord-session_store (2.2.0) lib/action_dispatch/session/active_record_store.rb:119:in 'ActionDispatch::Session::ActiveRecordStore#get_session_model'
activerecord-session_store (2.2.0) lib/action_dispatch/session/active_record_store.rb:147:in 'ActionDispatch::Session::ActiveRecordStore#find_session'
rack-session (2.1.1) lib/rack/session/abstract/id.rb:322:in 'Rack::Session::Abstract::Persisted#load_session'
actionpack (8.0.2) lib/action_dispatch/middleware/session/abstract_store.rb:47:in 'block in ActionDispatch::Session::StaleSessionCheck#load_session'
actionpack (8.0.2) lib/action_dispatch/middleware/session/abstract_store.rb:55:in 'ActionDispatch::Session::StaleSessionCheck#stale_session_check!'
actionpack (8.0.2) lib/action_dispatch/middleware/session/abstract_store.rb:47:in 'ActionDispatch::Session::StaleSessionCheck#load_session'
actionpack (8.0.2) lib/action_dispatch/request/session.rb:274:in 'ActionDispatch::Request::Session#load!'
actionpack (8.0.2) lib/action_dispatch/request/session.rb:261:in 'ActionDispatch::Request::Session#load_for_write!'
actionpack (8.0.2) lib/action_dispatch/request/session.rb:155:in 'ActionDispatch::Request::Session#[]='
actionpack (8.0.2) lib/action_controller/metal/request_forgery_protection.rb:325:in 'ActionController::RequestForgeryProtection::SessionStore#store'
actionpack (8.0.2) lib/action_controller/metal/request_forgery_protection.rb:378:in 'ActionController::RequestForgeryProtection#commit_csrf_token'
actionpack (8.0.2) lib/action_dispatch/http/request.rb:493:in 'ActionDispatch::Request#commit_csrf_token'
actionpack (8.0.2) lib/action_dispatch/middleware/session/abstract_store.rb:73:in 'ActionDispatch::Session::SessionObject#commit_session'
rack-session (2.1.1) lib/rack/session/abstract/id.rb:276:in 'Rack::Session::Abstract::Persisted#context'
rack-session (2.1.1) lib/rack/session/abstract/id.rb:268:in 'Rack::Session::Abstract::Persisted#call'
actionpack (8.0.2) lib/action_dispatch/middleware/cookies.rb:706:in 'ActionDispatch::Cookies#call'
activerecord (8.0.2) lib/active_record/migration.rb:671:in 'ActiveRecord::Migration::CheckPending#call'
actionpack (8.0.2) lib/action_dispatch/middleware/callbacks.rb:31:in 'block in ActionDispatch::Callbacks#call'
activesupport (8.0.2) lib/active_support/callbacks.rb:100:in 'ActiveSupport::Callbacks#run_callbacks'
actionpack (8.0.2) lib/action_dispatch/middleware/callbacks.rb:30:in 'ActionDispatch::Callbacks#call'
actionpack (8.0.2) lib/action_dispatch/middleware/executor.rb:16:in 'ActionDispatch::Executor#call'
actionpack (8.0.2) lib/action_dispatch/middleware/actionable_exceptions.rb:18:in 'ActionDispatch::ActionableExceptions#call'
actionpack (8.0.2) lib/action_dispatch/middleware/debug_exceptions.rb:31:in 'ActionDispatch::DebugExceptions#call'
web-console (4.2.1) lib/web_console/middleware.rb:132:in 'WebConsole::Middleware#call_app'
web-console (4.2.1) lib/web_console/middleware.rb:28:in 'block in WebConsole::Middleware#call'
web-console (4.2.1) lib/web_console/middleware.rb:17:in 'Kernel#catch'
web-console (4.2.1) lib/web_console/middleware.rb:17:in 'WebConsole::Middleware#call'
actionpack (8.0.2) lib/action_dispatch/middleware/show_exceptions.rb:32:in 'ActionDispatch::ShowExceptions#call'
railties (8.0.2) lib/rails/rack/logger.rb:41:in 'Rails::Rack::Logger#call_app'
railties (8.0.2) lib/rails/rack/logger.rb:29:in 'Rails::Rack::Logger#call'
actionpack (8.0.2) lib/action_dispatch/middleware/remote_ip.rb:96:in 'ActionDispatch::RemoteIp#call'
actionpack (8.0.2) lib/action_dispatch/middleware/request_id.rb:34:in 'ActionDispatch::RequestId#call'
rack (3.1.15) lib/rack/method_override.rb:28:in 'Rack::MethodOverride#call'
rack (3.1.15) lib/rack/runtime.rb:24:in 'Rack::Runtime#call'
actionpack (8.0.2) lib/action_dispatch/middleware/server_timing.rb:61:in 'block in ActionDispatch::ServerTiming#call'
actionpack (8.0.2) lib/action_dispatch/middleware/server_timing.rb:26:in 'ActionDispatch::ServerTiming::Subscriber#collect_events'
actionpack (8.0.2) lib/action_dispatch/middleware/server_timing.rb:60:in 'ActionDispatch::ServerTiming#call'
actionpack (8.0.2) lib/action_dispatch/middleware/executor.rb:16:in 'ActionDispatch::Executor#call'
actionpack (8.0.2) lib/action_dispatch/middleware/static.rb:27:in 'ActionDispatch::Static#call'
rack (3.1.15) lib/rack/sendfile.rb:114:in 'Rack::Sendfile#call'
actionpack (8.0.2) lib/action_dispatch/middleware/host_authorization.rb:143:in 'ActionDispatch::HostAuthorization#call'
railties (8.0.2) lib/rails/engine.rb:535:in 'Rails::Engine#call'
puma (6.6.0) lib/puma/configuration.rb:279:in 'Puma::Configuration::ConfigMiddleware#call'
puma (6.6.0) lib/puma/request.rb:99:in 'block in Puma::Request#handle_request'
puma (6.6.0) lib/puma/thread_pool.rb:390:in 'Puma::ThreadPool#with_force_shutdown'
puma (6.6.0) lib/puma/request.rb:98:in 'Puma::Request#handle_request'
puma (6.6.0) lib/puma/server.rb:472:in 'Puma::Server#process_client'
puma (6.6.0) lib/puma/server.rb:254:in 'block in Puma::Server#run'
puma (6.6.0) lib/puma/thread_pool.rb:167:in 'block in Puma::ThreadPool#spawn_thread'
Started GET "/favicon.ico" for ::1 at 2025-10-17 10:05:15 +0530
  
ActionController::RoutingError (No route matches [GET] "/favicon.ico"):
  
Started GET "/" for ::1 at 2025-10-17 10:07:23 +0530
Processing by UserController#index as HTML
  Rendering layout layouts/application.html.erb
  Rendering user/index.html.erb within layouts/application
  Rendered user/index.html.erb within layouts/application (Duration: 0.1ms | GC: 0.0ms)
  Rendered layout layouts/application.html.erb (Duration: 1.2ms | GC: 0.0ms)
Completed 200 OK in 41ms (Views: 1.8ms | ActiveRecord: 0.0ms (0 queries, 0 cached) | GC: 0.0ms)


  
ActiveRecord::StatementInvalid (PG::UndefinedTable: ERROR:  relation "legacy_session_table" does not exist
LINE 10:  WHERE a.attrelid = '"legacy_session_table"'::regclass
                             ^
)
Caused by: PG::UndefinedTable (ERROR:  relation "legacy_session_table" does not exist
LINE 10:  WHERE a.attrelid = '"legacy_session_table"'::regclass
                             ^
)

Information for: ActiveRecord::StatementInvalid (PG::UndefinedTable: ERROR:  relation "legacy_session_table" does not exist
LINE 10:  WHERE a.attrelid = '"legacy_session_table"'::regclass
                             ^
):
  

Information for cause: PG::UndefinedTable (ERROR:  relation "legacy_session_table" does not exist
LINE 10:  WHERE a.attrelid = '"legacy_session_table"'::regclass
                             ^
):
  
activerecord (8.0.2) lib/active_record/connection_adapters/postgresql/database_statements.rb:160:in 'PG::Connection#exec'
activerecord (8.0.2) lib/active_record/connection_adapters/postgresql/database_statements.rb:160:in 'ActiveRecord::ConnectionAdapters::PostgreSQL::DatabaseStatements#perform_query'
activerecord (8.0.2) lib/active_record/connection_adapters/abstract/database_statements.rb:556:in 'block (2 levels) in ActiveRecord::ConnectionAdapters::DatabaseStatements#raw_execute'
activerecord (8.0.2) lib/active_record/connection_adapters/abstract_adapter.rb:1015:in 'block in ActiveRecord::ConnectionAdapters::AbstractAdapter#with_raw_connection'
activesupport (8.0.2) lib/active_support/concurrency/null_lock.rb:9:in 'ActiveSupport::Concurrency::NullLock#synchronize'
activerecord (8.0.2) lib/active_record/connection_adapters/abstract_adapter.rb:984:in 'ActiveRecord::ConnectionAdapters::AbstractAdapter#with_raw_connection'
activerecord (8.0.2) lib/active_record/connection_adapters/abstract/database_statements.rb:555:in 'block in ActiveRecord::ConnectionAdapters::DatabaseStatements#raw_execute'
activesupport (8.0.2) lib/active_support/notifications/instrumenter.rb:58:in 'ActiveSupport::Notifications::Instrumenter#instrument'
activerecord (8.0.2) lib/active_record/connection_adapters/abstract_adapter.rb:1135:in 'ActiveRecord::ConnectionAdapters::AbstractAdapter#log'
activerecord (8.0.2) lib/active_record/connection_adapters/abstract/database_statements.rb:554:in 'ActiveRecord::ConnectionAdapters::DatabaseStatements#raw_execute'
activerecord (8.0.2) lib/active_record/connection_adapters/abstract/database_statements.rb:591:in 'ActiveRecord::ConnectionAdapters::DatabaseStatements#internal_execute'
activerecord (8.0.2) lib/active_record/connection_adapters/postgresql/database_statements.rb:15:in 'ActiveRecord::ConnectionAdapters::PostgreSQL::DatabaseStatements#query'
activerecord (8.0.2) lib/active_record/connection_adapters/postgresql_adapter.rb:1035:in 'ActiveRecord::ConnectionAdapters::PostgreSQLAdapter#column_definitions'
activerecord (8.0.2) lib/active_record/connection_adapters/abstract/schema_statements.rb:109:in 'ActiveRecord::ConnectionAdapters::SchemaStatements#columns'
activerecord (8.0.2) lib/active_record/connection_adapters/schema_cache.rb:345:in 'block (2 levels) in ActiveRecord::ConnectionAdapters::SchemaCache#columns'
activerecord (8.0.2) lib/active_record/connection_adapters/abstract/connection_pool.rb:412:in 'ActiveRecord::ConnectionAdapters::ConnectionPool#with_connection'
activerecord (8.0.2) lib/active_record/connection_adapters/schema_cache.rb:344:in 'block in ActiveRecord::ConnectionAdapters::SchemaCache#columns'
activerecord (8.0.2) lib/active_record/connection_adapters/schema_cache.rb:343:in 'Hash#fetch'
activerecord (8.0.2) lib/active_record/connection_adapters/schema_cache.rb:343:in 'ActiveRecord::ConnectionAdapters::SchemaCache#columns'
activerecord (8.0.2) lib/active_record/connection_adapters/schema_cache.rb:354:in 'block in ActiveRecord::ConnectionAdapters::SchemaCache#columns_hash'
activerecord (8.0.2) lib/active_record/connection_adapters/schema_cache.rb:353:in 'Hash#fetch'
activerecord (8.0.2) lib/active_record/connection_adapters/schema_cache.rb:353:in 'ActiveRecord::ConnectionAdapters::SchemaCache#columns_hash'
activerecord (8.0.2) lib/active_record/connection_adapters/schema_cache.rb:54:in 'ActiveRecord::ConnectionAdapters::SchemaReflection#columns_hash'
activerecord (8.0.2) lib/active_record/connection_adapters/schema_cache.rb:198:in 'ActiveRecord::ConnectionAdapters::BoundSchemaReflection#columns_hash'
activerecord (8.0.2) lib/active_record/model_schema.rb:592:in 'ActiveRecord::ModelSchema::ClassMethods#load_schema!'
activerecord (8.0.2) lib/active_record/counter_cache.rb:187:in 'ActiveRecord::CounterCache::ClassMethods#load_schema!'
activerecord (8.0.2) lib/active_record/encryption/encryptable_record.rb:127:in 'ActiveRecord::Encryption::EncryptableRecord::ClassMethods#load_schema!'
activerecord (8.0.2) lib/active_record/model_schema.rb:539:in 'block in ActiveRecord::ModelSchema::ClassMethods#load_schema'
activerecord (8.0.2) lib/active_record/model_schema.rb:536:in 'Monitor#synchronize'
activerecord (8.0.2) lib/active_record/model_schema.rb:536:in 'ActiveRecord::ModelSchema::ClassMethods#load_schema'
activerecord (8.0.2) lib/active_record/model_schema.rb:428:in 'ActiveRecord::ModelSchema::ClassMethods#columns_hash'
activerecord (8.0.2) lib/active_record/attributes.rb:244:in 'block in ActiveRecord::Attributes::ClassMethods#_default_attributes'
activerecord (8.0.2) lib/active_record/connection_adapters/abstract/connection_pool.rb:418:in 'ActiveRecord::ConnectionAdapters::ConnectionPool#with_connection'
activerecord (8.0.2) lib/active_record/connection_handling.rb:310:in 'ActiveRecord::ConnectionHandling#with_connection'
activerecord (8.0.2) lib/active_record/attributes.rb:243:in 'ActiveRecord::Attributes::ClassMethods#_default_attributes'
activemodel (8.0.2) lib/active_model/attribute_registration.rb:38:in 'ActiveModel::AttributeRegistration::ClassMethods#attribute_types'
activerecord (8.0.2) lib/active_record/attribute_methods.rb:261:in 'ActiveRecord::AttributeMethods::ClassMethods#_has_attribute?'
activerecord (8.0.2) lib/active_record/inheritance.rb:61:in 'ActiveRecord::Inheritance::ClassMethods#new'
activerecord-session_store (2.2.0) lib/action_dispatch/session/active_record_store.rb:123:in 'block in ActionDispatch::Session::ActiveRecordStore#get_session_model'
activesupport (8.0.2) lib/active_support/logger_silence.rb:18:in 'block in ActiveSupport::LoggerSilence#silence'
activesupport (8.0.2) lib/active_support/logger_thread_safe_level.rb:37:in 'ActiveSupport::LoggerThreadSafeLevel#log_at'
activesupport (8.0.2) lib/active_support/logger_silence.rb:18:in 'ActiveSupport::LoggerSilence#silence'
activerecord-session_store (2.2.0) lib/action_dispatch/session/active_record_store.rb:119:in 'ActionDispatch::Session::ActiveRecordStore#get_session_model'
activerecord-session_store (2.2.0) lib/action_dispatch/session/active_record_store.rb:147:in 'ActionDispatch::Session::ActiveRecordStore#find_session'
rack-session (2.1.1) lib/rack/session/abstract/id.rb:322:in 'Rack::Session::Abstract::Persisted#load_session'
actionpack (8.0.2) lib/action_dispatch/middleware/session/abstract_store.rb:47:in 'block in ActionDispatch::Session::StaleSessionCheck#load_session'
actionpack (8.0.2) lib/action_dispatch/middleware/session/abstract_store.rb:55:in 'ActionDispatch::Session::StaleSessionCheck#stale_session_check!'
actionpack (8.0.2) lib/action_dispatch/middleware/session/abstract_store.rb:47:in 'ActionDispatch::Session::StaleSessionCheck#load_session'
actionpack (8.0.2) lib/action_dispatch/request/session.rb:274:in 'ActionDispatch::Request::Session#load!'
actionpack (8.0.2) lib/action_dispatch/request/session.rb:261:in 'ActionDispatch::Request::Session#load_for_write!'
actionpack (8.0.2) lib/action_dispatch/request/session.rb:155:in 'ActionDispatch::Request::Session#[]='
actionpack (8.0.2) lib/action_controller/metal/request_forgery_protection.rb:325:in 'ActionController::RequestForgeryProtection::SessionStore#store'
actionpack (8.0.2) lib/action_controller/metal/request_forgery_protection.rb:378:in 'ActionController::RequestForgeryProtection#commit_csrf_token'
actionpack (8.0.2) lib/action_dispatch/http/request.rb:493:in 'ActionDispatch::Request#commit_csrf_token'
actionpack (8.0.2) lib/action_dispatch/middleware/session/abstract_store.rb:73:in 'ActionDispatch::Session::SessionObject#commit_session'
rack-session (2.1.1) lib/rack/session/abstract/id.rb:276:in 'Rack::Session::Abstract::Persisted#context'
rack-session (2.1.1) lib/rack/session/abstract/id.rb:268:in 'Rack::Session::Abstract::Persisted#call'
actionpack (8.0.2) lib/action_dispatch/middleware/cookies.rb:706:in 'ActionDispatch::Cookies#call'
activerecord (8.0.2) lib/active_record/migration.rb:671:in 'ActiveRecord::Migration::CheckPending#call'
actionpack (8.0.2) lib/action_dispatch/middleware/callbacks.rb:31:in 'block in ActionDispatch::Callbacks#call'
activesupport (8.0.2) lib/active_support/callbacks.rb:100:in 'ActiveSupport::Callbacks#run_callbacks'
actionpack (8.0.2) lib/action_dispatch/middleware/callbacks.rb:30:in 'ActionDispatch::Callbacks#call'
actionpack (8.0.2) lib/action_dispatch/middleware/executor.rb:16:in 'ActionDispatch::Executor#call'
actionpack (8.0.2) lib/action_dispatch/middleware/actionable_exceptions.rb:18:in 'ActionDispatch::ActionableExceptions#call'
actionpack (8.0.2) lib/action_dispatch/middleware/debug_exceptions.rb:31:in 'ActionDispatch::DebugExceptions#call'
web-console (4.2.1) lib/web_console/middleware.rb:132:in 'WebConsole::Middleware#call_app'
web-console (4.2.1) lib/web_console/middleware.rb:28:in 'block in WebConsole::Middleware#call'
web-console (4.2.1) lib/web_console/middleware.rb:17:in 'Kernel#catch'
web-console (4.2.1) lib/web_console/middleware.rb:17:in 'WebConsole::Middleware#call'
actionpack (8.0.2) lib/action_dispatch/middleware/show_exceptions.rb:32:in 'ActionDispatch::ShowExceptions#call'
railties (8.0.2) lib/rails/rack/logger.rb:41:in 'Rails::Rack::Logger#call_app'
railties (8.0.2) lib/rails/rack/logger.rb:29:in 'Rails::Rack::Logger#call'
actionpack (8.0.2) lib/action_dispatch/middleware/remote_ip.rb:96:in 'ActionDispatch::RemoteIp#call'
actionpack (8.0.2) lib/action_dispatch/middleware/request_id.rb:34:in 'ActionDispatch::RequestId#call'
rack (3.1.15) lib/rack/method_override.rb:28:in 'Rack::MethodOverride#call'
rack (3.1.15) lib/rack/runtime.rb:24:in 'Rack::Runtime#call'
actionpack (8.0.2) lib/action_dispatch/middleware/server_timing.rb:61:in 'block in ActionDispatch::ServerTiming#call'
actionpack (8.0.2) lib/action_dispatch/middleware/server_timing.rb:26:in 'ActionDispatch::ServerTiming::Subscriber#collect_events'
actionpack (8.0.2) lib/action_dispatch/middleware/server_timing.rb:60:in 'ActionDispatch::ServerTiming#call'
actionpack (8.0.2) lib/action_dispatch/middleware/executor.rb:16:in 'ActionDispatch::Executor#call'
actionpack (8.0.2) lib/action_dispatch/middleware/static.rb:27:in 'ActionDispatch::Static#call'
rack (3.1.15) lib/rack/sendfile.rb:114:in 'Rack::Sendfile#call'
actionpack (8.0.2) lib/action_dispatch/middleware/host_authorization.rb:143:in 'ActionDispatch::HostAuthorization#call'
railties (8.0.2) lib/rails/engine.rb:535:in 'Rails::Engine#call'
puma (6.6.0) lib/puma/configuration.rb:279:in 'Puma::Configuration::ConfigMiddleware#call'
puma (6.6.0) lib/puma/request.rb:99:in 'block in Puma::Request#handle_request'
puma (6.6.0) lib/puma/thread_pool.rb:390:in 'Puma::ThreadPool#with_force_shutdown'
puma (6.6.0) lib/puma/request.rb:98:in 'Puma::Request#handle_request'
puma (6.6.0) lib/puma/server.rb:472:in 'Puma::Server#process_client'
puma (6.6.0) lib/puma/server.rb:254:in 'block in Puma::Server#run'
puma (6.6.0) lib/puma/thread_pool.rb:167:in 'block in Puma::ThreadPool#spawn_thread'
Started GET "/" for ::1 at 2025-10-17 10:07:24 +0530
Processing by UserController#index as HTML
  Rendering layout layouts/application.html.erb
  Rendering user/index.html.erb within layouts/application
  Rendered user/index.html.erb within layouts/application (Duration: 0.0ms | GC: 0.0ms)
  Rendered layout layouts/application.html.erb (Duration: 1.1ms | GC: 0.6ms)
Completed 200 OK in 54ms (Views: 1.3ms | ActiveRecord: 0.0ms (0 queries, 0 cached) | GC: 1.2ms)


  
ActiveRecord::StatementInvalid (PG::UndefinedTable: ERROR:  relation "legacy_session_table" does not exist
LINE 10:  WHERE a.attrelid = '"legacy_session_table"'::regclass
                             ^
)
Caused by: PG::UndefinedTable (ERROR:  relation "legacy_session_table" does not exist
LINE 10:  WHERE a.attrelid = '"legacy_session_table"'::regclass
                             ^
)

Information for: ActiveRecord::StatementInvalid (PG::UndefinedTable: ERROR:  relation "legacy_session_table" does not exist
LINE 10:  WHERE a.attrelid = '"legacy_session_table"'::regclass
                             ^
):
  

Information for cause: PG::UndefinedTable (ERROR:  relation "legacy_session_table" does not exist
LINE 10:  WHERE a.attrelid = '"legacy_session_table"'::regclass
                             ^
):
  
activerecord (8.0.2) lib/active_record/connection_adapters/postgresql/database_statements.rb:160:in 'PG::Connection#exec'
activerecord (8.0.2) lib/active_record/connection_adapters/postgresql/database_statements.rb:160:in 'ActiveRecord::ConnectionAdapters::PostgreSQL::DatabaseStatements#perform_query'
activerecord (8.0.2) lib/active_record/connection_adapters/abstract/database_statements.rb:556:in 'block (2 levels) in ActiveRecord::ConnectionAdapters::DatabaseStatements#raw_execute'
activerecord (8.0.2) lib/active_record/connection_adapters/abstract_adapter.rb:1015:in 'block in ActiveRecord::ConnectionAdapters::AbstractAdapter#with_raw_connection'
activesupport (8.0.2) lib/active_support/concurrency/null_lock.rb:9:in 'ActiveSupport::Concurrency::NullLock#synchronize'
activerecord (8.0.2) lib/active_record/connection_adapters/abstract_adapter.rb:984:in 'ActiveRecord::ConnectionAdapters::AbstractAdapter#with_raw_connection'
activerecord (8.0.2) lib/active_record/connection_adapters/abstract/database_statements.rb:555:in 'block in ActiveRecord::ConnectionAdapters::DatabaseStatements#raw_execute'
activesupport (8.0.2) lib/active_support/notifications/instrumenter.rb:58:in 'ActiveSupport::Notifications::Instrumenter#instrument'
activerecord (8.0.2) lib/active_record/connection_adapters/abstract_adapter.rb:1135:in 'ActiveRecord::ConnectionAdapters::AbstractAdapter#log'
activerecord (8.0.2) lib/active_record/connection_adapters/abstract/database_statements.rb:554:in 'ActiveRecord::ConnectionAdapters::DatabaseStatements#raw_execute'
activerecord (8.0.2) lib/active_record/connection_adapters/abstract/database_statements.rb:591:in 'ActiveRecord::ConnectionAdapters::DatabaseStatements#internal_execute'
activerecord (8.0.2) lib/active_record/connection_adapters/postgresql/database_statements.rb:15:in 'ActiveRecord::ConnectionAdapters::PostgreSQL::DatabaseStatements#query'
activerecord (8.0.2) lib/active_record/connection_adapters/postgresql_adapter.rb:1035:in 'ActiveRecord::ConnectionAdapters::PostgreSQLAdapter#column_definitions'
activerecord (8.0.2) lib/active_record/connection_adapters/abstract/schema_statements.rb:109:in 'ActiveRecord::ConnectionAdapters::SchemaStatements#columns'
activerecord (8.0.2) lib/active_record/connection_adapters/schema_cache.rb:345:in 'block (2 levels) in ActiveRecord::ConnectionAdapters::SchemaCache#columns'
activerecord (8.0.2) lib/active_record/connection_adapters/abstract/connection_pool.rb:412:in 'ActiveRecord::ConnectionAdapters::ConnectionPool#with_connection'
activerecord (8.0.2) lib/active_record/connection_adapters/schema_cache.rb:344:in 'block in ActiveRecord::ConnectionAdapters::SchemaCache#columns'
activerecord (8.0.2) lib/active_record/connection_adapters/schema_cache.rb:343:in 'Hash#fetch'
activerecord (8.0.2) lib/active_record/connection_adapters/schema_cache.rb:343:in 'ActiveRecord::ConnectionAdapters::SchemaCache#columns'
activerecord (8.0.2) lib/active_record/connection_adapters/schema_cache.rb:354:in 'block in ActiveRecord::ConnectionAdapters::SchemaCache#columns_hash'
activerecord (8.0.2) lib/active_record/connection_adapters/schema_cache.rb:353:in 'Hash#fetch'
activerecord (8.0.2) lib/active_record/connection_adapters/schema_cache.rb:353:in 'ActiveRecord::ConnectionAdapters::SchemaCache#columns_hash'
activerecord (8.0.2) lib/active_record/connection_adapters/schema_cache.rb:54:in 'ActiveRecord::ConnectionAdapters::SchemaReflection#columns_hash'
activerecord (8.0.2) lib/active_record/connection_adapters/schema_cache.rb:198:in 'ActiveRecord::ConnectionAdapters::BoundSchemaReflection#columns_hash'
activerecord (8.0.2) lib/active_record/model_schema.rb:592:in 'ActiveRecord::ModelSchema::ClassMethods#load_schema!'
activerecord (8.0.2) lib/active_record/counter_cache.rb:187:in 'ActiveRecord::CounterCache::ClassMethods#load_schema!'
activerecord (8.0.2) lib/active_record/encryption/encryptable_record.rb:127:in 'ActiveRecord::Encryption::EncryptableRecord::ClassMethods#load_schema!'
activerecord (8.0.2) lib/active_record/model_schema.rb:539:in 'block in ActiveRecord::ModelSchema::ClassMethods#load_schema'
activerecord (8.0.2) lib/active_record/model_schema.rb:536:in 'Monitor#synchronize'
activerecord (8.0.2) lib/active_record/model_schema.rb:536:in 'ActiveRecord::ModelSchema::ClassMethods#load_schema'
activerecord (8.0.2) lib/active_record/model_schema.rb:428:in 'ActiveRecord::ModelSchema::ClassMethods#columns_hash'
activerecord (8.0.2) lib/active_record/attributes.rb:244:in 'block in ActiveRecord::Attributes::ClassMethods#_default_attributes'
activerecord (8.0.2) lib/active_record/connection_adapters/abstract/connection_pool.rb:418:in 'ActiveRecord::ConnectionAdapters::ConnectionPool#with_connection'
activerecord (8.0.2) lib/active_record/connection_handling.rb:310:in 'ActiveRecord::ConnectionHandling#with_connection'
activerecord (8.0.2) lib/active_record/attributes.rb:243:in 'ActiveRecord::Attributes::ClassMethods#_default_attributes'
activemodel (8.0.2) lib/active_model/attribute_registration.rb:38:in 'ActiveModel::AttributeRegistration::ClassMethods#attribute_types'
activerecord (8.0.2) lib/active_record/attribute_methods.rb:261:in 'ActiveRecord::AttributeMethods::ClassMethods#_has_attribute?'
activerecord (8.0.2) lib/active_record/inheritance.rb:61:in 'ActiveRecord::Inheritance::ClassMethods#new'
activerecord-session_store (2.2.0) lib/action_dispatch/session/active_record_store.rb:123:in 'block in ActionDispatch::Session::ActiveRecordStore#get_session_model'
activesupport (8.0.2) lib/active_support/logger_silence.rb:18:in 'block in ActiveSupport::LoggerSilence#silence'
activesupport (8.0.2) lib/active_support/logger_thread_safe_level.rb:37:in 'ActiveSupport::LoggerThreadSafeLevel#log_at'
activesupport (8.0.2) lib/active_support/logger_silence.rb:18:in 'ActiveSupport::LoggerSilence#silence'
activerecord-session_store (2.2.0) lib/action_dispatch/session/active_record_store.rb:119:in 'ActionDispatch::Session::ActiveRecordStore#get_session_model'
activerecord-session_store (2.2.0) lib/action_dispatch/session/active_record_store.rb:147:in 'ActionDispatch::Session::ActiveRecordStore#find_session'
rack-session (2.1.1) lib/rack/session/abstract/id.rb:322:in 'Rack::Session::Abstract::Persisted#load_session'
actionpack (8.0.2) lib/action_dispatch/middleware/session/abstract_store.rb:47:in 'block in ActionDispatch::Session::StaleSessionCheck#load_session'
actionpack (8.0.2) lib/action_dispatch/middleware/session/abstract_store.rb:55:in 'ActionDispatch::Session::StaleSessionCheck#stale_session_check!'
actionpack (8.0.2) lib/action_dispatch/middleware/session/abstract_store.rb:47:in 'ActionDispatch::Session::StaleSessionCheck#load_session'
actionpack (8.0.2) lib/action_dispatch/request/session.rb:274:in 'ActionDispatch::Request::Session#load!'
actionpack (8.0.2) lib/action_dispatch/request/session.rb:261:in 'ActionDispatch::Request::Session#load_for_write!'
actionpack (8.0.2) lib/action_dispatch/request/session.rb:155:in 'ActionDispatch::Request::Session#[]='
actionpack (8.0.2) lib/action_controller/metal/request_forgery_protection.rb:325:in 'ActionController::RequestForgeryProtection::SessionStore#store'
actionpack (8.0.2) lib/action_controller/metal/request_forgery_protection.rb:378:in 'ActionController::RequestForgeryProtection#commit_csrf_token'
actionpack (8.0.2) lib/action_dispatch/http/request.rb:493:in 'ActionDispatch::Request#commit_csrf_token'
actionpack (8.0.2) lib/action_dispatch/middleware/session/abstract_store.rb:73:in 'ActionDispatch::Session::SessionObject#commit_session'
rack-session (2.1.1) lib/rack/session/abstract/id.rb:276:in 'Rack::Session::Abstract::Persisted#context'
rack-session (2.1.1) lib/rack/session/abstract/id.rb:268:in 'Rack::Session::Abstract::Persisted#call'
actionpack (8.0.2) lib/action_dispatch/middleware/cookies.rb:706:in 'ActionDispatch::Cookies#call'
activerecord (8.0.2) lib/active_record/migration.rb:671:in 'ActiveRecord::Migration::CheckPending#call'
actionpack (8.0.2) lib/action_dispatch/middleware/callbacks.rb:31:in 'block in ActionDispatch::Callbacks#call'
activesupport (8.0.2) lib/active_support/callbacks.rb:100:in 'ActiveSupport::Callbacks#run_callbacks'
actionpack (8.0.2) lib/action_dispatch/middleware/callbacks.rb:30:in 'ActionDispatch::Callbacks#call'
actionpack (8.0.2) lib/action_dispatch/middleware/executor.rb:16:in 'ActionDispatch::Executor#call'
actionpack (8.0.2) lib/action_dispatch/middleware/actionable_exceptions.rb:18:in 'ActionDispatch::ActionableExceptions#call'
actionpack (8.0.2) lib/action_dispatch/middleware/debug_exceptions.rb:31:in 'ActionDispatch::DebugExceptions#call'
web-console (4.2.1) lib/web_console/middleware.rb:132:in 'WebConsole::Middleware#call_app'
web-console (4.2.1) lib/web_console/middleware.rb:28:in 'block in WebConsole::Middleware#call'
web-console (4.2.1) lib/web_console/middleware.rb:17:in 'Kernel#catch'
web-console (4.2.1) lib/web_console/middleware.rb:17:in 'WebConsole::Middleware#call'
actionpack (8.0.2) lib/action_dispatch/middleware/show_exceptions.rb:32:in 'ActionDispatch::ShowExceptions#call'
railties (8.0.2) lib/rails/rack/logger.rb:41:in 'Rails::Rack::Logger#call_app'
railties (8.0.2) lib/rails/rack/logger.rb:29:in 'Rails::Rack::Logger#call'
actionpack (8.0.2) lib/action_dispatch/middleware/remote_ip.rb:96:in 'ActionDispatch::RemoteIp#call'
actionpack (8.0.2) lib/action_dispatch/middleware/request_id.rb:34:in 'ActionDispatch::RequestId#call'
rack (3.1.15) lib/rack/method_override.rb:28:in 'Rack::MethodOverride#call'
rack (3.1.15) lib/rack/runtime.rb:24:in 'Rack::Runtime#call'
actionpack (8.0.2) lib/action_dispatch/middleware/server_timing.rb:61:in 'block in ActionDispatch::ServerTiming#call'
actionpack (8.0.2) lib/action_dispatch/middleware/server_timing.rb:26:in 'ActionDispatch::ServerTiming::Subscriber#collect_events'
actionpack (8.0.2) lib/action_dispatch/middleware/server_timing.rb:60:in 'ActionDispatch::ServerTiming#call'
actionpack (8.0.2) lib/action_dispatch/middleware/executor.rb:16:in 'ActionDispatch::Executor#call'
actionpack (8.0.2) lib/action_dispatch/middleware/static.rb:27:in 'ActionDispatch::Static#call'
rack (3.1.15) lib/rack/sendfile.rb:114:in 'Rack::Sendfile#call'
actionpack (8.0.2) lib/action_dispatch/middleware/host_authorization.rb:143:in 'ActionDispatch::HostAuthorization#call'
railties (8.0.2) lib/rails/engine.rb:535:in 'Rails::Engine#call'
puma (6.6.0) lib/puma/configuration.rb:279:in 'Puma::Configuration::ConfigMiddleware#call'
puma (6.6.0) lib/puma/request.rb:99:in 'block in Puma::Request#handle_request'
puma (6.6.0) lib/puma/thread_pool.rb:390:in 'Puma::ThreadPool#with_force_shutdown'
puma (6.6.0) lib/puma/request.rb:98:in 'Puma::Request#handle_request'
puma (6.6.0) lib/puma/server.rb:472:in 'Puma::Server#process_client'
puma (6.6.0) lib/puma/server.rb:254:in 'block in Puma::Server#run'
puma (6.6.0) lib/puma/thread_pool.rb:167:in 'block in Puma::ThreadPool#spawn_thread'
Started GET "/" for ::1 at 2025-10-17 10:07:38 +0530
  [1m[36mActiveRecord::SchemaMigration Load (0.6ms)[0m  [1m[34mSELECT "schema_migrations"."version" FROM "schema_migrations" ORDER BY "schema_migrations"."version" ASC /*application='UserManagement'*/[0m
Processing by UserController#index as HTML
  Rendering layout layouts/application.html.erb
  Rendering user/index.html.erb within layouts/application
  Rendered user/index.html.erb within layouts/application (Duration: 0.2ms | GC: 0.0ms)
  Rendered layout layouts/application.html.erb (Duration: 5.7ms | GC: 0.0ms)
Completed 200 OK in 58ms (Views: 7.2ms | ActiveRecord: 0.0ms (0 queries, 0 cached) | GC: 0.0ms)


Started GET "/assets/application-8b441ae0.css" for ::1 at 2025-10-17 10:07:38 +0530
Started GET "/assets/application-bfcdf840.js" for ::1 at 2025-10-17 10:07:38 +0530
Started GET "/assets/stimulus.min-4b1e420e.js" for ::1 at 2025-10-17 10:07:38 +0530
Started GET "/assets/controllers/hello_controller-708796bd.js" for ::1 at 2025-10-17 10:07:38 +0530
Started GET "/assets/controllers/index-ee64e1f1.js" for ::1 at 2025-10-17 10:07:38 +0530
Started GET "/health" for ::1 at 2025-10-17 10:07:38 +0530
Started GET "/assets/turbo.min-1262d735.js" for ::1 at 2025-10-17 10:07:38 +0530
Started GET "/assets/stimulus-loading-1fc53fe7.js" for ::1 at 2025-10-17 10:07:38 +0530
Started GET "/assets/controllers/application-3affb389.js" for ::1 at 2025-10-17 10:07:38 +0530
Started GET "/health" for ::1 at 2025-10-17 10:07:43 +0530
Started GET "/health" for ::1 at 2025-10-17 10:07:48 +0530
Started GET "/health" for ::1 at 2025-10-17 10:07:53 +0530
Started GET "/health" for ::1 at 2025-10-17 10:07:58 +0530
Started GET "/health" for ::1 at 2025-10-17 10:08:03 +0530
Started GET "/health" for ::1 at 2025-10-17 10:08:08 +0530
Started GET "/" for ::1 at 2025-10-17 10:08:12 +0530
Processing by UserController#index as HTML
  Rendering layout layouts/application.html.erb
  Rendering user/index.html.erb within layouts/application
  Rendered user/index.html.erb within layouts/application (Duration: 0.1ms | GC: 0.0ms)
  Rendered layout layouts/application.html.erb (Duration: 11.6ms | GC: 0.0ms)
Completed 200 OK in 61ms (Views: 11.9ms | ActiveRecord: 0.0ms (0 queries, 0 cached) | GC: 0.0ms)


Started GET "/assets/stimulus-loading-1fc53fe7.js" for ::1 at 2025-10-17 10:08:12 +0530
Started GET "/assets/stimulus.min-4b1e420e.js" for ::1 at 2025-10-17 10:08:12 +0530
Started GET "/assets/controllers/application-3affb389.js" for ::1 at 2025-10-17 10:08:12 +0530
Started GET "/assets/controllers/index-ee64e1f1.js" for ::1 at 2025-10-17 10:08:13 +0530
Started GET "/health" for ::1 at 2025-10-17 10:08:13 +0530
Started GET "/assets/application-bfcdf840.js" for ::1 at 2025-10-17 10:08:13 +0530
Started GET "/assets/turbo.min-1262d735.js" for ::1 at 2025-10-17 10:08:13 +0530
Started GET "/assets/controllers/hello_controller-708796bd.js" for ::1 at 2025-10-17 10:08:13 +0530
Started GET "/" for ::1 at 2025-10-17 10:08:14 +0530
Processing by UserController#index as HTML
  Rendering layout layouts/application.html.erb
  Rendering user/index.html.erb within layouts/application
  Rendered user/index.html.erb within layouts/application (Duration: 0.1ms | GC: 0.0ms)
  Rendered layout layouts/application.html.erb (Duration: 0.9ms | GC: 0.0ms)
Completed 200 OK in 54ms (Views: 1.2ms | ActiveRecord: 0.0ms (0 queries, 0 cached) | GC: 0.0ms)


Started GET "/assets/application-bfcdf840.js" for ::1 at 2025-10-17 10:08:14 +0530
Started GET "/assets/turbo.min-1262d735.js" for ::1 at 2025-10-17 10:08:14 +0530
Started GET "/assets/stimulus-loading-1fc53fe7.js" for ::1 at 2025-10-17 10:08:14 +0530
Started GET "/assets/controllers/index-ee64e1f1.js" for ::1 at 2025-10-17 10:08:14 +0530
Started GET "/health" for ::1 at 2025-10-17 10:08:14 +0530
Started GET "/assets/stimulus.min-4b1e420e.js" for ::1 at 2025-10-17 10:08:15 +0530
Started GET "/assets/controllers/hello_controller-708796bd.js" for ::1 at 2025-10-17 10:08:15 +0530
Started GET "/assets/controllers/application-3affb389.js" for ::1 at 2025-10-17 10:08:15 +0530
Started GET "/" for ::1 at 2025-10-17 10:08:15 +0530
Processing by UserController#index as HTML
  Rendering layout layouts/application.html.erb
  Rendering user/index.html.erb within layouts/application
  Rendered user/index.html.erb within layouts/application (Duration: 0.1ms | GC: 0.0ms)
  Rendered layout layouts/application.html.erb (Duration: 1.0ms | GC: 0.0ms)
Completed 200 OK in 59ms (Views: 1.3ms | ActiveRecord: 0.0ms (0 queries, 0 cached) | GC: 0.0ms)


Started GET "/assets/application-bfcdf840.js" for ::1 at 2025-10-17 10:08:15 +0530
Started GET "/assets/turbo.min-1262d735.js" for ::1 at 2025-10-17 10:08:15 +0530
Started GET "/assets/controllers/application-3affb389.js" for ::1 at 2025-10-17 10:08:15 +0530
Started GET "/assets/controllers/index-ee64e1f1.js" for ::1 at 2025-10-17 10:08:15 +0530
Started GET "/health" for ::1 at 2025-10-17 10:08:15 +0530
Started GET "/" for ::1 at 2025-10-17 10:08:15 +0530
Processing by UserController#index as HTML
Started GET "/assets/stimulus-loading-1fc53fe7.js" for ::1 at 2025-10-17 10:08:15 +0530
Started GET "/assets/stimulus.min-4b1e420e.js" for ::1 at 2025-10-17 10:08:15 +0530
  Rendering layout layouts/application.html.erb
  Rendering user/index.html.erb within layouts/application
  Rendered user/index.html.erb within layouts/application (Duration: 0.0ms | GC: 0.0ms)
  Rendered layout layouts/application.html.erb (Duration: 0.5ms | GC: 0.0ms)
Completed 200 OK in 70ms (Views: 0.7ms | ActiveRecord: 0.0ms (0 queries, 0 cached) | GC: 0.0ms)


Started GET "/assets/application-bfcdf840.js" for ::1 at 2025-10-17 10:08:15 +0530
Started GET "/assets/turbo.min-1262d735.js" for ::1 at 2025-10-17 10:08:15 +0530
Started GET "/assets/stimulus.min-4b1e420e.js" for ::1 at 2025-10-17 10:08:15 +0530
Started GET "/assets/controllers/index-ee64e1f1.js" for ::1 at 2025-10-17 10:08:15 +0530
Started GET "/health" for ::1 at 2025-10-17 10:08:15 +0530
Started GET "/assets/controllers/hello_controller-708796bd.js" for ::1 at 2025-10-17 10:08:15 +0530
Started GET "/assets/stimulus-loading-1fc53fe7.js" for ::1 at 2025-10-17 10:08:15 +0530
Started GET "/assets/controllers/application-3affb389.js" for ::1 at 2025-10-17 10:08:15 +0530
Started GET "/assets/controllers/hello_controller-708796bd.js" for ::1 at 2025-10-17 10:08:15 +0530
Started GET "/" for ::1 at 2025-10-17 10:08:15 +0530
Processing by UserController#index as HTML
  Rendering layout layouts/application.html.erb
  Rendering user/index.html.erb within layouts/application
  Rendered user/index.html.erb within layouts/application (Duration: 0.0ms | GC: 0.0ms)
  Rendered layout layouts/application.html.erb (Duration: 0.6ms | GC: 0.0ms)
Completed 200 OK in 33ms (Views: 0.8ms | ActiveRecord: 0.0ms (0 queries, 0 cached) | GC: 0.0ms)


Started GET "/assets/application-bfcdf840.js" for ::1 at 2025-10-17 10:08:15 +0530
Started GET "/assets/stimulus.min-4b1e420e.js" for ::1 at 2025-10-17 10:08:15 +0530
Started GET "/assets/turbo.min-1262d735.js" for ::1 at 2025-10-17 10:08:15 +0530
Started GET "/assets/controllers/index-ee64e1f1.js" for ::1 at 2025-10-17 10:08:15 +0530
Started GET "/health" for ::1 at 2025-10-17 10:08:15 +0530
Started GET "/" for ::1 at 2025-10-17 10:08:16 +0530
Processing by UserController#index as HTML
  Rendering layout layouts/application.html.erb
  Rendering user/index.html.erb within layouts/application
  Rendered user/index.html.erb within layouts/application (Duration: 0.0ms | GC: 0.0ms)
  Rendered layout layouts/application.html.erb (Duration: 0.5ms | GC: 0.0ms)
Completed 200 OK in 40ms (Views: 0.7ms | ActiveRecord: 0.0ms (0 queries, 0 cached) | GC: 0.5ms)


Started GET "/assets/stimulus-loading-1fc53fe7.js" for ::1 at 2025-10-17 10:08:16 +0530
Started GET "/assets/application-bfcdf840.js" for ::1 at 2025-10-17 10:08:16 +0530
Started GET "/assets/turbo.min-1262d735.js" for ::1 at 2025-10-17 10:08:16 +0530
Started GET "/assets/controllers/application-3affb389.js" for ::1 at 2025-10-17 10:08:16 +0530
Started GET "/assets/controllers/index-ee64e1f1.js" for ::1 at 2025-10-17 10:08:16 +0530
Started GET "/health" for ::1 at 2025-10-17 10:08:16 +0530
Started GET "/assets/controllers/hello_controller-708796bd.js" for ::1 at 2025-10-17 10:08:16 +0530
Started GET "/assets/stimulus.min-4b1e420e.js" for ::1 at 2025-10-17 10:08:16 +0530
Started GET "/" for ::1 at 2025-10-17 10:08:16 +0530
Processing by UserController#index as HTML
  Rendering layout layouts/application.html.erb
  Rendering user/index.html.erb within layouts/application
  Rendered user/index.html.erb within layouts/application (Duration: 0.0ms | GC: 0.0ms)
  Rendered layout layouts/application.html.erb (Duration: 0.5ms | GC: 0.0ms)
Completed 200 OK in 34ms (Views: 0.7ms | ActiveRecord: 0.0ms (0 queries, 0 cached) | GC: 0.0ms)


Started GET "/assets/application-bfcdf840.js" for ::1 at 2025-10-17 10:08:16 +0530
Started GET "/assets/stimulus.min-4b1e420e.js" for ::1 at 2025-10-17 10:08:16 +0530
Started GET "/assets/turbo.min-1262d735.js" for ::1 at 2025-10-17 10:08:16 +0530
Started GET "/assets/controllers/index-ee64e1f1.js" for ::1 at 2025-10-17 10:08:16 +0530
Started GET "/health" for ::1 at 2025-10-17 10:08:16 +0530
Started GET "/assets/stimulus-loading-1fc53fe7.js" for ::1 at 2025-10-17 10:08:16 +0530
Started GET "/assets/controllers/application-3affb389.js" for ::1 at 2025-10-17 10:08:16 +0530
Started GET "/assets/controllers/hello_controller-708796bd.js" for ::1 at 2025-10-17 10:08:16 +0530
Started GET "/assets/stimulus-loading-1fc53fe7.js" for ::1 at 2025-10-17 10:08:16 +0530
Started GET "/assets/controllers/application-3affb389.js" for ::1 at 2025-10-17 10:08:16 +0530
Started GET "/assets/controllers/hello_controller-708796bd.js" for ::1 at 2025-10-17 10:08:16 +0530
Started GET "/health" for ::1 at 2025-10-17 10:08:21 +0530
Started GET "/health" for ::1 at 2025-10-17 10:08:26 +0530
Started GET "/health" for ::1 at 2025-10-17 10:08:31 +0530
Started GET "/health" for ::1 at 2025-10-17 10:08:36 +0530
Started GET "/health" for ::1 at 2025-10-17 10:08:41 +0530
Started GET "/health" for ::1 at 2025-10-17 10:08:46 +0530
Started GET "/health" for ::1 at 2025-10-17 10:08:51 +0530
Started GET "/health" for ::1 at 2025-10-17 10:08:56 +0530
Started GET "/health" for ::1 at 2025-10-17 10:09:01 +0530
Started GET "/health" for ::1 at 2025-10-17 10:09:06 +0530
Started GET "/health" for ::1 at 2025-10-17 10:09:11 +0530
Started GET "/health" for ::1 at 2025-10-17 10:09:16 +0530
Started GET "/health" for ::1 at 2025-10-17 10:09:27 +0530
Started GET "/health" for ::1 at 2025-10-17 10:10:27 +0530
Started GET "/health" for ::1 at 2025-10-17 10:11:27 +0530
Started GET "/health" for ::1 at 2025-10-17 10:12:27 +0530
Started GET "/health" for ::1 at 2025-10-17 10:13:27 +0530
Started GET "/health" for ::1 at 2025-10-17 10:15:03 +0530
Started GET "/health" for ::1 at 2025-10-17 10:16:03 +0530
Started GET "/health" for ::1 at 2025-10-17 10:17:03 +0530
Started GET "/health" for ::1 at 2025-10-17 10:18:03 +0530
Started GET "/health" for ::1 at 2025-10-17 10:19:03 +0530
Started GET "/health" for ::1 at 2025-10-17 10:20:03 +0530
Started GET "/health" for ::1 at 2025-10-17 10:21:03 +0530
Started GET "/health" for ::1 at 2025-10-17 10:22:03 +0530
Started GET "/health" for ::1 at 2025-10-17 10:23:03 +0530
Started GET "/health" for ::1 at 2025-10-17 10:24:03 +0530
Started GET "/health" for ::1 at 2025-10-17 10:25:03 +0530
Started GET "/health" for ::1 at 2025-10-17 10:26:03 +0530
Started GET "/health" for ::1 at 2025-10-17 10:27:03 +0530
Started GET "/health" for ::1 at 2025-10-17 10:28:03 +0530
Started GET "/health" for ::1 at 2025-10-17 10:29:03 +0530
Started GET "/health" for ::1 at 2025-10-17 10:30:03 +0530
Started GET "/health" for ::1 at 2025-10-17 10:31:03 +0530
Started GET "/health" for ::1 at 2025-10-17 10:32:03 +0530
Started GET "/health" for ::1 at 2025-10-17 10:33:03 +0530
Started GET "/health" for ::1 at 2025-10-17 10:34:03 +0530
Started GET "/health" for ::1 at 2025-10-17 10:35:03 +0530
Started GET "/health" for ::1 at 2025-10-17 10:36:03 +0530
Started GET "/health" for ::1 at 2025-10-17 10:37:03 +0530
Started GET "/health" for ::1 at 2025-10-17 10:38:03 +0530
Started GET "/health" for ::1 at 2025-10-17 10:39:03 +0530
Started GET "/health" for ::1 at 2025-10-17 10:40:03 +0530
Started GET "/health" for ::1 at 2025-10-17 10:40:50 +0530
Started GET "/health" for ::1 at 2025-10-17 10:40:52 +0530
Started GET "/health" for ::1 at 2025-10-17 10:40:57 +0530
Started GET "/health" for ::1 at 2025-10-17 10:41:02 +0530
Started GET "/health" for ::1 at 2025-10-17 10:41:07 +0530
Started GET "/health" for ::1 at 2025-10-17 10:41:12 +0530
Started GET "/" for ::1 at 2025-10-17 10:41:16 +0530
Processing by UserController#index as HTML
  Rendering layout layouts/application.html.erb
  Rendering user/index.html.erb within layouts/application
  Rendered user/index.html.erb within layouts/application (Duration: 1.6ms | GC: 0.0ms)
  Rendered layout layouts/application.html.erb (Duration: 1.8ms | GC: 0.0ms)
Completed 500 Internal Server Error in 32ms (ActiveRecord: 0.0ms (0 queries, 0 cached) | GC: 0.1ms)


  
ActionView::Template::Error (undefined local variable or method 'data' for an instance of #<Class:0x000000012533fc90>)
Caused by: NameError (undefined local variable or method 'data' for an instance of #<Class:0x000000012533fc90>)

Information for: ActionView::Template::Error (undefined local variable or method 'data' for an instance of #<Class:0x000000012533fc90>):
    13: <body>
    14:   <h1>Rails Server Status</h1>
    15:   <div class="status" id="serverStatus">Checking...</div>
    16:   <div ><%= data %></div>
    17: 
    18:   <script>
    19:     const statusEl = document.getElementById("serverStatus");
  
app/views/user/index.html.erb:16

Information for cause: NameError (undefined local variable or method 'data' for an instance of #<Class:0x000000012533fc90>):
  
app/views/user/index.html.erb:16
Started GET "/favicon.ico" for ::1 at 2025-10-17 10:41:16 +0530
  
ActionController::RoutingError (No route matches [GET] "/favicon.ico"):
  
Started GET "/" for ::1 at 2025-10-17 10:41:33 +0530
Processing by UserController#index as HTML
  Rendering layout layouts/application.html.erb
  Rendering user/index.html.erb within layouts/application
  Rendered user/index.html.erb within layouts/application (Duration: 0.2ms | GC: 0.0ms)
  Rendered layout layouts/application.html.erb (Duration: 4.1ms | GC: 0.3ms)
Completed 200 OK in 36ms (Views: 4.9ms | ActiveRecord: 0.0ms (0 queries, 0 cached) | GC: 0.3ms)


Started GET "/health" for ::1 at 2025-10-17 10:41:33 +0530
Started GET "/health" for ::1 at 2025-10-17 10:41:39 +0530
Started GET "/" for ::1 at 2025-10-17 10:41:43 +0530
Processing by UserController#index as HTML
Started GET "/health" for ::1 at 2025-10-17 10:41:43 +0530
  Rendering layout layouts/application.html.erb
  Rendering user/index.html.erb within layouts/application
  Rendered user/index.html.erb within layouts/application (Duration: 0.2ms | GC: 0.0ms)
  Rendered layout layouts/application.html.erb (Duration: 1.3ms | GC: 0.0ms)
Completed 200 OK in 33ms (Views: 2.0ms | ActiveRecord: 0.0ms (0 queries, 0 cached) | GC: 0.0ms)


Started GET "/assets/stimulus-loading-1fc53fe7.js" for ::1 at 2025-10-17 10:41:43 +0530
Started GET "/assets/turbo.min-1262d735.js" for ::1 at 2025-10-17 10:41:43 +0530
Started GET "/assets/application-bfcdf840.js" for ::1 at 2025-10-17 10:41:43 +0530
Started GET "/assets/controllers/index-ee64e1f1.js" for ::1 at 2025-10-17 10:41:43 +0530
Started GET "/health" for ::1 at 2025-10-17 10:41:43 +0530
Started GET "/assets/stimulus.min-4b1e420e.js" for ::1 at 2025-10-17 10:41:44 +0530
Started GET "/assets/controllers/application-3affb389.js" for ::1 at 2025-10-17 10:41:44 +0530
Started GET "/assets/controllers/hello_controller-708796bd.js" for ::1 at 2025-10-17 10:41:44 +0530
Started GET "/health" for ::1 at 2025-10-17 10:41:49 +0530
Started GET "/" for ::1 at 2025-10-17 10:41:52 +0530
Processing by UserController#index as HTML
  Rendering layout layouts/application.html.erb
  Rendering user/index.html.erb within layouts/application
  Rendered user/index.html.erb within layouts/application (Duration: 0.2ms | GC: 0.0ms)
  Rendered layout layouts/application.html.erb (Duration: 1.8ms | GC: 0.4ms)
Completed 200 OK in 35ms (Views: 2.6ms | ActiveRecord: 0.0ms (0 queries, 0 cached) | GC: 0.4ms)


Started GET "/health" for ::1 at 2025-10-17 10:41:52 +0530
Started GET "/" for ::1 at 2025-10-17 10:41:53 +0530
Processing by UserController#index as HTML
  Rendering layout layouts/application.html.erb
  Rendering user/index.html.erb within layouts/application
  Rendered user/index.html.erb within layouts/application (Duration: 0.1ms | GC: 0.0ms)
  Rendered layout layouts/application.html.erb (Duration: 0.8ms | GC: 0.0ms)
Completed 200 OK in 54ms (Views: 1.1ms | ActiveRecord: 0.0ms (0 queries, 0 cached) | GC: 0.0ms)


Started GET "/health" for ::1 at 2025-10-17 10:41:53 +0530
Started GET "/" for ::1 at 2025-10-17 10:41:56 +0530
Processing by UserController#index as HTML
  Rendering layout layouts/application.html.erb
  Rendering user/index.html.erb within layouts/application
  Rendered user/index.html.erb within layouts/application (Duration: 0.2ms | GC: 0.0ms)
  Rendered layout layouts/application.html.erb (Duration: 1.4ms | GC: 0.2ms)
Completed 200 OK in 32ms (Views: 2.1ms | ActiveRecord: 0.0ms (0 queries, 0 cached) | GC: 0.2ms)


Started GET "/assets/application-bfcdf840.js" for ::1 at 2025-10-17 10:41:57 +0530
Started GET "/assets/turbo.min-1262d735.js" for ::1 at 2025-10-17 10:41:57 +0530
Started GET "/assets/controllers/application-3affb389.js" for ::1 at 2025-10-17 10:41:57 +0530
Started GET "/assets/controllers/index-ee64e1f1.js" for ::1 at 2025-10-17 10:41:57 +0530
Started GET "/health" for ::1 at 2025-10-17 10:41:57 +0530
Started GET "/assets/stimulus-loading-1fc53fe7.js" for ::1 at 2025-10-17 10:41:57 +0530
Started GET "/assets/stimulus.min-4b1e420e.js" for ::1 at 2025-10-17 10:41:57 +0530
Started GET "/assets/controllers/hello_controller-708796bd.js" for ::1 at 2025-10-17 10:41:57 +0530
Started GET "/health" for ::1 at 2025-10-17 10:42:02 +0530
Started GET "/health" for ::1 at 2025-10-17 10:42:07 +0530
Started GET "/health" for ::1 at 2025-10-17 10:42:12 +0530
Started GET "/health" for ::1 at 2025-10-17 10:42:17 +0530
Started GET "/health" for ::1 at 2025-10-17 10:42:22 +0530
Started GET "/health" for ::1 at 2025-10-17 10:42:27 +0530
Started GET "/health" for ::1 at 2025-10-17 10:42:32 +0530
Started GET "/health" for ::1 at 2025-10-17 10:42:37 +0530
Started GET "/health" for ::1 at 2025-10-17 10:42:42 +0530
Started GET "/health" for ::1 at 2025-10-17 10:42:47 +0530
Started GET "/health" for ::1 at 2025-10-17 10:42:52 +0530
Started GET "/health" for ::1 at 2025-10-17 10:42:57 +0530
Started GET "/health" for ::1 at 2025-10-17 10:43:02 +0530
Started GET "/health" for ::1 at 2025-10-17 10:44:03 +0530
Started GET "/health" for ::1 at 2025-10-17 10:44:22 +0530
Started GET "/" for ::1 at 2025-10-17 10:44:23 +0530
Processing by UserController#index as HTML
  Rendering layout layouts/application.html.erb
  Rendering user/index.html.erb within layouts/application
  Rendered user/index.html.erb within layouts/application (Duration: 0.5ms | GC: 0.0ms)
  Rendered layout layouts/application.html.erb (Duration: 9.2ms | GC: 0.0ms)
Completed 200 OK in 56ms (Views: 10.7ms | ActiveRecord: 0.0ms (0 queries, 0 cached) | GC: 0.0ms)


Started GET "/" for ::1 at 2025-10-17 10:44:42 +0530
Processing by UserController#index as HTML
  Rendering layout layouts/application.html.erb
  Rendering user/index.html.erb within layouts/application
  Rendered user/index.html.erb within layouts/application (Duration: 0.3ms | GC: 0.0ms)
  Rendered layout layouts/application.html.erb (Duration: 2.4ms | GC: 0.7ms)
Completed 200 OK in 29ms (Views: 3.4ms | ActiveRecord: 0.0ms (0 queries, 0 cached) | GC: 0.7ms)


Started GET "/" for ::1 at 2025-10-17 10:44:45 +0530
Processing by UserController#index as HTML
  Rendering layout layouts/application.html.erb
  Rendering user/index.html.erb within layouts/application
  Rendered user/index.html.erb within layouts/application (Duration: 0.1ms | GC: 0.0ms)
  Rendered layout layouts/application.html.erb (Duration: 0.9ms | GC: 0.0ms)
Completed 200 OK in 56ms (Views: 1.3ms | ActiveRecord: 0.0ms (0 queries, 0 cached) | GC: 0.0ms)


Started GET "/" for ::1 at 2025-10-17 10:44:46 +0530
Processing by UserController#index as HTML
  Rendering layout layouts/application.html.erb
  Rendering user/index.html.erb within layouts/application
  Rendered user/index.html.erb within layouts/application (Duration: 0.1ms | GC: 0.0ms)
  Rendered layout layouts/application.html.erb (Duration: 0.7ms | GC: 0.0ms)
Completed 200 OK in 55ms (Views: 1.0ms | ActiveRecord: 0.0ms (0 queries, 0 cached) | GC: 0.0ms)


Started GET "/assets/application-bfcdf840.js" for ::1 at 2025-10-17 10:44:46 +0530
Started GET "/assets/turbo.min-1262d735.js" for ::1 at 2025-10-17 10:44:46 +0530
Started GET "/assets/controllers/hello_controller-708796bd.js" for ::1 at 2025-10-17 10:44:46 +0530
Started GET "/assets/controllers/index-ee64e1f1.js" for ::1 at 2025-10-17 10:44:46 +0530
Started GET "/assets/controllers/application-3affb389.js" for ::1 at 2025-10-17 10:44:46 +0530
Started GET "/assets/stimulus-loading-1fc53fe7.js" for ::1 at 2025-10-17 10:44:46 +0530
Started GET "/assets/stimulus.min-4b1e420e.js" for ::1 at 2025-10-17 10:44:46 +0530
Started GET "/" for ::1 at 2025-10-17 10:45:50 +0530
Processing by UserController#index as HTML
  Rendering layout layouts/application.html.erb
  Rendering user/index.html.erb within layouts/application
  Rendered user/index.html.erb within layouts/application (Duration: 0.8ms | GC: 0.0ms)
  Rendered layout layouts/application.html.erb (Duration: 3.1ms | GC: 0.2ms)
Completed 200 OK in 67ms (Views: 6.6ms | ActiveRecord: 0.0ms (0 queries, 0 cached) | GC: 0.2ms)


Started GET "/.well-known/appspecific/com.chrome.devtools.json" for ::1 at 2025-10-17 10:46:59 +0530
  
ActionController::RoutingError (No route matches [GET] "/.well-known/appspecific/com.chrome.devtools.json"):
  
Started GET "/assets/turbo.min-02fd5b81.js.map" for ::1 at 2025-10-17 10:46:59 +0530
Started GET "/assets/stimulus.min-2395e199.js.map" for ::1 at 2025-10-17 10:46:59 +0530
Started GET "/" for ::1 at 2025-11-18 20:26:27 +0530
  [1m[36mActiveRecord::SchemaMigration Load (4.6ms)[0m  [1m[34mSELECT "schema_migrations"."version" FROM "schema_migrations" ORDER BY "schema_migrations"."version" ASC /*application='UserManagement'*/[0m
Processing by UserController#index as HTML
  Rendering layout layouts/application.html.erb
  Rendering user/index.html.erb within layouts/application
  Rendered user/index.html.erb within layouts/application (Duration: 0.2ms | GC: 0.0ms)
  Rendered layout layouts/application.html.erb (Duration: 6.0ms | GC: 0.0ms)
Completed 200 OK in 75ms (Views: 7.7ms | ActiveRecord: 0.0ms (0 queries, 0 cached) | GC: 0.0ms)


Started GET "/assets/application-8b441ae0.css" for ::1 at 2025-11-18 20:26:28 +0530
Started GET "/assets/application-bfcdf840.js" for ::1 at 2025-11-18 20:26:28 +0530
Started GET "/assets/turbo.min-1262d735.js" for ::1 at 2025-11-18 20:26:28 +0530
Started GET "/assets/controllers/hello_controller-708796bd.js" for ::1 at 2025-11-18 20:26:28 +0530
Started GET "/assets/controllers/index-ee64e1f1.js" for ::1 at 2025-11-18 20:26:28 +0530
Started GET "/assets/stimulus.min-4b1e420e.js" for ::1 at 2025-11-18 20:26:28 +0530
Started GET "/assets/stimulus-loading-1fc53fe7.js" for ::1 at 2025-11-18 20:26:28 +0530
Started GET "/assets/controllers/application-3affb389.js" for ::1 at 2025-11-18 20:26:28 +0530
Started GET "/" for ::1 at 2025-11-18 20:28:14 +0530
Processing by UserController#index as HTML
  Rendering layout layouts/application.html.erb
  Rendering user/index.html.erb within layouts/application
  Rendered user/index.html.erb within layouts/application (Duration: 0.2ms | GC: 0.0ms)
  Rendered layout layouts/application.html.erb (Duration: 4.5ms | GC: 0.0ms)
Completed 200 OK in 37ms (Views: 5.7ms | ActiveRecord: 0.0ms (0 queries, 0 cached) | GC: 0.0ms)


Started GET "/.well-known/appspecific/com.chrome.devtools.json" for ::1 at 2025-11-18 20:28:22 +0530
  
ActionController::RoutingError (No route matches [GET] "/.well-known/appspecific/com.chrome.devtools.json"):
  
Started GET "/assets/turbo.min-02fd5b81.js.map" for ::1 at 2025-11-18 20:28:22 +0530
Started GET "/assets/stimulus.min-2395e199.js.map" for ::1 at 2025-11-18 20:28:22 +0530
Started GET "/" for ::1 at 2025-11-18 20:30:34 +0530
Processing by UserController#index as HTML
  Rendering layout layouts/application.html.erb
  Rendering user/index.html.erb within layouts/application
  Rendered user/index.html.erb within layouts/application (Duration: 0.4ms | GC: 0.2ms)
  Rendered layout layouts/application.html.erb (Duration: 3.3ms | GC: 1.9ms)
Completed 200 OK in 30ms (Views: 4.4ms | ActiveRecord: 0.0ms (0 queries, 0 cached) | GC: 2.8ms)


Started GET "/assets/application-bfcdf840.js" for ::1 at 2025-11-18 20:30:34 +0530
Started GET "/assets/turbo.min-1262d735.js" for ::1 at 2025-11-18 20:30:34 +0530
Started GET "/assets/controllers/index-ee64e1f1.js" for ::1 at 2025-11-18 20:30:34 +0530
Started GET "/.well-known/appspecific/com.chrome.devtools.json" for ::1 at 2025-11-18 20:30:34 +0530
Started GET "/assets/stimulus.min-4b1e420e.js" for ::1 at 2025-11-18 20:30:34 +0530
  
ActionController::RoutingError (No route matches [GET] "/.well-known/appspecific/com.chrome.devtools.json"):
  
Started GET "/assets/controllers/hello_controller-708796bd.js" for ::1 at 2025-11-18 20:30:34 +0530
Started GET "/assets/controllers/application-3affb389.js" for ::1 at 2025-11-18 20:30:35 +0530
Started GET "/assets/stimulus-loading-1fc53fe7.js" for ::1 at 2025-11-18 20:30:35 +0530
Started GET "/" for ::1 at 2025-11-18 20:31:48 +0530
Processing by UserController#index as HTML
  Rendering layout layouts/application.html.erb
  Rendering user/index.html.erb within layouts/application
  Rendered user/index.html.erb within layouts/application (Duration: 0.2ms | GC: 0.0ms)
  Rendered layout layouts/application.html.erb (Duration: 6.4ms | GC: 5.1ms)
Completed 200 OK in 35ms (Views: 7.2ms | ActiveRecord: 0.0ms (0 queries, 0 cached) | GC: 5.1ms)


Started GET "/assets/application-bfcdf840.js" for ::1 at 2025-11-18 20:31:48 +0530
Started GET "/assets/turbo.min-1262d735.js" for ::1 at 2025-11-18 20:31:48 +0530
Started GET "/assets/stimulus.min-4b1e420e.js" for ::1 at 2025-11-18 20:31:48 +0530
Started GET "/.well-known/appspecific/com.chrome.devtools.json" for ::1 at 2025-11-18 20:31:48 +0530
Started GET "/assets/controllers/index-ee64e1f1.js" for ::1 at 2025-11-18 20:31:48 +0530
  
ActionController::RoutingError (No route matches [GET] "/.well-known/appspecific/com.chrome.devtools.json"):
  
Started GET "/assets/controllers/application-3affb389.js" for ::1 at 2025-11-18 20:31:48 +0530
Started GET "/assets/stimulus-loading-1fc53fe7.js" for ::1 at 2025-11-18 20:31:48 +0530
Started GET "/assets/controllers/hello_controller-708796bd.js" for ::1 at 2025-11-18 20:31:48 +0530
Started GET "/" for ::1 at 2025-11-18 20:31:55 +0530
Processing by UserController#index as HTML
  Rendering layout layouts/application.html.erb
  Rendering user/index.html.erb within layouts/application
  Rendered user/index.html.erb within layouts/application (Duration: 0.2ms | GC: 0.0ms)
  Rendered layout layouts/application.html.erb (Duration: 4.4ms | GC: 3.1ms)
Completed 200 OK in 36ms (Views: 5.3ms | ActiveRecord: 0.0ms (0 queries, 0 cached) | GC: 3.1ms)


Started GET "/.well-known/appspecific/com.chrome.devtools.json" for ::1 at 2025-11-18 20:31:55 +0530
Started GET "/assets/application-bfcdf840.js" for ::1 at 2025-11-18 20:31:55 +0530
Started GET "/assets/stimulus-loading-1fc53fe7.js" for ::1 at 2025-11-18 20:31:55 +0530
  
ActionController::RoutingError (No route matches [GET] "/.well-known/appspecific/com.chrome.devtools.json"):
  
Started GET "/assets/controllers/application-3affb389.js" for ::1 at 2025-11-18 20:31:55 +0530
Started GET "/assets/controllers/index-ee64e1f1.js" for ::1 at 2025-11-18 20:31:55 +0530
Started GET "/assets/stimulus.min-4b1e420e.js" for ::1 at 2025-11-18 20:31:55 +0530
Started GET "/assets/turbo.min-1262d735.js" for ::1 at 2025-11-18 20:31:55 +0530
Started GET "/assets/controllers/hello_controller-708796bd.js" for ::1 at 2025-11-18 20:31:55 +0530
Started GET "/" for ::1 at 2025-11-18 20:32:09 +0530
Processing by UserController#index as HTML
  Rendering layout layouts/application.html.erb
  Rendering user/index.html.erb within layouts/application
  Rendered user/index.html.erb within layouts/application (Duration: 0.1ms | GC: 0.0ms)
  Rendered layout layouts/application.html.erb (Duration: 0.8ms | GC: 0.0ms)
Completed 200 OK in 57ms (Views: 1.1ms | ActiveRecord: 0.0ms (0 queries, 0 cached) | GC: 0.0ms)


Started GET "/.well-known/appspecific/com.chrome.devtools.json" for ::1 at 2025-11-18 20:32:09 +0530
  
ActionController::RoutingError (No route matches [GET] "/.well-known/appspecific/com.chrome.devtools.json"):
  
Started GET "/" for ::1 at 2025-11-18 20:33:02 +0530
Processing by UserController#index as HTML
  Rendering layout layouts/application.html.erb
  Rendering user/index.html.erb within layouts/application
  Rendered user/index.html.erb within layouts/application (Duration: 0.1ms | GC: 0.0ms)
  Rendered layout layouts/application.html.erb (Duration: 0.9ms | GC: 0.0ms)
Completed 200 OK in 53ms (Views: 1.3ms | ActiveRecord: 0.0ms (0 queries, 0 cached) | GC: 0.0ms)


Started GET "/.well-known/appspecific/com.chrome.devtools.json" for ::1 at 2025-11-18 20:33:02 +0530
  
ActionController::RoutingError (No route matches [GET] "/.well-known/appspecific/com.chrome.devtools.json"):
  
Started GET "/" for ::1 at 2025-11-18 20:33:07 +0530
Processing by UserController#index as HTML
  Rendering layout layouts/application.html.erb
  Rendering user/index.html.erb within layouts/application
  Rendered user/index.html.erb within layouts/application (Duration: 0.3ms | GC: 0.0ms)
  Rendered layout layouts/application.html.erb (Duration: 0.4ms | GC: 0.0ms)
Completed 500 Internal Server Error in 29ms (ActiveRecord: 0.0ms (0 queries, 0 cached) | GC: 0.0ms)


  
ActionView::Template::Error (undefined method 'ist' for an instance of Time)
Caused by: NoMethodError (undefined method 'ist' for an instance of Time)

Information for: ActionView::Template::Error (undefined method 'ist' for an instance of Time):
    10:     </style>
    11:   </head>
    12:   <body class="main-div">
    13:     <%= Time.now.ist %>
    14:   </body>
    15: </html>
  
app/views/user/index.html.erb:13

Information for cause: NoMethodError (undefined method 'ist' for an instance of Time):
  
app/views/user/index.html.erb:13
Started GET "/.well-known/appspecific/com.chrome.devtools.json" for ::1 at 2025-11-18 20:33:07 +0530
  
ActionController::RoutingError (No route matches [GET] "/.well-known/appspecific/com.chrome.devtools.json"):
  
Started GET "/favicon.ico" for ::1 at 2025-11-18 20:33:07 +0530
  
ActionController::RoutingError (No route matches [GET] "/favicon.ico"):
  
Started GET "/" for ::1 at 2025-11-18 20:33:38 +0530
Processing by UserController#index as HTML
  Rendering layout layouts/application.html.erb
  Rendering user/index.html.erb within layouts/application
  Rendered user/index.html.erb within layouts/application (Duration: 0.8ms | GC: 0.0ms)
  Rendered layout layouts/application.html.erb (Duration: 2.2ms | GC: 0.0ms)
Completed 200 OK in 31ms (Views: 3.4ms | ActiveRecord: 0.0ms (0 queries, 0 cached) | GC: 0.0ms)


Started GET "/assets/stimulus-loading-1fc53fe7.js" for ::1 at 2025-11-18 20:33:39 +0530
Started GET "/assets/controllers/application-3affb389.js" for ::1 at 2025-11-18 20:33:39 +0530
Started GET "/assets/application-bfcdf840.js" for ::1 at 2025-11-18 20:33:39 +0530
Started GET "/.well-known/appspecific/com.chrome.devtools.json" for ::1 at 2025-11-18 20:33:39 +0530
Started GET "/assets/controllers/index-ee64e1f1.js" for ::1 at 2025-11-18 20:33:39 +0530
  
ActionController::RoutingError (No route matches [GET] "/.well-known/appspecific/com.chrome.devtools.json"):
  
Started GET "/assets/turbo.min-1262d735.js" for ::1 at 2025-11-18 20:33:39 +0530
Started GET "/assets/stimulus.min-4b1e420e.js" for ::1 at 2025-11-18 20:33:39 +0530
Started GET "/assets/controllers/hello_controller-708796bd.js" for ::1 at 2025-11-18 20:33:39 +0530
Started GET "/" for ::1 at 2025-11-18 20:34:20 +0530
Processing by UserController#index as HTML
  Rendering layout layouts/application.html.erb
  Rendering user/index.html.erb within layouts/application
  Rendered user/index.html.erb within layouts/application (Duration: 0.3ms | GC: 0.0ms)
  Rendered layout layouts/application.html.erb (Duration: 1.9ms | GC: 0.0ms)
Completed 200 OK in 55ms (Views: 2.3ms | ActiveRecord: 0.0ms (0 queries, 0 cached) | GC: 0.0ms)


Started GET "/.well-known/appspecific/com.chrome.devtools.json" for ::1 at 2025-11-18 20:34:20 +0530
  
ActionController::RoutingError (No route matches [GET] "/.well-known/appspecific/com.chrome.devtools.json"):
  
Started GET "/" for ::1 at 2025-11-18 20:34:29 +0530
Processing by UserController#index as HTML
  Rendering layout layouts/application.html.erb
  Rendering user/index.html.erb within layouts/application
  Rendered user/index.html.erb within layouts/application (Duration: 0.2ms | GC: 0.0ms)
  Rendered layout layouts/application.html.erb (Duration: 1.7ms | GC: 0.4ms)
Completed 200 OK in 55ms (Views: 2.1ms | ActiveRecord: 0.0ms (0 queries, 0 cached) | GC: 0.4ms)


Started GET "/.well-known/appspecific/com.chrome.devtools.json" for ::1 at 2025-11-18 20:34:29 +0530
  
ActionController::RoutingError (No route matches [GET] "/.well-known/appspecific/com.chrome.devtools.json"):
  
Started GET "/" for ::1 at 2025-11-18 20:37:43 +0530
Processing by UserController#index as HTML
  Rendering layout layouts/application.html.erb
  Rendering user/index.html.erb within layouts/application
  Rendered user/index.html.erb within layouts/application (Duration: 0.4ms | GC: 0.0ms)
  Rendered layout layouts/application.html.erb (Duration: 1.9ms | GC: 0.0ms)
Completed 200 OK in 48ms (Views: 2.5ms | ActiveRecord: 0.0ms (0 queries, 0 cached) | GC: 0.0ms)


Started GET "/.well-known/appspecific/com.chrome.devtools.json" for ::1 at 2025-11-18 20:37:43 +0530
  
ActionController::RoutingError (No route matches [GET] "/.well-known/appspecific/com.chrome.devtools.json"):
  
Started GET "/" for ::1 at 2025-11-18 21:02:49 +0530
  [1m[36mActiveRecord::SchemaMigration Load (0.6ms)[0m  [1m[34mSELECT "schema_migrations"."version" FROM "schema_migrations" ORDER BY "schema_migrations"."version" ASC /*application='UserManagement'*/[0m
Processing by UserController#index as HTML
  Rendering layout layouts/application.html.erb
  Rendering user/index.html.erb within layouts/application
  Rendered user/index.html.erb within layouts/application (Duration: 0.6ms | GC: 0.0ms)
  Rendered layout layouts/application.html.erb (Duration: 8.1ms | GC: 0.0ms)
Completed 200 OK in 64ms (Views: 9.7ms | ActiveRecord: 0.0ms (0 queries, 0 cached) | GC: 0.0ms)


Started GET "/.well-known/appspecific/com.chrome.devtools.json" for ::1 at 2025-11-18 21:02:49 +0530
  
ActionController::RoutingError (No route matches [GET] "/.well-known/appspecific/com.chrome.devtools.json"):
  
